solid OpenSCAD_Model
  facet normal 0 0 -1
    outer loop
      vertex 1.8519497029047307 21.771638597533858 0
      vertex 0.8786796564403572 21.121320343559642 0
      vertex 1.5 21.598076211353316 0
    endloop
  endfacet
  facet normal 0 0 -1
    outer loop
      vertex 1.8519497029047307 21.771638597533858 0
      vertex 3 22 0
      vertex 0.8786796564403572 21.121320343559642 0
    endloop
  endfacet
  facet normal 0 0 -1
    outer loop
      vertex 1.5 21.598076211353316 0
      vertex 0.8786796564403572 21.121320343559642 0
      vertex 1.173715712973838 21.380060020873707 0
    endloop
  endfacet
  facet normal 0 0 -1
    outer loop
      vertex 1.8519497029047307 21.771638597533858 0
      vertex 2.223542864692438 21.897777478867205 0
      vertex 3 22 0
    endloop
  endfacet
  facet normal 0 0 -1
    outer loop
      vertex 2.223542864692438 21.897777478867205 0
      vertex 2.6084214233398453 21.97433458412143 0
      vertex 3 22 0
    endloop
  endfacet
  facet normal 0 0 -1
    outer loop
      vertex 0.8786796564403572 21.121320343559642 0
      vertex 0.22836140246614 20.14805029709527 0
      vertex 0.6199399791262943 20.826284287026162 0
    endloop
  endfacet
  facet normal 0 0 -1
    outer loop
      vertex 3 22 0
      vertex 0 19 0
      vertex 0.8786796564403572 21.121320343559642 0
    endloop
  endfacet
  facet normal 0 0 -1
    outer loop
      vertex 0.6199399791262943 20.826284287026162 0
      vertex 0.22836140246614 20.14805029709527 0
      vertex 0.401923788646684 20.5 0
    endloop
  endfacet
  facet normal 0 0 -1
    outer loop
      vertex 0.8786796564403572 21.121320343559642 0
      vertex 0 19 0
      vertex 0.22836140246614 20.14805029709527 0
    endloop
  endfacet
  facet normal 0 0 -1
    outer loop
      vertex 0.22836140246614 20.14805029709527 0
      vertex 0 19 0
      vertex 0.10222252113279495 19.776457135307563 0
    endloop
  endfacet
  facet normal 0 0 -1
    outer loop
      vertex 0.10222252113279495 19.776457135307563 0
      vertex 0 19 0
      vertex 0.025665415878568965 19.391578576660155 0
    endloop
  endfacet
  facet normal -0.32143946530316664 0.9469301294951039 0
    outer loop
      vertex 1.8519497029047307 21.771638597533858 0
      vertex 1.8519497029047307 21.771638597533858 17
      vertex 2.223542864692438 21.897777478867205 0
    endloop
  endfacet
  facet normal -0.44228869021899686 0.8968727415326905 0
    outer loop
      vertex 1.8519497029047307 21.771638597533858 0
      vertex 1.5 21.598076211353316 0
      vertex 1.8519497029047307 21.771638597533858 17
    endloop
  endfacet
  facet normal -0.5555702330196003 0.8314696123025466 0
    outer loop
      vertex 1.5 21.598076211353316 0
      vertex 1.173715712973838 21.380060020873707 0
      vertex 1.5 21.598076211353316 17
    endloop
  endfacet
  facet normal -0.19509032201612297 0.9807852804032315 0
    outer loop
      vertex 2.223542864692438 21.897777478867205 0
      vertex 2.223542864692438 21.897777478867205 17
      vertex 2.6084214233398453 21.97433458412143 0
    endloop
  endfacet
  facet normal -0.06540312923014809 0.9978589232386031 -8.19836581117515e-20
    outer loop
      vertex 2.6084214233398453 21.97433458412143 0
      vertex 3 22 17
      vertex 3 22 0
    endloop
  endfacet
  facet normal -0.6593458151000712 0.7518398074789754 -3.369218991746344e-20
    outer loop
      vertex 1.173715712973838 21.380060020873707 0
      vertex 0.8786796564403572 21.121320343559642 0
      vertex 0.8786796564403572 21.121320343559642 17
    endloop
  endfacet
  facet normal -0.7518398074789764 0.65934581510007 0
    outer loop
      vertex 0.8786796564403572 21.121320343559642 0
      vertex 0.6199399791262943 20.826284287026162 0
      vertex 0.8786796564403572 21.121320343559642 17
    endloop
  endfacet
  facet normal -0.8314696123025457 0.5555702330196017 0
    outer loop
      vertex 0.6199399791262943 20.826284287026162 0
      vertex 0.401923788646684 20.5 0
      vertex 0.6199399791262943 20.826284287026162 17
    endloop
  endfacet
  facet normal 0 1 0
    outer loop
      vertex 3 22 0
      vertex 4.5 22 8
      vertex 16 22 8
    endloop
  endfacet
  facet normal -0.8968727415326879 0.44228869021900186 -1.1372653604984606e-19
    outer loop
      vertex 0.401923788646684 20.5 0
      vertex 0.22836140246614 20.14805029709527 0
      vertex 0.22836140246614 20.14805029709527 17
    endloop
  endfacet
  facet normal -0.9469301294951054 0.32143946530316225 0
    outer loop
      vertex 0.22836140246614 20.14805029709527 0
      vertex 0.10222252113279495 19.776457135307563 0
      vertex 0.22836140246614 20.14805029709527 17
    endloop
  endfacet
  facet normal -0.9807852804032307 0.1950903220161271 0
    outer loop
      vertex 0.10222252113279495 19.776457135307563 0
      vertex 0.025665415878568965 19.391578576660155 0
      vertex 0.10222252113279495 19.776457135307563 17
    endloop
  endfacet
  facet normal 0 1 0
    outer loop
      vertex 3 22 0
      vertex 4.5 22 17
      vertex 4.5 22 8
    endloop
  endfacet
  facet normal -0.9978589232386035 0.0654031292301435 7.244686964819452e-20
    outer loop
      vertex 0.025665415878568965 19.391578576660155 0
      vertex 0 19 0
      vertex 0 19 17
    endloop
  endfacet
  facet normal 0 0 -1
    outer loop
      vertex 3 22 0
      vertex 129 19 0
      vertex 0 19 0
    endloop
  endfacet
  facet normal 0 1 0
    outer loop
      vertex 3 22 0
      vertex 16 22 8
      vertex 126 22 17
    endloop
  endfacet
  facet normal 0 0 -1
    outer loop
      vertex 0 19 0
      vertex 129 19 0
      vertex 3 0 0
    endloop
  endfacet
  facet normal -0.44228869021899686 0.8968727415326905 0
    outer loop
      vertex 1.5 21.598076211353316 0
      vertex 1.5 21.598076211353316 17
      vertex 1.8519497029047307 21.771638597533858 17
    endloop
  endfacet
  facet normal -0.5555702330196003 0.8314696123025466 0
    outer loop
      vertex 1.173715712973838 21.380060020873707 0
      vertex 1.173715712973838 21.380060020873707 17
      vertex 1.5 21.598076211353316 17
    endloop
  endfacet
  facet normal -0.19509032201612297 0.9807852804032315 0
    outer loop
      vertex 2.6084214233398453 21.97433458412143 0
      vertex 2.223542864692438 21.897777478867205 17
      vertex 2.6084214233398453 21.97433458412143 17
    endloop
  endfacet
  facet normal -0.32143946530316664 0.9469301294951039 0
    outer loop
      vertex 2.223542864692438 21.897777478867205 0
      vertex 1.8519497029047307 21.771638597533858 17
      vertex 2.223542864692438 21.897777478867205 17
    endloop
  endfacet
  facet normal -0.06540312923014809 0.9978589232386031 0
    outer loop
      vertex 2.6084214233398453 21.97433458412143 0
      vertex 2.6084214233398453 21.97433458412143 17
      vertex 3 22 17
    endloop
  endfacet
  facet normal 0 1 0
    outer loop
      vertex 3 22 0
      vertex 3 22 17
      vertex 4.5 22 17
    endloop
  endfacet
  facet normal -0.6593458151000712 0.7518398074789754 0
    outer loop
      vertex 1.173715712973838 21.380060020873707 0
      vertex 0.8786796564403572 21.121320343559642 17
      vertex 1.173715712973838 21.380060020873707 17
    endloop
  endfacet
  facet normal -0.7518398074789764 0.65934581510007 0
    outer loop
      vertex 0.6199399791262943 20.826284287026162 0
      vertex 0.6199399791262943 20.826284287026162 17
      vertex 0.8786796564403572 21.121320343559642 17
    endloop
  endfacet
  facet normal -0.8314696123025457 0.5555702330196017 0
    outer loop
      vertex 0.401923788646684 20.5 0
      vertex 0.401923788646684 20.5 17
      vertex 0.6199399791262943 20.826284287026162 17
    endloop
  endfacet
  facet normal -0.8968727415326879 0.44228869021900186 0
    outer loop
      vertex 0.401923788646684 20.5 0
      vertex 0.22836140246614 20.14805029709527 17
      vertex 0.401923788646684 20.5 17
    endloop
  endfacet
  facet normal -0.9469301294951054 0.32143946530316225 0
    outer loop
      vertex 0.10222252113279495 19.776457135307563 0
      vertex 0.10222252113279495 19.776457135307563 17
      vertex 0.22836140246614 20.14805029709527 17
    endloop
  endfacet
  facet normal -0.9807852804032307 0.1950903220161271 0
    outer loop
      vertex 0.025665415878568965 19.391578576660155 0
      vertex 0.025665415878568965 19.391578576660155 17
      vertex 0.10222252113279495 19.776457135307563 17
    endloop
  endfacet
  facet normal -0.9978589232386035 0.0654031292301435 0
    outer loop
      vertex 0.025665415878568965 19.391578576660155 0
      vertex 0 19 17
      vertex 0.025665415878568965 19.391578576660155 17
    endloop
  endfacet
  facet normal 0 0 1
    outer loop
      vertex 1.8519497029047307 21.771638597533858 17
      vertex 1.5 21.598076211353316 17
      vertex 0.8786796564403572 21.121320343559642 17
    endloop
  endfacet
  facet normal 0 0 1
    outer loop
      vertex 1.8519497029047307 21.771638597533858 17
      vertex 0.8786796564403572 21.121320343559642 17
      vertex 3 22 17
    endloop
  endfacet
  facet normal 0 0 1
    outer loop
      vertex 1.5 21.598076211353316 17
      vertex 1.173715712973838 21.380060020873707 17
      vertex 0.8786796564403572 21.121320343559642 17
    endloop
  endfacet
  facet normal 0 0 1
    outer loop
      vertex 1.8519497029047307 21.771638597533858 17
      vertex 3 22 17
      vertex 2.223542864692438 21.897777478867205 17
    endloop
  endfacet
  facet normal 0 0 1
    outer loop
      vertex 2.223542864692438 21.897777478867205 17
      vertex 3 22 17
      vertex 2.6084214233398453 21.97433458412143 17
    endloop
  endfacet
  facet normal 0 0 1
    outer loop
      vertex 3 22 17
      vertex 4.5 20.75 17
      vertex 4.5 22 17
    endloop
  endfacet
  facet normal 0 0 1
    outer loop
      vertex 0.8786796564403572 21.121320343559642 17
      vertex 0.6199399791262943 20.826284287026162 17
      vertex 0.22836140246614 20.14805029709527 17
    endloop
  endfacet
  facet normal 0 0 1
    outer loop
      vertex 3 22 17
      vertex 0.8786796564403572 21.121320343559642 17
      vertex 0 19 17
    endloop
  endfacet
  facet normal 0 0 1
    outer loop
      vertex 3 22 17
      vertex 1.9911809548974793 20.71592582628907 17
      vertex 2.1194738077799484 20.74144486137381 17
    endloop
  endfacet
  facet normal 0 0 1
    outer loop
      vertex 3 22 17
      vertex 2.1194738077799484 20.74144486137381 17
      vertex 2.25 20.75 17
    endloop
  endfacet
  facet normal 0 0 1
    outer loop
      vertex 3 22 17
      vertex 1.75 20.616025403784437 17
      vertex 1.8673165676349102 20.673879532511286 17
    endloop
  endfacet
  facet normal 0 0 1
    outer loop
      vertex 3 22 17
      vertex 1.8673165676349102 20.673879532511286 17
      vertex 1.9911809548974793 20.71592582628907 17
    endloop
  endfacet
  facet normal 0 0 1
    outer loop
      vertex 3 22 17
      vertex 1.6412385709912793 20.543353340291237 17
      vertex 1.75 20.616025403784437 17
    endloop
  endfacet
  facet normal 0 0 1
    outer loop
      vertex 3 22 17
      vertex 1.5428932188134525 20.457106781186546 17
      vertex 1.6412385709912793 20.543353340291237 17
    endloop
  endfacet
  facet normal 0 0 1
    outer loop
      vertex 3 22 17
      vertex 2.25 20.75 17
      vertex 4.5 20.75 17
    endloop
  endfacet
  facet normal 0 0 1
    outer loop
      vertex 0.6199399791262943 20.826284287026162 17
      vertex 0.401923788646684 20.5 17
      vertex 0.22836140246614 20.14805029709527 17
    endloop
  endfacet
  facet normal 0 0 1
    outer loop
      vertex 3 22 17
      vertex 0 19 17
      vertex 1.5428932188134525 20.457106781186546 17
    endloop
  endfacet
  facet normal 0 0 1
    outer loop
      vertex 0.8786796564403572 21.121320343559642 17
      vertex 0.22836140246614 20.14805029709527 17
      vertex 0 19 17
    endloop
  endfacet
  facet normal 0 0 1
    outer loop
      vertex 1.5428932188134525 20.457106781186546 17
      vertex 0 19 17
      vertex 1.4566466597087648 20.35876142900872 17
    endloop
  endfacet
  facet normal 0 0 1
    outer loop
      vertex 1.4566466597087648 20.35876142900872 17
      vertex 0 19 17
      vertex 1.3839745962155614 20.25 17
    endloop
  endfacet
  facet normal 0 0 1
    outer loop
      vertex 1.3839745962155614 20.25 17
      vertex 0 19 17
      vertex 1.3261204674887133 20.13268343236509 17
    endloop
  endfacet
  facet normal 0 0 1
    outer loop
      vertex 0.22836140246614 20.14805029709527 17
      vertex 0.10222252113279495 19.776457135307563 17
      vertex 0 19 17
    endloop
  endfacet
  facet normal 0 0 1
    outer loop
      vertex 1.3261204674887133 20.13268343236509 17
      vertex 0 19 17
      vertex 1.2840741737109318 20.00881904510252 17
    endloop
  endfacet
  facet normal 0 0 1
    outer loop
      vertex 1.2840741737109318 20.00881904510252 17
      vertex 0 19 17
      vertex 1.2585551386261895 19.880526192220053 17
    endloop
  endfacet
  facet normal 0 0 1
    outer loop
      vertex 1.2585551386261895 19.880526192220053 17
      vertex 0 19 17
      vertex 1.25 19.75 17
    endloop
  endfacet
  facet normal 0 0 1
    outer loop
      vertex 0.10222252113279495 19.776457135307563 17
      vertex 0.025665415878568965 19.391578576660155 17
      vertex 0 19 17
    endloop
  endfacet
  facet normal 0 0 1
    outer loop
      vertex 16 22 17
      vertex 16 20.75 17
      vertex 23.5625 20.75 17
    endloop
  endfacet
  facet normal -1 0 0
    outer loop
      vertex 0 19 0
      vertex 0 3 17
      vertex 0 19 17
    endloop
  endfacet
  facet normal 0 0 1
    outer loop
      vertex 1.25 19.75 17
      vertex 0 19 17
      vertex 1.25 2.25 17
    endloop
  endfacet
  facet normal 0 1 0
    outer loop
      vertex 16 22 8
      vertex 16 22 17
      vertex 126 22 17
    endloop
  endfacet
  facet normal 0 0 1
    outer loop
      vertex 16 22 17
      vertex 23.5625 20.75 17
      vertex 126 22 17
    endloop
  endfacet
  facet normal 0 0 -1
    outer loop
      vertex 0 19 0
      vertex 0.025665415878568965 2.608421423339845 0
      vertex 0 3 0
    endloop
  endfacet
  facet normal 0 0 -1
    outer loop
      vertex 0 19 0
      vertex 3 0 0
      vertex 0.025665415878568965 2.608421423339845 0
    endloop
  endfacet
  facet normal -1 0 0
    outer loop
      vertex 0 19 0
      vertex 0 3 0
      vertex 0 3 17
    endloop
  endfacet
  facet normal 0 0 -1
    outer loop
      vertex 0.025665415878568965 2.608421423339845 0
      vertex 0.22836140246614 1.8519497029047294 0
      vertex 0.10222252113279495 2.223542864692437 0
    endloop
  endfacet
  facet normal 0 0 -1
    outer loop
      vertex 0.025665415878568965 2.608421423339845 0
      vertex 0.8786796564403572 0.8786796564403581 0
      vertex 0.22836140246614 1.8519497029047294 0
    endloop
  endfacet
  facet normal 0 0 -1
    outer loop
      vertex 0.22836140246614 1.8519497029047294 0
      vertex 0.8786796564403572 0.8786796564403581 0
      vertex 0.401923788646684 1.5 0
    endloop
  endfacet
  facet normal 0 0 -1
    outer loop
      vertex 0.401923788646684 1.5 0
      vertex 0.8786796564403572 0.8786796564403581 0
      vertex 0.6199399791262943 1.1737157129738378 0
    endloop
  endfacet
  facet normal 0 0 -1
    outer loop
      vertex 0.025665415878568965 2.608421423339845 0
      vertex 3 0 0
      vertex 0.8786796564403572 0.8786796564403581 0
    endloop
  endfacet
  facet normal 0 0 -1
    outer loop
      vertex 0.8786796564403572 0.8786796564403581 0
      vertex 1.8519497029047307 0.22836140246614178 0
      vertex 1.173715712973838 0.6199399791262934 0
    endloop
  endfacet
  facet normal 0 0 -1
    outer loop
      vertex 1.173715712973838 0.6199399791262934 0
      vertex 1.8519497029047307 0.22836140246614178 0
      vertex 1.5 0.401923788646684 0
    endloop
  endfacet
  facet normal 0 0 -1
    outer loop
      vertex 0.8786796564403572 0.8786796564403581 0
      vertex 3 0 0
      vertex 1.8519497029047307 0.22836140246614178 0
    endloop
  endfacet
  facet normal 0 0 -1
    outer loop
      vertex 1.8519497029047307 0.22836140246614178 0
      vertex 3 0 0
      vertex 2.223542864692438 0.10222252113279495 0
    endloop
  endfacet
  facet normal 0 0 -1
    outer loop
      vertex 2.223542864692438 0.10222252113279495 0
      vertex 3 0 0
      vertex 2.6084214233398453 0.02566541587857074 0
    endloop
  endfacet
  facet normal -0.9978589232386035 -0.0654031292301435 0
    outer loop
      vertex 0 3 0
      vertex 0.025665415878568965 2.608421423339845 0
      vertex 0 3 17
    endloop
  endfacet
  facet normal -0.9807852804032307 -0.1950903220161271 3.5839987067250006e-21
    outer loop
      vertex 0.025665415878568965 2.608421423339845 0
      vertex 0.10222252113279495 2.223542864692437 0
      vertex 0.10222252113279495 2.223542864692437 17
    endloop
  endfacet
  facet normal -0.9469301294951054 -0.32143946530316225 0
    outer loop
      vertex 0.10222252113279495 2.223542864692437 0
      vertex 0.22836140246614 1.8519497029047294 0
      vertex 0.10222252113279495 2.223542864692437 17
    endloop
  endfacet
  facet normal -0.8968727415326879 -0.44228869021900186 0
    outer loop
      vertex 0.22836140246614 1.8519497029047294 0
      vertex 0.401923788646684 1.5 0
      vertex 0.22836140246614 1.8519497029047294 17
    endloop
  endfacet
  facet normal -0.8314696123025457 -0.5555702330196017 -2.5002990797788946e-19
    outer loop
      vertex 0.401923788646684 1.5 0
      vertex 0.6199399791262943 1.1737157129738378 0
      vertex 0.6199399791262943 1.1737157129738378 17
    endloop
  endfacet
  facet normal -0.7518398074789764 -0.65934581510007 0
    outer loop
      vertex 0.6199399791262943 1.1737157129738378 0
      vertex 0.8786796564403572 0.8786796564403581 0
      vertex 0.6199399791262943 1.1737157129738378 17
    endloop
  endfacet
  facet normal -0.6593458151000712 -0.7518398074789754 3.369218991746344e-20
    outer loop
      vertex 0.8786796564403572 0.8786796564403581 0
      vertex 1.173715712973838 0.6199399791262934 0
      vertex 1.173715712973838 0.6199399791262934 17
    endloop
  endfacet
  facet normal -0.5555702330196003 -0.8314696123025466 5.20616482647784e-19
    outer loop
      vertex 1.173715712973838 0.6199399791262934 0
      vertex 1.5 0.401923788646684 0
      vertex 1.5 0.401923788646684 17
    endloop
  endfacet
  facet normal -0.44228869021899686 -0.8968727415326905 0
    outer loop
      vertex 1.5 0.401923788646684 0
      vertex 1.8519497029047307 0.22836140246614178 0
      vertex 1.5 0.401923788646684 17
    endloop
  endfacet
  facet normal -0.32143946530316664 -0.9469301294951039 0
    outer loop
      vertex 1.8519497029047307 0.22836140246614178 0
      vertex 2.223542864692438 0.10222252113279495 0
      vertex 1.8519497029047307 0.22836140246614178 17
    endloop
  endfacet
  facet normal -0.19509032201612297 -0.9807852804032315 -7.071757923308868e-20
    outer loop
      vertex 2.223542864692438 0.10222252113279495 0
      vertex 2.6084214233398453 0.02566541587857074 0
      vertex 2.6084214233398453 0.02566541587857074 17
    endloop
  endfacet
  facet normal -0.06540312923014809 -0.9978589232386031 0
    outer loop
      vertex 2.6084214233398453 0.02566541587857074 0
      vertex 3 0 0
      vertex 2.6084214233398453 0.02566541587857074 17
    endloop
  endfacet
  facet normal 0 -1 0
    outer loop
      vertex 3 0 0
      vertex 126 0 0
      vertex 3 0 17
    endloop
  endfacet
  facet normal 0 0 1
    outer loop
      vertex 0 19 17
      vertex 0 3 17
      vertex 0.025665415878568965 2.608421423339845 17
    endloop
  endfacet
  facet normal 0 0 1
    outer loop
      vertex 0 19 17
      vertex 0.025665415878568965 2.608421423339845 17
      vertex 1.25 2.25 17
    endloop
  endfacet
  facet normal -0.9978589232386035 -0.0654031292301435 0
    outer loop
      vertex 0.025665415878568965 2.608421423339845 0
      vertex 0.025665415878568965 2.608421423339845 17
      vertex 0 3 17
    endloop
  endfacet
  facet normal -0.9807852804032307 -0.1950903220161271 0
    outer loop
      vertex 0.025665415878568965 2.608421423339845 0
      vertex 0.10222252113279495 2.223542864692437 17
      vertex 0.025665415878568965 2.608421423339845 17
    endloop
  endfacet
  facet normal -0.9469301294951054 -0.32143946530316225 0
    outer loop
      vertex 0.22836140246614 1.8519497029047294 0
      vertex 0.22836140246614 1.8519497029047294 17
      vertex 0.10222252113279495 2.223542864692437 17
    endloop
  endfacet
  facet normal -0.8968727415326879 -0.44228869021900186 0
    outer loop
      vertex 0.401923788646684 1.5 0
      vertex 0.401923788646684 1.5 17
      vertex 0.22836140246614 1.8519497029047294 17
    endloop
  endfacet
  facet normal -0.8314696123025457 -0.5555702330196017 0
    outer loop
      vertex 0.401923788646684 1.5 0
      vertex 0.6199399791262943 1.1737157129738378 17
      vertex 0.401923788646684 1.5 17
    endloop
  endfacet
  facet normal -0.7518398074789764 -0.65934581510007 0
    outer loop
      vertex 0.8786796564403572 0.8786796564403581 0
      vertex 0.8786796564403572 0.8786796564403581 17
      vertex 0.6199399791262943 1.1737157129738378 17
    endloop
  endfacet
  facet normal -0.6593458151000712 -0.7518398074789754 0
    outer loop
      vertex 0.8786796564403572 0.8786796564403581 0
      vertex 1.173715712973838 0.6199399791262934 17
      vertex 0.8786796564403572 0.8786796564403581 17
    endloop
  endfacet
  facet normal -0.5555702330196003 -0.8314696123025466 0
    outer loop
      vertex 1.173715712973838 0.6199399791262934 0
      vertex 1.5 0.401923788646684 17
      vertex 1.173715712973838 0.6199399791262934 17
    endloop
  endfacet
  facet normal -0.44228869021899686 -0.8968727415326905 0
    outer loop
      vertex 1.8519497029047307 0.22836140246614178 0
      vertex 1.8519497029047307 0.22836140246614178 17
      vertex 1.5 0.401923788646684 17
    endloop
  endfacet
  facet normal -0.32143946530316664 -0.9469301294951039 0
    outer loop
      vertex 2.223542864692438 0.10222252113279495 0
      vertex 2.223542864692438 0.10222252113279495 17
      vertex 1.8519497029047307 0.22836140246614178 17
    endloop
  endfacet
  facet normal -0.19509032201612297 -0.9807852804032315 0
    outer loop
      vertex 2.223542864692438 0.10222252113279495 0
      vertex 2.6084214233398453 0.02566541587857074 17
      vertex 2.223542864692438 0.10222252113279495 17
    endloop
  endfacet
  facet normal -0.06540312923014809 -0.9978589232386031 0
    outer loop
      vertex 3 0 0
      vertex 3 0 17
      vertex 2.6084214233398453 0.02566541587857074 17
    endloop
  endfacet
  facet normal 0 0 1
    outer loop
      vertex 0.025665415878568965 2.608421423339845 17
      vertex 1.2585551386261895 2.119473807779947 17
      vertex 1.25 2.25 17
    endloop
  endfacet
  facet normal 0 0 1
    outer loop
      vertex 0.025665415878568965 2.608421423339845 17
      vertex 1.2840741737109318 1.9911809548974801 17
      vertex 1.2585551386261895 2.119473807779947 17
    endloop
  endfacet
  facet normal 0 0 1
    outer loop
      vertex 0.025665415878568965 2.608421423339845 17
      vertex 0.10222252113279495 2.223542864692437 17
      vertex 0.22836140246614 1.8519497029047294 17
    endloop
  endfacet
  facet normal 0 0 1
    outer loop
      vertex 0.025665415878568965 2.608421423339845 17
      vertex 1.3261204674887133 1.8673165676349086 17
      vertex 1.2840741737109318 1.9911809548974801 17
    endloop
  endfacet
  facet normal 0 0 1
    outer loop
      vertex 0.025665415878568965 2.608421423339845 17
      vertex 1.3839745962155614 1.75 17
      vertex 1.3261204674887133 1.8673165676349086 17
    endloop
  endfacet
  facet normal 0 0 1
    outer loop
      vertex 0.025665415878568965 2.608421423339845 17
      vertex 1.4566466597087648 1.6412385709912805 17
      vertex 1.3839745962155614 1.75 17
    endloop
  endfacet
  facet normal 0 0 1
    outer loop
      vertex 0.025665415878568965 2.608421423339845 17
      vertex 0.22836140246614 1.8519497029047294 17
      vertex 0.8786796564403572 0.8786796564403581 17
    endloop
  endfacet
  facet normal 0 0 1
    outer loop
      vertex 0.025665415878568965 2.608421423339845 17
      vertex 1.5428932188134525 1.5428932188134539 17
      vertex 1.4566466597087648 1.6412385709912805 17
    endloop
  endfacet
  facet normal 0 0 1
    outer loop
      vertex 0.22836140246614 1.8519497029047294 17
      vertex 0.401923788646684 1.5 17
      vertex 0.6199399791262943 1.1737157129738378 17
    endloop
  endfacet
  facet normal 0 0 1
    outer loop
      vertex 0.025665415878568965 2.608421423339845 17
      vertex 3 0 17
      vertex 1.5428932188134525 1.5428932188134539 17
    endloop
  endfacet
  facet normal 0 0 1
    outer loop
      vertex 0.22836140246614 1.8519497029047294 17
      vertex 0.6199399791262943 1.1737157129738378 17
      vertex 0.8786796564403572 0.8786796564403581 17
    endloop
  endfacet
  facet normal 0 0 1
    outer loop
      vertex 0.025665415878568965 2.608421423339845 17
      vertex 0.8786796564403572 0.8786796564403581 17
      vertex 3 0 17
    endloop
  endfacet
  facet normal 0 0 1
    outer loop
      vertex 1.5428932188134525 1.5428932188134539 17
      vertex 3 0 17
      vertex 1.6412385709912793 1.4566466597087633 17
    endloop
  endfacet
  facet normal 0 0 1
    outer loop
      vertex 1.6412385709912793 1.4566466597087633 17
      vertex 3 0 17
      vertex 1.75 1.3839745962155625 17
    endloop
  endfacet
  facet normal 0 0 1
    outer loop
      vertex 1.75 1.3839745962155625 17
      vertex 3 0 17
      vertex 1.8673165676349102 1.326120467488714 17
    endloop
  endfacet
  facet normal 0 0 1
    outer loop
      vertex 1.8673165676349102 1.326120467488714 17
      vertex 3 0 17
      vertex 1.9911809548974793 1.2840741737109305 17
    endloop
  endfacet
  facet normal 0 0 1
    outer loop
      vertex 1.9911809548974793 1.2840741737109305 17
      vertex 3 0 17
      vertex 2.1194738077799484 1.258555138626189 17
    endloop
  endfacet
  facet normal 0 0 1
    outer loop
      vertex 2.1194738077799484 1.258555138626189 17
      vertex 3 0 17
      vertex 2.25 1.25 17
    endloop
  endfacet
  facet normal 0 0 1
    outer loop
      vertex 0.8786796564403572 0.8786796564403581 17
      vertex 1.173715712973838 0.6199399791262934 17
      vertex 1.8519497029047307 0.22836140246614178 17
    endloop
  endfacet
  facet normal 0 0 1
    outer loop
      vertex 1.173715712973838 0.6199399791262934 17
      vertex 1.5 0.401923788646684 17
      vertex 1.8519497029047307 0.22836140246614178 17
    endloop
  endfacet
  facet normal 0 0 1
    outer loop
      vertex 0.8786796564403572 0.8786796564403581 17
      vertex 1.8519497029047307 0.22836140246614178 17
      vertex 3 0 17
    endloop
  endfacet
  facet normal 0 0 1
    outer loop
      vertex 1.8519497029047307 0.22836140246614178 17
      vertex 2.223542864692438 0.10222252113279495 17
      vertex 3 0 17
    endloop
  endfacet
  facet normal 0 0 1
    outer loop
      vertex 2.223542864692438 0.10222252113279495 17
      vertex 2.6084214233398453 0.02566541587857074 17
      vertex 3 0 17
    endloop
  endfacet
  facet normal 0 0 1
    outer loop
      vertex 2.25 1.25 17
      vertex 3 0 17
      vertex 126.39157857666015 0.02566541587857074 17
    endloop
  endfacet
  facet normal 0 0 -1
    outer loop
      vertex 3 22 0
      vertex 126 22 0
      vertex 129 19 0
    endloop
  endfacet
  facet normal 0 1 0
    outer loop
      vertex 3 22 0
      vertex 126 22 17
      vertex 126 22 0
    endloop
  endfacet
  facet normal 0 0 -1
    outer loop
      vertex 126 22 0
      vertex 126.39157857666015 21.97433458412143 0
      vertex 126.77645713530757 21.897777478867205 0
    endloop
  endfacet
  facet normal 0 0 -1
    outer loop
      vertex 126 22 0
      vertex 126.77645713530757 21.897777478867205 0
      vertex 127.14805029709527 21.771638597533858 0
    endloop
  endfacet
  facet normal 0 0 -1
    outer loop
      vertex 126 22 0
      vertex 127.14805029709527 21.771638597533858 0
      vertex 128.12132034355963 21.121320343559642 0
    endloop
  endfacet
  facet normal 0 0 -1
    outer loop
      vertex 127.14805029709527 21.771638597533858 0
      vertex 127.5 21.598076211353316 0
      vertex 127.82628428702616 21.380060020873707 0
    endloop
  endfacet
  facet normal 0 0 -1
    outer loop
      vertex 127.14805029709527 21.771638597533858 0
      vertex 127.82628428702616 21.380060020873707 0
      vertex 128.12132034355963 21.121320343559642 0
    endloop
  endfacet
  facet normal 0 0 -1
    outer loop
      vertex 126 22 0
      vertex 128.12132034355963 21.121320343559642 0
      vertex 129 19 0
    endloop
  endfacet
  facet normal 0 0 -1
    outer loop
      vertex 128.12132034355963 21.121320343559642 0
      vertex 128.3800600208737 20.826284287026162 0
      vertex 128.77163859753387 20.14805029709527 0
    endloop
  endfacet
  facet normal 0 0 -1
    outer loop
      vertex 128.3800600208737 20.826284287026162 0
      vertex 128.59807621135332 20.5 0
      vertex 128.77163859753387 20.14805029709527 0
    endloop
  endfacet
  facet normal 0 0 -1
    outer loop
      vertex 128.12132034355963 21.121320343559642 0
      vertex 128.77163859753387 20.14805029709527 0
      vertex 129 19 0
    endloop
  endfacet
  facet normal 0 0 -1
    outer loop
      vertex 128.77163859753387 20.14805029709527 0
      vertex 128.8977774788672 19.776457135307563 0
      vertex 129 19 0
    endloop
  endfacet
  facet normal 0 0 -1
    outer loop
      vertex 128.8977774788672 19.776457135307563 0
      vertex 128.97433458412144 19.391578576660155 0
      vertex 129 19 0
    endloop
  endfacet
  facet normal 0.0654031292301486 0.9978589232386031 8.001396027521833e-20
    outer loop
      vertex 126 22 0
      vertex 126.39157857666015 21.97433458412143 17
      vertex 126.39157857666015 21.97433458412143 0
    endloop
  endfacet
  facet normal 0.19509032201611928 0.9807852804032322 0
    outer loop
      vertex 126.39157857666015 21.97433458412143 0
      vertex 126.39157857666015 21.97433458412143 17
      vertex 126.77645713530757 21.897777478867205 0
    endloop
  endfacet
  facet normal 0.3214394653031718 0.9469301294951021 4.499713559028505e-19
    outer loop
      vertex 126.77645713530757 21.897777478867205 0
      vertex 127.14805029709527 21.771638597533858 17
      vertex 127.14805029709527 21.771638597533858 0
    endloop
  endfacet
  facet normal 0.4422886902189947 0.8968727415326917 3.583488284321193e-19
    outer loop
      vertex 127.14805029709527 21.771638597533858 0
      vertex 127.5 21.598076211353316 17
      vertex 127.5 21.598076211353316 0
    endloop
  endfacet
  facet normal 0.5555702330196085 0.8314696123025411 0
    outer loop
      vertex 127.5 21.598076211353316 0
      vertex 127.5 21.598076211353316 17
      vertex 127.82628428702616 21.380060020873707 0
    endloop
  endfacet
  facet normal 0.6593458151000771 0.7518398074789703 -9.833982384727776e-20
    outer loop
      vertex 127.82628428702616 21.380060020873707 0
      vertex 128.12132034355963 21.121320343559642 17
      vertex 128.12132034355963 21.121320343559642 0
    endloop
  endfacet
  facet normal 0.7518398074789517 0.6593458151000982 1.439923627438138e-19
    outer loop
      vertex 128.12132034355963 21.121320343559642 0
      vertex 128.3800600208737 20.826284287026162 17
      vertex 128.3800600208737 20.826284287026162 0
    endloop
  endfacet
  facet normal 0.831469612302555 0.5555702330195875 -3.753681055820592e-19
    outer loop
      vertex 128.3800600208737 20.826284287026162 0
      vertex 128.59807621135332 20.5 17
      vertex 128.59807621135332 20.5 0
    endloop
  endfacet
  facet normal 0.8968727415326826 0.4422886902190128 0
    outer loop
      vertex 128.59807621135332 20.5 0
      vertex 128.59807621135332 20.5 17
      vertex 128.77163859753387 20.14805029709527 0
    endloop
  endfacet
  facet normal 0.9469301294951151 0.3214394653031339 3.0079545336217375e-19
    outer loop
      vertex 128.77163859753387 20.14805029709527 0
      vertex 128.8977774788672 19.776457135307563 17
      vertex 128.8977774788672 19.776457135307563 0
    endloop
  endfacet
  facet normal 0.9807852804032247 0.19509032201615759 -2.0691639269689415e-19
    outer loop
      vertex 128.8977774788672 19.776457135307563 0
      vertex 128.97433458412144 19.391578576660155 17
      vertex 128.97433458412144 19.391578576660155 0
    endloop
  endfacet
  facet normal 0.9978589232386044 0.06540312923012999 0
    outer loop
      vertex 128.97433458412144 19.391578576660155 0
      vertex 128.97433458412144 19.391578576660155 17
      vertex 129 19 0
    endloop
  endfacet
  facet normal 1 0 0
    outer loop
      vertex 129 19 0
      vertex 129 19 17
      vertex 129 3 0
    endloop
  endfacet
  facet normal 0 0 1
    outer loop
      vertex 23.5625 20.75 17
      vertex 126.75 20.75 17
      vertex 126 22 17
    endloop
  endfacet
  facet normal 0.0654031292301486 0.9978589232386031 0
    outer loop
      vertex 126 22 0
      vertex 126 22 17
      vertex 126.39157857666015 21.97433458412143 17
    endloop
  endfacet
  facet normal 0.19509032201611928 0.9807852804032322 0
    outer loop
      vertex 126.77645713530757 21.897777478867205 0
      vertex 126.39157857666015 21.97433458412143 17
      vertex 126.77645713530757 21.897777478867205 17
    endloop
  endfacet
  facet normal 0.3214394653031718 0.9469301294951021 0
    outer loop
      vertex 126.77645713530757 21.897777478867205 0
      vertex 126.77645713530757 21.897777478867205 17
      vertex 127.14805029709527 21.771638597533858 17
    endloop
  endfacet
  facet normal 0.4422886902189947 0.8968727415326917 0
    outer loop
      vertex 127.14805029709527 21.771638597533858 0
      vertex 127.14805029709527 21.771638597533858 17
      vertex 127.5 21.598076211353316 17
    endloop
  endfacet
  facet normal 0.5555702330196085 0.8314696123025411 0
    outer loop
      vertex 127.82628428702616 21.380060020873707 0
      vertex 127.5 21.598076211353316 17
      vertex 127.82628428702616 21.380060020873707 17
    endloop
  endfacet
  facet normal 0.6593458151000771 0.7518398074789703 0
    outer loop
      vertex 127.82628428702616 21.380060020873707 0
      vertex 127.82628428702616 21.380060020873707 17
      vertex 128.12132034355963 21.121320343559642 17
    endloop
  endfacet
  facet normal 0.7518398074789517 0.6593458151000982 0
    outer loop
      vertex 128.12132034355963 21.121320343559642 0
      vertex 128.12132034355963 21.121320343559642 17
      vertex 128.3800600208737 20.826284287026162 17
    endloop
  endfacet
  facet normal 0.831469612302555 0.5555702330195875 0
    outer loop
      vertex 128.3800600208737 20.826284287026162 0
      vertex 128.3800600208737 20.826284287026162 17
      vertex 128.59807621135332 20.5 17
    endloop
  endfacet
  facet normal 0.8968727415326826 0.4422886902190128 0
    outer loop
      vertex 128.77163859753387 20.14805029709527 0
      vertex 128.59807621135332 20.5 17
      vertex 128.77163859753387 20.14805029709527 17
    endloop
  endfacet
  facet normal 0.9469301294951151 0.3214394653031339 0
    outer loop
      vertex 128.77163859753387 20.14805029709527 0
      vertex 128.77163859753387 20.14805029709527 17
      vertex 128.8977774788672 19.776457135307563 17
    endloop
  endfacet
  facet normal 0.9807852804032247 0.19509032201615759 0
    outer loop
      vertex 128.8977774788672 19.776457135307563 0
      vertex 128.8977774788672 19.776457135307563 17
      vertex 128.97433458412144 19.391578576660155 17
    endloop
  endfacet
  facet normal 0.9978589232386044 0.06540312923012999 0
    outer loop
      vertex 129 19 0
      vertex 128.97433458412144 19.391578576660155 17
      vertex 129 19 17
    endloop
  endfacet
  facet normal 0 0 1
    outer loop
      vertex 126 22 17
      vertex 127.14805029709527 21.771638597533858 17
      vertex 126.39157857666015 21.97433458412143 17
    endloop
  endfacet
  facet normal 0 0 1
    outer loop
      vertex 126.39157857666015 21.97433458412143 17
      vertex 127.14805029709527 21.771638597533858 17
      vertex 126.77645713530757 21.897777478867205 17
    endloop
  endfacet
  facet normal 0 0 1
    outer loop
      vertex 126 22 17
      vertex 128.12132034355963 21.121320343559642 17
      vertex 127.14805029709527 21.771638597533858 17
    endloop
  endfacet
  facet normal 0 0 1
    outer loop
      vertex 127.14805029709527 21.771638597533858 17
      vertex 128.12132034355963 21.121320343559642 17
      vertex 127.5 21.598076211353316 17
    endloop
  endfacet
  facet normal 0 0 1
    outer loop
      vertex 127.5 21.598076211353316 17
      vertex 128.12132034355963 21.121320343559642 17
      vertex 127.82628428702616 21.380060020873707 17
    endloop
  endfacet
  facet normal 0 0 1
    outer loop
      vertex 126 22 17
      vertex 126.75 20.75 17
      vertex 126.88052619222005 20.74144486137381 17
    endloop
  endfacet
  facet normal 0 0 1
    outer loop
      vertex 126 22 17
      vertex 126.88052619222005 20.74144486137381 17
      vertex 127.00881904510253 20.71592582628907 17
    endloop
  endfacet
  facet normal 0 0 1
    outer loop
      vertex 126 22 17
      vertex 127.00881904510253 20.71592582628907 17
      vertex 127.13268343236508 20.673879532511286 17
    endloop
  endfacet
  facet normal 0 0 1
    outer loop
      vertex 126 22 17
      vertex 127.13268343236508 20.673879532511286 17
      vertex 127.25 20.616025403784437 17
    endloop
  endfacet
  facet normal 0 0 1
    outer loop
      vertex 126 22 17
      vertex 127.25 20.616025403784437 17
      vertex 127.35876142900872 20.543353340291237 17
    endloop
  endfacet
  facet normal 0 0 1
    outer loop
      vertex 126 22 17
      vertex 127.35876142900872 20.543353340291237 17
      vertex 127.45710678118655 20.457106781186546 17
    endloop
  endfacet
  facet normal 0 0 1
    outer loop
      vertex 126 22 17
      vertex 129 19 17
      vertex 128.12132034355963 21.121320343559642 17
    endloop
  endfacet
  facet normal 0 0 1
    outer loop
      vertex 128.12132034355963 21.121320343559642 17
      vertex 128.77163859753387 20.14805029709527 17
      vertex 128.3800600208737 20.826284287026162 17
    endloop
  endfacet
  facet normal 0 0 1
    outer loop
      vertex 126 22 17
      vertex 127.45710678118655 20.457106781186546 17
      vertex 129 19 17
    endloop
  endfacet
  facet normal 0 0 1
    outer loop
      vertex 128.3800600208737 20.826284287026162 17
      vertex 128.77163859753387 20.14805029709527 17
      vertex 128.59807621135332 20.5 17
    endloop
  endfacet
  facet normal 0 0 1
    outer loop
      vertex 127.45710678118655 20.457106781186546 17
      vertex 127.54335334029123 20.35876142900872 17
      vertex 129 19 17
    endloop
  endfacet
  facet normal 0 0 1
    outer loop
      vertex 128.12132034355963 21.121320343559642 17
      vertex 129 19 17
      vertex 128.77163859753387 20.14805029709527 17
    endloop
  endfacet
  facet normal 0 0 1
    outer loop
      vertex 127.54335334029123 20.35876142900872 17
      vertex 127.61602540378443 20.25 17
      vertex 129 19 17
    endloop
  endfacet
  facet normal 0 0 1
    outer loop
      vertex 127.61602540378443 20.25 17
      vertex 127.6738795325113 20.13268343236509 17
      vertex 129 19 17
    endloop
  endfacet
  facet normal 0 0 1
    outer loop
      vertex 127.6738795325113 20.13268343236509 17
      vertex 127.71592582628907 20.00881904510252 17
      vertex 129 19 17
    endloop
  endfacet
  facet normal 0 0 1
    outer loop
      vertex 127.71592582628907 20.00881904510252 17
      vertex 127.74144486137381 19.880526192220053 17
      vertex 129 19 17
    endloop
  endfacet
  facet normal 0 0 1
    outer loop
      vertex 128.77163859753387 20.14805029709527 17
      vertex 129 19 17
      vertex 128.8977774788672 19.776457135307563 17
    endloop
  endfacet
  facet normal 0 0 1
    outer loop
      vertex 127.74144486137381 19.880526192220053 17
      vertex 127.75 19.75 17
      vertex 129 19 17
    endloop
  endfacet
  facet normal 0 0 1
    outer loop
      vertex 128.8977774788672 19.776457135307563 17
      vertex 129 19 17
      vertex 128.97433458412144 19.391578576660155 17
    endloop
  endfacet
  facet normal 0 0 1
    outer loop
      vertex 127.75 19.75 17
      vertex 128.97433458412144 2.608421423339845 17
      vertex 129 19 17
    endloop
  endfacet
  facet normal 0 0 -1
    outer loop
      vertex 3 0 0
      vertex 129 19 0
      vertex 126.39157857666015 0.02566541587857074 0
    endloop
  endfacet
  facet normal 0 0 -1
    outer loop
      vertex 3 0 0
      vertex 126.39157857666015 0.02566541587857074 0
      vertex 126 0 0
    endloop
  endfacet
  facet normal 0 0 -1
    outer loop
      vertex 129 19 0
      vertex 129 3 0
      vertex 128.97433458412144 2.608421423339845 0
    endloop
  endfacet
  facet normal 0 0 -1
    outer loop
      vertex 129 19 0
      vertex 128.97433458412144 2.608421423339845 0
      vertex 126.39157857666015 0.02566541587857074 0
    endloop
  endfacet
  facet normal 0 0 -1
    outer loop
      vertex 128.97433458412144 2.608421423339845 0
      vertex 128.8977774788672 2.223542864692437 0
      vertex 128.77163859753387 1.8519497029047294 0
    endloop
  endfacet
  facet normal 0 0 -1
    outer loop
      vertex 128.97433458412144 2.608421423339845 0
      vertex 128.77163859753387 1.8519497029047294 0
      vertex 128.12132034355963 0.8786796564403581 0
    endloop
  endfacet
  facet normal 0 0 -1
    outer loop
      vertex 128.77163859753387 1.8519497029047294 0
      vertex 128.59807621135332 1.5 0
      vertex 128.3800600208737 1.1737157129738378 0
    endloop
  endfacet
  facet normal 0 0 -1
    outer loop
      vertex 128.97433458412144 2.608421423339845 0
      vertex 128.12132034355963 0.8786796564403581 0
      vertex 126.39157857666015 0.02566541587857074 0
    endloop
  endfacet
  facet normal 0 0 -1
    outer loop
      vertex 128.77163859753387 1.8519497029047294 0
      vertex 128.3800600208737 1.1737157129738378 0
      vertex 128.12132034355963 0.8786796564403581 0
    endloop
  endfacet
  facet normal 0 0 -1
    outer loop
      vertex 126.39157857666015 0.02566541587857074 0
      vertex 127.5 0.401923788646684 0
      vertex 126.77645713530757 0.10222252113279495 0
    endloop
  endfacet
  facet normal 0 0 -1
    outer loop
      vertex 128.12132034355963 0.8786796564403581 0
      vertex 127.82628428702616 0.6199399791262934 0
      vertex 127.5 0.401923788646684 0
    endloop
  endfacet
  facet normal 0 0 -1
    outer loop
      vertex 128.12132034355963 0.8786796564403581 0
      vertex 127.5 0.401923788646684 0
      vertex 126.39157857666015 0.02566541587857074 0
    endloop
  endfacet
  facet normal 0 0 -1
    outer loop
      vertex 126.77645713530757 0.10222252113279495 0
      vertex 127.5 0.401923788646684 0
      vertex 127.14805029709527 0.22836140246614178 0
    endloop
  endfacet
  facet normal 0.9978589232386044 -0.06540312923012999 9.080858049775582e-20
    outer loop
      vertex 129 3 0
      vertex 128.97433458412144 2.608421423339845 17
      vertex 128.97433458412144 2.608421423339845 0
    endloop
  endfacet
  facet normal 0.9807852804032247 -0.19509032201615759 0
    outer loop
      vertex 128.97433458412144 2.608421423339845 0
      vertex 128.97433458412144 2.608421423339845 17
      vertex 128.8977774788672 2.223542864692437 0
    endloop
  endfacet
  facet normal 0.9469301294951151 -0.3214394653031339 -3.0079545336217375e-19
    outer loop
      vertex 128.8977774788672 2.223542864692437 0
      vertex 128.77163859753387 1.8519497029047294 17
      vertex 128.77163859753387 1.8519497029047294 0
    endloop
  endfacet
  facet normal 0.8968727415326826 -0.4422886902190128 0
    outer loop
      vertex 128.77163859753387 1.8519497029047294 0
      vertex 128.77163859753387 1.8519497029047294 17
      vertex 128.59807621135332 1.5 0
    endloop
  endfacet
  facet normal 0.831469612302555 -0.5555702330195875 3.753681055820592e-19
    outer loop
      vertex 128.59807621135332 1.5 0
      vertex 128.3800600208737 1.1737157129738378 17
      vertex 128.3800600208737 1.1737157129738378 0
    endloop
  endfacet
  facet normal 0.7518398074789517 -0.6593458151000982 -1.439923627438138e-19
    outer loop
      vertex 128.3800600208737 1.1737157129738378 0
      vertex 128.12132034355963 0.8786796564403581 17
      vertex 128.12132034355963 0.8786796564403581 0
    endloop
  endfacet
  facet normal 0.6593458151000771 -0.7518398074789703 0
    outer loop
      vertex 128.12132034355963 0.8786796564403581 0
      vertex 128.12132034355963 0.8786796564403581 17
      vertex 127.82628428702616 0.6199399791262934 0
    endloop
  endfacet
  facet normal 0.0654031292301486 -0.9978589232386031 0
    outer loop
      vertex 126 0 0
      vertex 126.39157857666015 0.02566541587857074 0
      vertex 126 0 17
    endloop
  endfacet
  facet normal 0.3214394653031718 -0.9469301294951021 0
    outer loop
      vertex 126.77645713530757 0.10222252113279495 0
      vertex 127.14805029709527 0.22836140246614178 0
      vertex 126.77645713530757 0.10222252113279495 17
    endloop
  endfacet
  facet normal 0.19509032201611928 -0.9807852804032322 0
    outer loop
      vertex 126.39157857666015 0.02566541587857074 0
      vertex 126.77645713530757 0.10222252113279495 0
      vertex 126.39157857666015 0.02566541587857074 17
    endloop
  endfacet
  facet normal 0.4422886902189947 -0.8968727415326917 0
    outer loop
      vertex 127.5 0.401923788646684 0
      vertex 127.5 0.401923788646684 17
      vertex 127.14805029709527 0.22836140246614178 0
    endloop
  endfacet
  facet normal 0.5555702330196085 -0.8314696123025411 -8.035978019957602e-19
    outer loop
      vertex 127.82628428702616 0.6199399791262934 0
      vertex 127.5 0.401923788646684 17
      vertex 127.5 0.401923788646684 0
    endloop
  endfacet
  facet normal 0 -1 0
    outer loop
      vertex 3 0 17
      vertex 126 0 0
      vertex 126 0 17
    endloop
  endfacet
  facet normal 0 0 1
    outer loop
      vertex 2.25 1.25 17
      vertex 126.39157857666015 0.02566541587857074 17
      vertex 126.75 1.25 17
    endloop
  endfacet
  facet normal 0 0 1
    outer loop
      vertex 3 0 17
      vertex 126 0 17
      vertex 126.39157857666015 0.02566541587857074 17
    endloop
  endfacet
  facet normal 1 0 0
    outer loop
      vertex 129 19 17
      vertex 129 3 17
      vertex 129 3 0
    endloop
  endfacet
  facet normal 0 0 1
    outer loop
      vertex 127.75 19.75 17
      vertex 127.75 2.25 17
      vertex 128.97433458412144 2.608421423339845 17
    endloop
  endfacet
  facet normal 0 0 1
    outer loop
      vertex 129 19 17
      vertex 128.97433458412144 2.608421423339845 17
      vertex 129 3 17
    endloop
  endfacet
  facet normal 0.9978589232386044 -0.06540312923012999 0
    outer loop
      vertex 129 3 0
      vertex 129 3 17
      vertex 128.97433458412144 2.608421423339845 17
    endloop
  endfacet
  facet normal 0.9807852804032247 -0.19509032201615759 0
    outer loop
      vertex 128.8977774788672 2.223542864692437 0
      vertex 128.97433458412144 2.608421423339845 17
      vertex 128.8977774788672 2.223542864692437 17
    endloop
  endfacet
  facet normal 0.9469301294951151 -0.3214394653031339 0
    outer loop
      vertex 128.8977774788672 2.223542864692437 0
      vertex 128.8977774788672 2.223542864692437 17
      vertex 128.77163859753387 1.8519497029047294 17
    endloop
  endfacet
  facet normal 0.8968727415326826 -0.4422886902190128 0
    outer loop
      vertex 128.59807621135332 1.5 0
      vertex 128.77163859753387 1.8519497029047294 17
      vertex 128.59807621135332 1.5 17
    endloop
  endfacet
  facet normal 0.831469612302555 -0.5555702330195875 0
    outer loop
      vertex 128.59807621135332 1.5 0
      vertex 128.59807621135332 1.5 17
      vertex 128.3800600208737 1.1737157129738378 17
    endloop
  endfacet
  facet normal 0.7518398074789517 -0.6593458151000982 0
    outer loop
      vertex 128.3800600208737 1.1737157129738378 0
      vertex 128.3800600208737 1.1737157129738378 17
      vertex 128.12132034355963 0.8786796564403581 17
    endloop
  endfacet
  facet normal 0.6593458151000771 -0.7518398074789703 0
    outer loop
      vertex 127.82628428702616 0.6199399791262934 0
      vertex 128.12132034355963 0.8786796564403581 17
      vertex 127.82628428702616 0.6199399791262934 17
    endloop
  endfacet
  facet normal 0.0654031292301486 -0.9978589232386031 0
    outer loop
      vertex 126.39157857666015 0.02566541587857074 0
      vertex 126.39157857666015 0.02566541587857074 17
      vertex 126 0 17
    endloop
  endfacet
  facet normal 0.19509032201611928 -0.9807852804032322 0
    outer loop
      vertex 126.77645713530757 0.10222252113279495 0
      vertex 126.77645713530757 0.10222252113279495 17
      vertex 126.39157857666015 0.02566541587857074 17
    endloop
  endfacet
  facet normal 0.5555702330196085 -0.8314696123025411 0
    outer loop
      vertex 127.82628428702616 0.6199399791262934 0
      vertex 127.82628428702616 0.6199399791262934 17
      vertex 127.5 0.401923788646684 17
    endloop
  endfacet
  facet normal 0.4422886902189947 -0.8968727415326917 0
    outer loop
      vertex 127.14805029709527 0.22836140246614178 0
      vertex 127.5 0.401923788646684 17
      vertex 127.14805029709527 0.22836140246614178 17
    endloop
  endfacet
  facet normal 0.3214394653031718 -0.9469301294951021 0
    outer loop
      vertex 127.14805029709527 0.22836140246614178 0
      vertex 127.14805029709527 0.22836140246614178 17
      vertex 126.77645713530757 0.10222252113279495 17
    endloop
  endfacet
  facet normal 0 0 1
    outer loop
      vertex 128.97433458412144 2.608421423339845 17
      vertex 127.75 2.25 17
      vertex 127.74144486137381 2.119473807779947 17
    endloop
  endfacet
  facet normal 0 0 1
    outer loop
      vertex 128.97433458412144 2.608421423339845 17
      vertex 127.74144486137381 2.119473807779947 17
      vertex 127.71592582628907 1.9911809548974801 17
    endloop
  endfacet
  facet normal 0 0 1
    outer loop
      vertex 128.97433458412144 2.608421423339845 17
      vertex 127.71592582628907 1.9911809548974801 17
      vertex 127.6738795325113 1.8673165676349086 17
    endloop
  endfacet
  facet normal 0 0 1
    outer loop
      vertex 128.97433458412144 2.608421423339845 17
      vertex 127.6738795325113 1.8673165676349086 17
      vertex 127.61602540378443 1.75 17
    endloop
  endfacet
  facet normal 0 0 1
    outer loop
      vertex 128.97433458412144 2.608421423339845 17
      vertex 128.77163859753387 1.8519497029047294 17
      vertex 128.8977774788672 2.223542864692437 17
    endloop
  endfacet
  facet normal 0 0 1
    outer loop
      vertex 128.97433458412144 2.608421423339845 17
      vertex 127.54335334029123 1.6412385709912805 17
      vertex 127.45710678118655 1.5428932188134539 17
    endloop
  endfacet
  facet normal 0 0 1
    outer loop
      vertex 128.97433458412144 2.608421423339845 17
      vertex 127.45710678118655 1.5428932188134539 17
      vertex 127.35876142900872 1.4566466597087633 17
    endloop
  endfacet
  facet normal 0 0 1
    outer loop
      vertex 128.97433458412144 2.608421423339845 17
      vertex 127.61602540378443 1.75 17
      vertex 127.54335334029123 1.6412385709912805 17
    endloop
  endfacet
  facet normal 0 0 1
    outer loop
      vertex 128.97433458412144 2.608421423339845 17
      vertex 128.12132034355963 0.8786796564403581 17
      vertex 128.77163859753387 1.8519497029047294 17
    endloop
  endfacet
  facet normal 0 0 1
    outer loop
      vertex 128.77163859753387 1.8519497029047294 17
      vertex 128.3800600208737 1.1737157129738378 17
      vertex 128.59807621135332 1.5 17
    endloop
  endfacet
  facet normal 0 0 1
    outer loop
      vertex 127.25 1.3839745962155625 17
      vertex 127.13268343236508 1.326120467488714 17
      vertex 126.39157857666015 0.02566541587857074 17
    endloop
  endfacet
  facet normal 0 0 1
    outer loop
      vertex 127.13268343236508 1.326120467488714 17
      vertex 127.00881904510253 1.2840741737109305 17
      vertex 126.39157857666015 0.02566541587857074 17
    endloop
  endfacet
  facet normal 0 0 1
    outer loop
      vertex 126.75 1.25 17
      vertex 126.39157857666015 0.02566541587857074 17
      vertex 126.88052619222005 1.258555138626189 17
    endloop
  endfacet
  facet normal 0 0 1
    outer loop
      vertex 126.88052619222005 1.258555138626189 17
      vertex 126.39157857666015 0.02566541587857074 17
      vertex 127.00881904510253 1.2840741737109305 17
    endloop
  endfacet
  facet normal 0 0 1
    outer loop
      vertex 128.97433458412144 2.608421423339845 17
      vertex 127.35876142900872 1.4566466597087633 17
      vertex 126.39157857666015 0.02566541587857074 17
    endloop
  endfacet
  facet normal 0 0 1
    outer loop
      vertex 128.97433458412144 2.608421423339845 17
      vertex 126.39157857666015 0.02566541587857074 17
      vertex 128.12132034355963 0.8786796564403581 17
    endloop
  endfacet
  facet normal 0 0 1
    outer loop
      vertex 128.77163859753387 1.8519497029047294 17
      vertex 128.12132034355963 0.8786796564403581 17
      vertex 128.3800600208737 1.1737157129738378 17
    endloop
  endfacet
  facet normal 0 0 1
    outer loop
      vertex 127.35876142900872 1.4566466597087633 17
      vertex 127.25 1.3839745962155625 17
      vertex 126.39157857666015 0.02566541587857074 17
    endloop
  endfacet
  facet normal 0 0 1
    outer loop
      vertex 126.39157857666015 0.02566541587857074 17
      vertex 126.77645713530757 0.10222252113279495 17
      vertex 127.5 0.401923788646684 17
    endloop
  endfacet
  facet normal 0 0 1
    outer loop
      vertex 128.12132034355963 0.8786796564403581 17
      vertex 127.5 0.401923788646684 17
      vertex 127.82628428702616 0.6199399791262934 17
    endloop
  endfacet
  facet normal 0 0 1
    outer loop
      vertex 128.12132034355963 0.8786796564403581 17
      vertex 126.39157857666015 0.02566541587857074 17
      vertex 127.5 0.401923788646684 17
    endloop
  endfacet
  facet normal 0 0 1
    outer loop
      vertex 126.77645713530757 0.10222252113279495 17
      vertex 127.14805029709527 0.22836140246614178 17
      vertex 127.5 0.401923788646684 17
    endloop
  endfacet
  facet normal 0 0 1
    outer loop
      vertex 3.9911809548974793 18.71592582628907 1.5
      vertex 3.8673165676349104 18.673879532511286 1.5
      vertex 4 18.717680043428437 1.5
    endloop
  endfacet
  facet normal 0 0 1
    outer loop
      vertex 3.8673165676349104 18.673879532511286 1.5
      vertex 3.75 18.616025403784437 1.5
      vertex 3.6412385709912796 18.543353340291233 1.5
    endloop
  endfacet
  facet normal 0 0 1
    outer loop
      vertex 3.8673165676349104 18.673879532511286 1.5
      vertex 3.5428932188134525 18.457106781186546 1.5
      vertex 4 18.717680043428437 1.5
    endloop
  endfacet
  facet normal 0 0 1
    outer loop
      vertex 3.8673165676349104 18.673879532511286 1.5
      vertex 3.6412385709912796 18.543353340291233 1.5
      vertex 3.5428932188134525 18.457106781186546 1.5
    endloop
  endfacet
  facet normal 0 0 1
    outer loop
      vertex 3.5428932188134525 18.457106781186546 1.5
      vertex 3.456646659708765 18.35876142900872 1.5
      vertex 3.326120467488713 18.13268343236509 1.5
    endloop
  endfacet
  facet normal 0 0 1
    outer loop
      vertex 3.456646659708765 18.35876142900872 1.5
      vertex 3.3839745962155616 18.25 1.5
      vertex 3.326120467488713 18.13268343236509 1.5
    endloop
  endfacet
  facet normal 0 0 1
    outer loop
      vertex 3.5428932188134525 18.457106781186546 1.5
      vertex 3.25 17.75 1.5
      vertex 4 18.717680043428437 1.5
    endloop
  endfacet
  facet normal 0 0 1
    outer loop
      vertex 3.5428932188134525 18.457106781186546 1.5
      vertex 3.326120467488713 18.13268343236509 1.5
      vertex 3.25 17.75 1.5
    endloop
  endfacet
  facet normal 0 0 1
    outer loop
      vertex 3.326120467488713 18.13268343236509 1.5
      vertex 3.284074173710932 18.00881904510252 1.5
      vertex 3.25 17.75 1.5
    endloop
  endfacet
  facet normal 0 0 1
    outer loop
      vertex 3.284074173710932 18.00881904510252 1.5
      vertex 3.2585551386261895 17.880526192220053 1.5
      vertex 3.25 17.75 1.5
    endloop
  endfacet
  facet normal 0.19509032201585805 -0.9807852804032843 0
    outer loop
      vertex 3.9911809548974793 18.71592582628907 1.5
      vertex 4 18.717680043428437 1.5
      vertex 3.9911809548974793 18.71592582628907 6.9
    endloop
  endfacet
  facet normal 0.32143946530317513 -0.946930129495101 0
    outer loop
      vertex 3.9911809548974793 18.71592582628907 1.5
      vertex 3.9911809548974793 18.71592582628907 6.9
      vertex 3.8673165676349104 18.673879532511286 1.5
    endloop
  endfacet
  facet normal 0.4422886902190037 -0.896872741532687 0
    outer loop
      vertex 3.8673165676349104 18.673879532511286 1.5
      vertex 3.8673165676349104 18.673879532511286 6.9
      vertex 3.75 18.616025403784437 1.5
    endloop
  endfacet
  facet normal 0.5555702330196074 -0.8314696123025419 0
    outer loop
      vertex 3.75 18.616025403784437 1.5
      vertex 3.75 18.616025403784437 6.9
      vertex 3.6412385709912796 18.543353340291233 1.5
    endloop
  endfacet
  facet normal 0.7518398074789769 -0.6593458151000693 0
    outer loop
      vertex 3.5428932188134525 18.457106781186546 1.5
      vertex 3.5428932188134525 18.457106781186546 6.9
      vertex 3.456646659708765 18.35876142900872 1.5
    endloop
  endfacet
  facet normal 0.6593458151000657 -0.7518398074789802 0
    outer loop
      vertex 3.6412385709912796 18.543353340291233 1.5
      vertex 3.6412385709912796 18.543353340291233 6.9
      vertex 3.5428932188134525 18.457106781186546 1.5
    endloop
  endfacet
  facet normal 0.8314696123025428 -0.5555702330196058 0
    outer loop
      vertex 3.456646659708765 18.35876142900872 1.5
      vertex 3.456646659708765 18.35876142900872 6.9
      vertex 3.3839745962155616 18.25 1.5
    endloop
  endfacet
  facet normal 0.8968727415326845 -0.4422886902190092 0
    outer loop
      vertex 3.3839745962155616 18.25 1.5
      vertex 3.3839745962155616 18.25 6.9
      vertex 3.326120467488713 18.13268343236509 1.5
    endloop
  endfacet
  facet normal 0.9469301294951084 -0.32143946530315376 0
    outer loop
      vertex 3.326120467488713 18.13268343236509 1.5
      vertex 3.326120467488713 18.13268343236509 6.9
      vertex 3.284074173710932 18.00881904510252 1.5
    endloop
  endfacet
  facet normal 0.9807852804032295 -0.19509032201613274 0
    outer loop
      vertex 3.284074173710932 18.00881904510252 1.5
      vertex 3.284074173710932 18.00881904510252 6.9
      vertex 3.2585551386261895 17.880526192220053 1.5
    endloop
  endfacet
  facet normal 0.9978589232386035 -0.06540312923014178 0
    outer loop
      vertex 3.2585551386261895 17.880526192220053 1.5
      vertex 3.2585551386261895 17.880526192220053 6.9
      vertex 3.25 17.75 1.5
    endloop
  endfacet
  facet normal 0.19509032201585805 -0.9807852804032843 -1.5750436116105756e-20
    outer loop
      vertex 3.9911809548974793 18.71592582628907 6.9
      vertex 4 18.717680043428437 1.5
      vertex 4 18.717680043428437 6.9
    endloop
  endfacet
  facet normal 0.32143946530317513 -0.946930129495101 0
    outer loop
      vertex 3.8673165676349104 18.673879532511286 1.5
      vertex 3.9911809548974793 18.71592582628907 6.9
      vertex 3.8673165676349104 18.673879532511286 6.9
    endloop
  endfacet
  facet normal 0.5555702330196074 -0.8314696123025419 0
    outer loop
      vertex 3.6412385709912796 18.543353340291233 1.5
      vertex 3.75 18.616025403784437 6.9
      vertex 3.6412385709912796 18.543353340291233 6.9
    endloop
  endfacet
  facet normal 0.4422886902190037 -0.896872741532687 0
    outer loop
      vertex 3.75 18.616025403784437 1.5
      vertex 3.8673165676349104 18.673879532511286 6.9
      vertex 3.75 18.616025403784437 6.9
    endloop
  endfacet
  facet normal 0.7518398074789769 -0.6593458151000693 0
    outer loop
      vertex 3.456646659708765 18.35876142900872 1.5
      vertex 3.5428932188134525 18.457106781186546 6.9
      vertex 3.456646659708765 18.35876142900872 6.9
    endloop
  endfacet
  facet normal 0.6593458151000657 -0.7518398074789802 0
    outer loop
      vertex 3.5428932188134525 18.457106781186546 1.5
      vertex 3.6412385709912796 18.543353340291233 6.9
      vertex 3.5428932188134525 18.457106781186546 6.9
    endloop
  endfacet
  facet normal 0.8314696123025428 -0.5555702330196058 0
    outer loop
      vertex 3.3839745962155616 18.25 1.5
      vertex 3.456646659708765 18.35876142900872 6.9
      vertex 3.3839745962155616 18.25 6.9
    endloop
  endfacet
  facet normal 0.8968727415326845 -0.4422886902190092 0
    outer loop
      vertex 3.326120467488713 18.13268343236509 1.5
      vertex 3.3839745962155616 18.25 6.9
      vertex 3.326120467488713 18.13268343236509 6.9
    endloop
  endfacet
  facet normal 0.9469301294951084 -0.32143946530315376 0
    outer loop
      vertex 3.284074173710932 18.00881904510252 1.5
      vertex 3.326120467488713 18.13268343236509 6.9
      vertex 3.284074173710932 18.00881904510252 6.9
    endloop
  endfacet
  facet normal 0.9807852804032295 -0.19509032201613274 0
    outer loop
      vertex 3.2585551386261895 17.880526192220053 1.5
      vertex 3.284074173710932 18.00881904510252 6.9
      vertex 3.2585551386261895 17.880526192220053 6.9
    endloop
  endfacet
  facet normal 0.9978589232386035 -0.06540312923014178 0
    outer loop
      vertex 3.25 17.75 1.5
      vertex 3.2585551386261895 17.880526192220053 6.9
      vertex 3.25 17.75 6.9
    endloop
  endfacet
  facet normal 0 0 1
    outer loop
      vertex 3.25 17.75 1.5
      vertex 3.2585551386261895 4.119473807779947 1.5
      vertex 4 18.717680043428437 1.5
    endloop
  endfacet
  facet normal 1 0 0
    outer loop
      vertex 3.25 17.75 1.5
      vertex 3.25 17.75 6.9
      vertex 3.25 4.25 1.5
    endloop
  endfacet
  facet normal 0 -1 0
    outer loop
      vertex 45.5 18.75 8.5
      vertex 38 18.75 7
      vertex 45.5 18.75 7
    endloop
  endfacet
  facet normal 0 -1 0
    outer loop
      vertex 38 18.75 8.5
      vertex 38 18.75 7
      vertex 45.5 18.75 8.5
    endloop
  endfacet
  facet normal 0 0 1
    outer loop
      vertex 3.25 17.75 1.5
      vertex 3.25 4.25 1.5
      vertex 3.2585551386261895 4.119473807779947 1.5
    endloop
  endfacet
  facet normal 0 0 1
    outer loop
      vertex 3.2585551386261895 4.119473807779947 1.5
      vertex 4 3.2823199565715626 1.5
      vertex 4 18.717680043428437 1.5
    endloop
  endfacet
  facet normal 1 0 0
    outer loop
      vertex 3.25 17.75 6.9
      vertex 3.25 4.25 6.9
      vertex 3.25 4.25 1.5
    endloop
  endfacet
  facet normal 0 0 1
    outer loop
      vertex 3.2585551386261895 4.119473807779947 1.5
      vertex 3.284074173710932 3.99118095489748 1.5
      vertex 3.326120467488713 3.8673165676349086 1.5
    endloop
  endfacet
  facet normal 0 0 1
    outer loop
      vertex 3.2585551386261895 4.119473807779947 1.5
      vertex 3.326120467488713 3.8673165676349086 1.5
      vertex 3.5428932188134525 3.542893218813454 1.5
    endloop
  endfacet
  facet normal 0 0 1
    outer loop
      vertex 3.326120467488713 3.8673165676349086 1.5
      vertex 3.3839745962155616 3.75 1.5
      vertex 3.5428932188134525 3.542893218813454 1.5
    endloop
  endfacet
  facet normal 0 0 1
    outer loop
      vertex 3.3839745962155616 3.75 1.5
      vertex 3.456646659708765 3.641238570991277 1.5
      vertex 3.5428932188134525 3.542893218813454 1.5
    endloop
  endfacet
  facet normal 0 0 1
    outer loop
      vertex 3.2585551386261895 4.119473807779947 1.5
      vertex 3.5428932188134525 3.542893218813454 1.5
      vertex 4 3.2823199565715626 1.5
    endloop
  endfacet
  facet normal 0 0 1
    outer loop
      vertex 3.5428932188134525 3.542893218813454 1.5
      vertex 3.6412385709912796 3.456646659708767 1.5
      vertex 3.75 3.383974596215559 1.5
    endloop
  endfacet
  facet normal 0 0 1
    outer loop
      vertex 3.5428932188134525 3.542893218813454 1.5
      vertex 3.75 3.383974596215559 1.5
      vertex 3.8673165676349104 3.326120467488714 1.5
    endloop
  endfacet
  facet normal 0 0 1
    outer loop
      vertex 3.5428932188134525 3.542893218813454 1.5
      vertex 3.8673165676349104 3.326120467488714 1.5
      vertex 4 3.2823199565715626 1.5
    endloop
  endfacet
  facet normal 0 0 1
    outer loop
      vertex 3.8673165676349104 3.326120467488714 1.5
      vertex 3.9911809548974793 3.284074173710934 1.5
      vertex 4 3.2823199565715626 1.5
    endloop
  endfacet
  facet normal 0.9978589232386035 0.06540312923014178 0
    outer loop
      vertex 3.25 4.25 1.5
      vertex 3.25 4.25 6.9
      vertex 3.2585551386261895 4.119473807779947 1.5
    endloop
  endfacet
  facet normal 0.9807852804032295 0.19509032201613274 0
    outer loop
      vertex 3.2585551386261895 4.119473807779947 1.5
      vertex 3.2585551386261895 4.119473807779947 6.9
      vertex 3.284074173710932 3.99118095489748 1.5
    endloop
  endfacet
  facet normal 0.9469301294951084 0.32143946530315376 0
    outer loop
      vertex 3.284074173710932 3.99118095489748 1.5
      vertex 3.284074173710932 3.99118095489748 6.9
      vertex 3.326120467488713 3.8673165676349086 1.5
    endloop
  endfacet
  facet normal 0.8968727415326845 0.4422886902190092 0
    outer loop
      vertex 3.326120467488713 3.8673165676349086 1.5
      vertex 3.326120467488713 3.8673165676349086 6.9
      vertex 3.3839745962155616 3.75 1.5
    endloop
  endfacet
  facet normal 0.8314696123025512 0.5555702330195932 0
    outer loop
      vertex 3.3839745962155616 3.75 1.5
      vertex 3.3839745962155616 3.75 6.9
      vertex 3.456646659708765 3.641238570991277 1.5
    endloop
  endfacet
  facet normal 0.7518398074789653 0.6593458151000828 0
    outer loop
      vertex 3.456646659708765 3.641238570991277 1.5
      vertex 3.456646659708765 3.641238570991277 6.9
      vertex 3.5428932188134525 3.542893218813454 1.5
    endloop
  endfacet
  facet normal 0.6593458151000657 0.7518398074789802 0
    outer loop
      vertex 3.5428932188134525 3.542893218813454 1.5
      vertex 3.5428932188134525 3.542893218813454 6.9
      vertex 3.6412385709912796 3.456646659708767 1.5
    endloop
  endfacet
  facet normal 0.5555702330196262 0.8314696123025291 0
    outer loop
      vertex 3.6412385709912796 3.456646659708767 1.5
      vertex 3.6412385709912796 3.456646659708767 6.9
      vertex 3.75 3.383974596215559 1.5
    endloop
  endfacet
  facet normal 0.4422886902189818 0.8968727415326978 0
    outer loop
      vertex 3.75 3.383974596215559 1.5
      vertex 3.75 3.383974596215559 6.9
      vertex 3.8673165676349104 3.326120467488714 1.5
    endloop
  endfacet
  facet normal 0.32143946530315076 0.9469301294951092 0
    outer loop
      vertex 3.8673165676349104 3.326120467488714 1.5
      vertex 3.8673165676349104 3.326120467488714 6.9
      vertex 3.9911809548974793 3.284074173710934 1.5
    endloop
  endfacet
  facet normal 0.19509032201623808 0.9807852804032086 -1.4884744773996996e-20
    outer loop
      vertex 3.9911809548974793 3.284074173710934 1.5
      vertex 4 3.2823199565715626 6.9
      vertex 4 3.2823199565715626 1.5
    endloop
  endfacet
  facet normal 0.1950903220161483 0.9807852804032265 0
    outer loop
      vertex 4.119473807779949 3.258555138626189 1.5
      vertex 4.112209999134753 3.259999999999998 1.5
      vertex 4.119473807779949 3.258555138626189 6.9
    endloop
  endfacet
  facet normal 0.0654031292301393 0.9978589232386038 0
    outer loop
      vertex 4.119473807779949 3.258555138626189 1.5
      vertex 4.119473807779949 3.258555138626189 6.9
      vertex 4.25 3.25 1.5
    endloop
  endfacet
  facet normal 0 0 1
    outer loop
      vertex 4.119473807779949 3.258555138626189 1.5
      vertex 4.25 3.25 1.5
      vertex 45.5 3.259999999999998 1.5
    endloop
  endfacet
  facet normal 0 0 1
    outer loop
      vertex 4.119473807779949 3.258555138626189 1.5
      vertex 45.5 3.259999999999998 1.5
      vertex 4.112209999134753 3.259999999999998 1.5
    endloop
  endfacet
  facet normal 0.9978589232386035 0.06540312923014178 0
    outer loop
      vertex 3.2585551386261895 4.119473807779947 1.5
      vertex 3.25 4.25 6.9
      vertex 3.2585551386261895 4.119473807779947 6.9
    endloop
  endfacet
  facet normal 0.9807852804032295 0.19509032201613274 0
    outer loop
      vertex 3.284074173710932 3.99118095489748 1.5
      vertex 3.2585551386261895 4.119473807779947 6.9
      vertex 3.284074173710932 3.99118095489748 6.9
    endloop
  endfacet
  facet normal 0.9469301294951084 0.32143946530315376 0
    outer loop
      vertex 3.326120467488713 3.8673165676349086 1.5
      vertex 3.284074173710932 3.99118095489748 6.9
      vertex 3.326120467488713 3.8673165676349086 6.9
    endloop
  endfacet
  facet normal 0.8968727415326845 0.4422886902190092 0
    outer loop
      vertex 3.3839745962155616 3.75 1.5
      vertex 3.326120467488713 3.8673165676349086 6.9
      vertex 3.3839745962155616 3.75 6.9
    endloop
  endfacet
  facet normal 0.8314696123025512 0.5555702330195932 0
    outer loop
      vertex 3.456646659708765 3.641238570991277 1.5
      vertex 3.3839745962155616 3.75 6.9
      vertex 3.456646659708765 3.641238570991277 6.9
    endloop
  endfacet
  facet normal 0.7518398074789653 0.6593458151000828 0
    outer loop
      vertex 3.5428932188134525 3.542893218813454 1.5
      vertex 3.456646659708765 3.641238570991277 6.9
      vertex 3.5428932188134525 3.542893218813454 6.9
    endloop
  endfacet
  facet normal 0.6593458151000657 0.7518398074789802 0
    outer loop
      vertex 3.6412385709912796 3.456646659708767 1.5
      vertex 3.5428932188134525 3.542893218813454 6.9
      vertex 3.6412385709912796 3.456646659708767 6.9
    endloop
  endfacet
  facet normal 0.5555702330196262 0.8314696123025291 0
    outer loop
      vertex 3.75 3.383974596215559 1.5
      vertex 3.6412385709912796 3.456646659708767 6.9
      vertex 3.75 3.383974596215559 6.9
    endloop
  endfacet
  facet normal 0.4422886902189818 0.8968727415326978 0
    outer loop
      vertex 3.8673165676349104 3.326120467488714 1.5
      vertex 3.75 3.383974596215559 6.9
      vertex 3.8673165676349104 3.326120467488714 6.9
    endloop
  endfacet
  facet normal 0.32143946530315076 0.9469301294951092 0
    outer loop
      vertex 3.9911809548974793 3.284074173710934 1.5
      vertex 3.8673165676349104 3.326120467488714 6.9
      vertex 3.9911809548974793 3.284074173710934 6.9
    endloop
  endfacet
  facet normal 0.19509032201623808 0.9807852804032086 0
    outer loop
      vertex 3.9911809548974793 3.284074173710934 1.5
      vertex 3.9911809548974793 3.284074173710934 6.9
      vertex 4 3.2823199565715626 6.9
    endloop
  endfacet
  facet normal 0.1950903220161483 0.9807852804032265 1.8187367118394378e-20
    outer loop
      vertex 4.119473807779949 3.258555138626189 6.9
      vertex 4.112209999134753 3.259999999999998 1.5
      vertex 4.112209999134753 3.259999999999998 6.9
    endloop
  endfacet
  facet normal 0.0654031292301393 0.9978589232386038 0
    outer loop
      vertex 4.25 3.25 1.5
      vertex 4.119473807779949 3.258555138626189 6.9
      vertex 4.25 3.25 6.9
    endloop
  endfacet
  facet normal 0 1 0
    outer loop
      vertex 4.25 3.25 1.5
      vertex 4.25 3.25 6.9
      vertex 38 3.25 6.9
    endloop
  endfacet
  facet normal 0 1 0
    outer loop
      vertex 4.25 3.25 1.5
      vertex 38 3.25 6.9
      vertex 45.5 3.25 6.9
    endloop
  endfacet
  facet normal 0 0 1
    outer loop
      vertex 4.25 3.25 1.5
      vertex 124.88052619222005 3.258555138626189 1.5
      vertex 45.5 3.259999999999998 1.5
    endloop
  endfacet
  facet normal 0 1 0
    outer loop
      vertex 4.25 3.25 1.5
      vertex 45.5 3.25 6.9
      vertex 69.5 3.25 6.9
    endloop
  endfacet
  facet normal 0 1 0
    outer loop
      vertex 38 3.25 6.9
      vertex 45.5 3.25 8.5
      vertex 45.5 3.25 6.9
    endloop
  endfacet
  facet normal 0 1 0
    outer loop
      vertex 38 3.25 6.9
      vertex 38 3.25 8.5
      vertex 45.5 3.25 8.5
    endloop
  endfacet
  facet normal 0 -1 0
    outer loop
      vertex 124.75 18.75 1.5
      vertex 45.5 18.75 6.9
      vertex 45.5 18.75 1.5
    endloop
  endfacet
  facet normal 0 -1 0
    outer loop
      vertex 69.5 18.75 6.9
      vertex 45.5 18.75 6.9
      vertex 124.75 18.75 1.5
    endloop
  endfacet
  facet normal 0 -1 0
    outer loop
      vertex 69.5 18.75 6.9
      vertex 124.75 18.75 1.5
      vertex 69.5 18.75 8.5
    endloop
  endfacet
  facet normal 0 0 1
    outer loop
      vertex 124.75 18.75 1.5
      vertex 45.5 18.75 1.5
      vertex 125.75 17.75 1.5
    endloop
  endfacet
  facet normal 0 0 1
    outer loop
      vertex 124.75 18.75 1.5
      vertex 125.00881904510253 18.71592582628907 1.5
      vertex 124.88052619222005 18.74144486137381 1.5
    endloop
  endfacet
  facet normal 0 0 1
    outer loop
      vertex 124.75 18.75 1.5
      vertex 125.13268343236508 18.673879532511286 1.5
      vertex 125.00881904510253 18.71592582628907 1.5
    endloop
  endfacet
  facet normal 0 0 1
    outer loop
      vertex 124.75 18.75 1.5
      vertex 125.45710678118655 18.457106781186546 1.5
      vertex 125.13268343236508 18.673879532511286 1.5
    endloop
  endfacet
  facet normal 0 0 1
    outer loop
      vertex 125.13268343236508 18.673879532511286 1.5
      vertex 125.45710678118655 18.457106781186546 1.5
      vertex 125.25 18.616025403784437 1.5
    endloop
  endfacet
  facet normal 0 0 1
    outer loop
      vertex 125.25 18.616025403784437 1.5
      vertex 125.45710678118655 18.457106781186546 1.5
      vertex 125.35876142900872 18.543353340291233 1.5
    endloop
  endfacet
  facet normal 0 0 1
    outer loop
      vertex 124.75 18.75 1.5
      vertex 125.75 17.75 1.5
      vertex 125.45710678118655 18.457106781186546 1.5
    endloop
  endfacet
  facet normal 0 0 1
    outer loop
      vertex 125.45710678118655 18.457106781186546 1.5
      vertex 125.6738795325113 18.13268343236509 1.5
      vertex 125.54335334029123 18.35876142900872 1.5
    endloop
  endfacet
  facet normal 0 0 1
    outer loop
      vertex 125.54335334029123 18.35876142900872 1.5
      vertex 125.6738795325113 18.13268343236509 1.5
      vertex 125.61602540378443 18.25 1.5
    endloop
  endfacet
  facet normal 0 0 1
    outer loop
      vertex 125.45710678118655 18.457106781186546 1.5
      vertex 125.75 17.75 1.5
      vertex 125.6738795325113 18.13268343236509 1.5
    endloop
  endfacet
  facet normal 0 0 1
    outer loop
      vertex 125.6738795325113 18.13268343236509 1.5
      vertex 125.74144486137381 17.880526192220053 1.5
      vertex 125.71592582628907 18.00881904510252 1.5
    endloop
  endfacet
  facet normal 0 0 1
    outer loop
      vertex 125.6738795325113 18.13268343236509 1.5
      vertex 125.75 17.75 1.5
      vertex 125.74144486137381 17.880526192220053 1.5
    endloop
  endfacet
  facet normal -0.06540312923014195 -0.9978589232386036 0
    outer loop
      vertex 124.75 18.75 1.5
      vertex 124.88052619222005 18.74144486137381 1.5
      vertex 124.75 18.75 8.5
    endloop
  endfacet
  facet normal -0.19509032201610543 -0.980785280403235 0
    outer loop
      vertex 124.88052619222005 18.74144486137381 1.5
      vertex 125.00881904510253 18.71592582628907 1.5
      vertex 124.88052619222005 18.74144486137381 8.5
    endloop
  endfacet
  facet normal -0.321439465303202 -0.9469301294950919 0
    outer loop
      vertex 125.00881904510253 18.71592582628907 1.5
      vertex 125.13268343236508 18.673879532511286 1.5
      vertex 125.00881904510253 18.71592582628907 8.5
    endloop
  endfacet
  facet normal -0.4422886902189876 -0.8968727415326951 0
    outer loop
      vertex 125.13268343236508 18.673879532511286 1.5
      vertex 125.25 18.616025403784437 1.5
      vertex 125.13268343236508 18.673879532511286 8.5
    endloop
  endfacet
  facet normal -0.555570233019598 -0.8314696123025481 0
    outer loop
      vertex 125.25 18.616025403784437 1.5
      vertex 125.35876142900872 18.543353340291233 1.5
      vertex 125.25 18.616025403784437 8.5
    endloop
  endfacet
  facet normal -0.659345815100054 -0.7518398074789905 0
    outer loop
      vertex 125.35876142900872 18.543353340291233 1.5
      vertex 125.45710678118655 18.457106781186546 1.5
      vertex 125.35876142900872 18.543353340291233 8.5
    endloop
  endfacet
  facet normal -0.7518398074790056 -0.6593458151000368 0
    outer loop
      vertex 125.45710678118655 18.457106781186546 1.5
      vertex 125.54335334029123 18.35876142900872 1.5
      vertex 125.45710678118655 18.457106781186546 8.5
    endloop
  endfacet
  facet normal -0.8314696123025523 -0.5555702330195917 0
    outer loop
      vertex 125.54335334029123 18.35876142900872 1.5
      vertex 125.61602540378443 18.25 1.5
      vertex 125.54335334029123 18.35876142900872 8.5
    endloop
  endfacet
  facet normal -0.8968727415326521 -0.44228869021907463 0
    outer loop
      vertex 125.61602540378443 18.25 1.5
      vertex 125.6738795325113 18.13268343236509 1.5
      vertex 125.61602540378443 18.25 8.5
    endloop
  endfacet
  facet normal -0.946930129495128 -0.32143946530309586 0
    outer loop
      vertex 125.6738795325113 18.13268343236509 1.5
      vertex 125.71592582628907 18.00881904510252 1.5
      vertex 125.6738795325113 18.13268343236509 8.5
    endloop
  endfacet
  facet normal -0.9807852804032309 -0.19509032201612622 0
    outer loop
      vertex 125.71592582628907 18.00881904510252 1.5
      vertex 125.74144486137381 17.880526192220053 1.5
      vertex 125.71592582628907 18.00881904510252 8.5
    endloop
  endfacet
  facet normal -0.997858923238602 -0.06540312923016545 0
    outer loop
      vertex 125.74144486137381 17.880526192220053 1.5
      vertex 125.75 17.75 1.5
      vertex 125.74144486137381 17.880526192220053 8.5
    endloop
  endfacet
  facet normal 0 -1 0
    outer loop
      vertex 124.75 18.75 1.5
      vertex 124.75 18.75 8.5
      vertex 69.5 18.75 8.5
    endloop
  endfacet
  facet normal -0.06540312923014195 -0.9978589232386036 0
    outer loop
      vertex 124.88052619222005 18.74144486137381 1.5
      vertex 124.88052619222005 18.74144486137381 8.5
      vertex 124.75 18.75 8.5
    endloop
  endfacet
  facet normal -0.19509032201610543 -0.980785280403235 0
    outer loop
      vertex 125.00881904510253 18.71592582628907 1.5
      vertex 125.00881904510253 18.71592582628907 8.5
      vertex 124.88052619222005 18.74144486137381 8.5
    endloop
  endfacet
  facet normal -0.321439465303202 -0.9469301294950919 0
    outer loop
      vertex 125.13268343236508 18.673879532511286 1.5
      vertex 125.13268343236508 18.673879532511286 8.5
      vertex 125.00881904510253 18.71592582628907 8.5
    endloop
  endfacet
  facet normal -0.4422886902189876 -0.8968727415326951 0
    outer loop
      vertex 125.25 18.616025403784437 1.5
      vertex 125.25 18.616025403784437 8.5
      vertex 125.13268343236508 18.673879532511286 8.5
    endloop
  endfacet
  facet normal -0.555570233019598 -0.8314696123025481 0
    outer loop
      vertex 125.35876142900872 18.543353340291233 1.5
      vertex 125.35876142900872 18.543353340291233 8.5
      vertex 125.25 18.616025403784437 8.5
    endloop
  endfacet
  facet normal -0.659345815100054 -0.7518398074789905 0
    outer loop
      vertex 125.45710678118655 18.457106781186546 1.5
      vertex 125.45710678118655 18.457106781186546 8.5
      vertex 125.35876142900872 18.543353340291233 8.5
    endloop
  endfacet
  facet normal -0.7518398074790056 -0.6593458151000368 0
    outer loop
      vertex 125.54335334029123 18.35876142900872 1.5
      vertex 125.54335334029123 18.35876142900872 8.5
      vertex 125.45710678118655 18.457106781186546 8.5
    endloop
  endfacet
  facet normal -0.8314696123025523 -0.5555702330195917 0
    outer loop
      vertex 125.61602540378443 18.25 1.5
      vertex 125.61602540378443 18.25 8.5
      vertex 125.54335334029123 18.35876142900872 8.5
    endloop
  endfacet
  facet normal -0.8968727415326521 -0.44228869021907463 0
    outer loop
      vertex 125.6738795325113 18.13268343236509 1.5
      vertex 125.6738795325113 18.13268343236509 8.5
      vertex 125.61602540378443 18.25 8.5
    endloop
  endfacet
  facet normal -0.946930129495128 -0.32143946530309586 0
    outer loop
      vertex 125.71592582628907 18.00881904510252 1.5
      vertex 125.71592582628907 18.00881904510252 8.5
      vertex 125.6738795325113 18.13268343236509 8.5
    endloop
  endfacet
  facet normal -0.9807852804032309 -0.19509032201612622 0
    outer loop
      vertex 125.74144486137381 17.880526192220053 1.5
      vertex 125.74144486137381 17.880526192220053 8.5
      vertex 125.71592582628907 18.00881904510252 8.5
    endloop
  endfacet
  facet normal -0.997858923238602 -0.06540312923016545 0
    outer loop
      vertex 125.75 17.75 1.5
      vertex 125.75 17.75 8.5
      vertex 125.74144486137381 17.880526192220053 8.5
    endloop
  endfacet
  facet normal 0 0 1
    outer loop
      vertex 125.75 17.75 1.5
      vertex 45.5 18.75 1.5
      vertex 124.88052619222005 3.258555138626189 1.5
    endloop
  endfacet
  facet normal -1 0 0
    outer loop
      vertex 125.75 17.75 1.5
      vertex 125.75 4.25 1.5
      vertex 125.75 17.75 8.5
    endloop
  endfacet
  facet normal 0 0 1
    outer loop
      vertex 124.88052619222005 3.258555138626189 1.5
      vertex 45.5 18.75 1.5
      vertex 45.5 3.259999999999998 1.5
    endloop
  endfacet
  facet normal 0 0 1
    outer loop
      vertex 4.25 3.25 1.5
      vertex 124.75 3.25 1.5
      vertex 124.88052619222005 3.258555138626189 1.5
    endloop
  endfacet
  facet normal 0 1 0
    outer loop
      vertex 4.25 3.25 1.5
      vertex 124.75 3.25 8.5
      vertex 124.75 3.25 1.5
    endloop
  endfacet
  facet normal 0 1 0
    outer loop
      vertex 4.25 3.25 1.5
      vertex 69.5 3.25 6.9
      vertex 124.75 3.25 8.5
    endloop
  endfacet
  facet normal 0 1 0
    outer loop
      vertex 69.5 3.25 6.9
      vertex 69.5 3.25 8.5
      vertex 124.75 3.25 8.5
    endloop
  endfacet
  facet normal 0 0 1
    outer loop
      vertex 125.75 17.75 1.5
      vertex 124.88052619222005 3.258555138626189 1.5
      vertex 125.75 4.25 1.5
    endloop
  endfacet
  facet normal -1 0 0
    outer loop
      vertex 125.75 17.75 8.5
      vertex 125.75 4.25 1.5
      vertex 125.75 4.25 8.5
    endloop
  endfacet
  facet normal 0 0 1
    outer loop
      vertex 125.75 4.25 1.5
      vertex 125.6738795325113 3.8673165676349086 1.5
      vertex 125.74144486137381 4.119473807779947 1.5
    endloop
  endfacet
  facet normal 0 0 1
    outer loop
      vertex 125.74144486137381 4.119473807779947 1.5
      vertex 125.6738795325113 3.8673165676349086 1.5
      vertex 125.71592582628907 3.99118095489748 1.5
    endloop
  endfacet
  facet normal 0 0 1
    outer loop
      vertex 125.75 4.25 1.5
      vertex 125.45710678118655 3.542893218813454 1.5
      vertex 125.6738795325113 3.8673165676349086 1.5
    endloop
  endfacet
  facet normal 0 0 1
    outer loop
      vertex 125.75 4.25 1.5
      vertex 124.88052619222005 3.258555138626189 1.5
      vertex 125.45710678118655 3.542893218813454 1.5
    endloop
  endfacet
  facet normal 0 0 1
    outer loop
      vertex 125.6738795325113 3.8673165676349086 1.5
      vertex 125.54335334029123 3.641238570991277 1.5
      vertex 125.61602540378443 3.75 1.5
    endloop
  endfacet
  facet normal 0 0 1
    outer loop
      vertex 125.6738795325113 3.8673165676349086 1.5
      vertex 125.45710678118655 3.542893218813454 1.5
      vertex 125.54335334029123 3.641238570991277 1.5
    endloop
  endfacet
  facet normal 0 0 1
    outer loop
      vertex 125.45710678118655 3.542893218813454 1.5
      vertex 125.25 3.383974596215559 1.5
      vertex 125.35876142900872 3.456646659708767 1.5
    endloop
  endfacet
  facet normal 0 0 1
    outer loop
      vertex 124.88052619222005 3.258555138626189 1.5
      vertex 125.25 3.383974596215559 1.5
      vertex 125.45710678118655 3.542893218813454 1.5
    endloop
  endfacet
  facet normal 0 0 1
    outer loop
      vertex 124.88052619222005 3.258555138626189 1.5
      vertex 125.13268343236508 3.326120467488714 1.5
      vertex 125.25 3.383974596215559 1.5
    endloop
  endfacet
  facet normal 0 0 1
    outer loop
      vertex 124.88052619222005 3.258555138626189 1.5
      vertex 125.00881904510253 3.284074173710934 1.5
      vertex 125.13268343236508 3.326120467488714 1.5
    endloop
  endfacet
  facet normal -0.997858923238602 0.06540312923016545 0
    outer loop
      vertex 125.75 4.25 1.5
      vertex 125.74144486137381 4.119473807779947 1.5
      vertex 125.75 4.25 8.5
    endloop
  endfacet
  facet normal -0.19509032201613155 0.9807852804032298 -2.201974736955115e-19
    outer loop
      vertex 124.88052619222005 3.258555138626189 1.5
      vertex 125.00881904510253 3.284074173710934 8.5
      vertex 125.00881904510253 3.284074173710934 1.5
    endloop
  endfacet
  facet normal -0.06540312923014195 0.9978589232386036 -5.509250363154641e-20
    outer loop
      vertex 124.75 3.25 1.5
      vertex 124.88052619222005 3.258555138626189 8.5
      vertex 124.88052619222005 3.258555138626189 1.5
    endloop
  endfacet
  facet normal -0.9807852804032309 0.19509032201612622 0
    outer loop
      vertex 125.74144486137381 4.119473807779947 1.5
      vertex 125.71592582628907 3.99118095489748 1.5
      vertex 125.74144486137381 4.119473807779947 8.5
    endloop
  endfacet
  facet normal -0.946930129495128 0.32143946530309586 0
    outer loop
      vertex 125.71592582628907 3.99118095489748 1.5
      vertex 125.6738795325113 3.8673165676349086 1.5
      vertex 125.71592582628907 3.99118095489748 8.5
    endloop
  endfacet
  facet normal -0.8968727415326521 0.44228869021907463 0
    outer loop
      vertex 125.6738795325113 3.8673165676349086 1.5
      vertex 125.61602540378443 3.75 1.5
      vertex 125.6738795325113 3.8673165676349086 8.5
    endloop
  endfacet
  facet normal -0.8314696123025606 0.5555702330195792 0
    outer loop
      vertex 125.61602540378443 3.75 1.5
      vertex 125.54335334029123 3.641238570991277 1.5
      vertex 125.61602540378443 3.75 8.5
    endloop
  endfacet
  facet normal -0.659345815100054 0.7518398074789905 0
    outer loop
      vertex 125.45710678118655 3.542893218813454 1.5
      vertex 125.35876142900872 3.456646659708767 1.5
      vertex 125.45710678118655 3.542893218813454 8.5
    endloop
  endfacet
  facet normal -0.7518398074789938 0.6593458151000502 0
    outer loop
      vertex 125.54335334029123 3.641238570991277 1.5
      vertex 125.45710678118655 3.542893218813454 1.5
      vertex 125.54335334029123 3.641238570991277 8.5
    endloop
  endfacet
  facet normal -0.4422886902189658 0.8968727415327059 0
    outer loop
      vertex 125.25 3.383974596215559 1.5
      vertex 125.13268343236508 3.326120467488714 1.5
      vertex 125.25 3.383974596215559 8.5
    endloop
  endfacet
  facet normal -0.5555702330196167 0.8314696123025355 0
    outer loop
      vertex 125.35876142900872 3.456646659708767 1.5
      vertex 125.25 3.383974596215559 1.5
      vertex 125.35876142900872 3.456646659708767 8.5
    endloop
  endfacet
  facet normal -0.32143946530317763 0.9469301294951001 0
    outer loop
      vertex 125.13268343236508 3.326120467488714 1.5
      vertex 125.00881904510253 3.284074173710934 1.5
      vertex 125.13268343236508 3.326120467488714 8.5
    endloop
  endfacet
  facet normal -0.997858923238602 0.06540312923016545 0
    outer loop
      vertex 125.74144486137381 4.119473807779947 1.5
      vertex 125.74144486137381 4.119473807779947 8.5
      vertex 125.75 4.25 8.5
    endloop
  endfacet
  facet normal -0.19509032201613155 0.9807852804032298 0
    outer loop
      vertex 124.88052619222005 3.258555138626189 1.5
      vertex 124.88052619222005 3.258555138626189 8.5
      vertex 125.00881904510253 3.284074173710934 8.5
    endloop
  endfacet
  facet normal -0.06540312923014195 0.9978589232386036 0
    outer loop
      vertex 124.75 3.25 1.5
      vertex 124.75 3.25 8.5
      vertex 124.88052619222005 3.258555138626189 8.5
    endloop
  endfacet
  facet normal -0.9807852804032309 0.19509032201612622 0
    outer loop
      vertex 125.71592582628907 3.99118095489748 1.5
      vertex 125.71592582628907 3.99118095489748 8.5
      vertex 125.74144486137381 4.119473807779947 8.5
    endloop
  endfacet
  facet normal -0.946930129495128 0.32143946530309586 0
    outer loop
      vertex 125.6738795325113 3.8673165676349086 1.5
      vertex 125.6738795325113 3.8673165676349086 8.5
      vertex 125.71592582628907 3.99118095489748 8.5
    endloop
  endfacet
  facet normal -0.8968727415326521 0.44228869021907463 0
    outer loop
      vertex 125.61602540378443 3.75 1.5
      vertex 125.61602540378443 3.75 8.5
      vertex 125.6738795325113 3.8673165676349086 8.5
    endloop
  endfacet
  facet normal -0.8314696123025606 0.5555702330195792 0
    outer loop
      vertex 125.54335334029123 3.641238570991277 1.5
      vertex 125.54335334029123 3.641238570991277 8.5
      vertex 125.61602540378443 3.75 8.5
    endloop
  endfacet
  facet normal -0.659345815100054 0.7518398074789905 0
    outer loop
      vertex 125.35876142900872 3.456646659708767 1.5
      vertex 125.35876142900872 3.456646659708767 8.5
      vertex 125.45710678118655 3.542893218813454 8.5
    endloop
  endfacet
  facet normal -0.7518398074789938 0.6593458151000502 0
    outer loop
      vertex 125.45710678118655 3.542893218813454 1.5
      vertex 125.45710678118655 3.542893218813454 8.5
      vertex 125.54335334029123 3.641238570991277 8.5
    endloop
  endfacet
  facet normal -0.5555702330196167 0.8314696123025355 0
    outer loop
      vertex 125.25 3.383974596215559 1.5
      vertex 125.25 3.383974596215559 8.5
      vertex 125.35876142900872 3.456646659708767 8.5
    endloop
  endfacet
  facet normal -0.4422886902189658 0.8968727415327059 0
    outer loop
      vertex 125.13268343236508 3.326120467488714 1.5
      vertex 125.13268343236508 3.326120467488714 8.5
      vertex 125.25 3.383974596215559 8.5
    endloop
  endfacet
  facet normal -0.32143946530317763 0.9469301294951001 0
    outer loop
      vertex 125.00881904510253 3.284074173710934 1.5
      vertex 125.00881904510253 3.284074173710934 8.5
      vertex 125.13268343236508 3.326120467488714 8.5
    endloop
  endfacet
  facet normal 0.3214394653031746 -0.9469301294951011 -1.1950537039131904e-19
    outer loop
      vertex 1.9911809548974793 20.71592582628907 8.51
      vertex 1.8673165676349102 20.673879532511286 17
      vertex 1.8673165676349102 20.673879532511286 8.51
    endloop
  endfacet
  facet normal 0.4422886902190044 -0.8968727415326868 3.5390284241509916e-19
    outer loop
      vertex 1.8673165676349102 20.673879532511286 8.51
      vertex 1.75 20.616025403784437 17
      vertex 1.75 20.616025403784437 8.51
    endloop
  endfacet
  facet normal 0.19509032201612297 -0.9807852804032314 0
    outer loop
      vertex 1.9911809548974793 20.71592582628907 8.51
      vertex 2.1194738077799484 20.74144486137381 8.51
      vertex 1.9911809548974793 20.71592582628907 17
    endloop
  endfacet
  facet normal 0.06540312923013906 -0.9978589232386037 0
    outer loop
      vertex 2.1194738077799484 20.74144486137381 8.51
      vertex 2.25 20.75 8.51
      vertex 2.1194738077799484 20.74144486137381 17
    endloop
  endfacet
  facet normal 0 -1 0
    outer loop
      vertex 2.25 20.75 8.51
      vertex 4.5 20.75 8.51
      vertex 2.25 20.75 17
    endloop
  endfacet
  facet normal 0.5555702330195879 -0.8314696123025549 -7.745222295952549e-19
    outer loop
      vertex 1.75 20.616025403784437 8.51
      vertex 1.6412385709912793 20.543353340291237 17
      vertex 1.6412385709912793 20.543353340291237 8.51
    endloop
  endfacet
  facet normal 0.6593458151000818 -0.751839807478966 5.381706293171519e-19
    outer loop
      vertex 1.6412385709912793 20.543353340291237 8.51
      vertex 1.5428932188134525 20.457106781186546 17
      vertex 1.5428932188134525 20.457106781186546 8.51
    endloop
  endfacet
  facet normal 0.7518398074789762 -0.6593458151000702 -5.337458581670577e-19
    outer loop
      vertex 1.5428932188134525 20.457106781186546 8.51
      vertex 1.4566466597087648 20.35876142900872 17
      vertex 1.4566466597087648 20.35876142900872 8.51
    endloop
  endfacet
  facet normal 0.8314696123025429 -0.5555702330196058 8.059580219984352e-20
    outer loop
      vertex 1.4566466597087648 20.35876142900872 8.51
      vertex 1.3839745962155614 20.25 17
      vertex 1.3839745962155614 20.25 8.51
    endloop
  endfacet
  facet normal 0.8968727415326857 -0.44228869021900635 -2.245865916339299e-19
    outer loop
      vertex 1.3839745962155614 20.25 8.51
      vertex 1.3261204674887133 20.13268343236509 17
      vertex 1.3261204674887133 20.13268343236509 8.51
    endloop
  endfacet
  facet normal 0.9469301294951078 -0.32143946530315526 -1.0481039535880151e-19
    outer loop
      vertex 1.3261204674887133 20.13268343236509 8.51
      vertex 1.2840741737109318 20.00881904510252 17
      vertex 1.2840741737109318 20.00881904510252 8.51
    endloop
  endfacet
  facet normal 0.9807852804032295 -0.19509032201613277 3.751275236893896e-20
    outer loop
      vertex 1.2840741737109318 20.00881904510252 8.51
      vertex 1.2585551386261895 19.880526192220053 17
      vertex 1.2585551386261895 19.880526192220053 8.51
    endloop
  endfacet
  facet normal 0.9978589232386037 -0.0654031292301418 8.196589919746722e-20
    outer loop
      vertex 1.2585551386261895 19.880526192220053 8.51
      vertex 1.25 19.75 17
      vertex 1.25 19.75 8.51
    endloop
  endfacet
  facet normal 1 0 0
    outer loop
      vertex 1.25 19.75 8.5
      vertex 1.25 19.75 8.51
      vertex 1.25 14.75 14
    endloop
  endfacet
  facet normal 0.3214394653031746 -0.9469301294951011 0
    outer loop
      vertex 1.9911809548974793 20.71592582628907 8.51
      vertex 1.9911809548974793 20.71592582628907 17
      vertex 1.8673165676349102 20.673879532511286 17
    endloop
  endfacet
  facet normal 0.4422886902190044 -0.8968727415326868 0
    outer loop
      vertex 1.8673165676349102 20.673879532511286 8.51
      vertex 1.8673165676349102 20.673879532511286 17
      vertex 1.75 20.616025403784437 17
    endloop
  endfacet
  facet normal 0.19509032201612297 -0.9807852804032314 0
    outer loop
      vertex 2.1194738077799484 20.74144486137381 8.51
      vertex 2.1194738077799484 20.74144486137381 17
      vertex 1.9911809548974793 20.71592582628907 17
    endloop
  endfacet
  facet normal 0.06540312923013906 -0.9978589232386037 0
    outer loop
      vertex 2.25 20.75 8.51
      vertex 2.25 20.75 17
      vertex 2.1194738077799484 20.74144486137381 17
    endloop
  endfacet
  facet normal 0 -1 0
    outer loop
      vertex 4.5 20.75 8.51
      vertex 4.5 20.75 17
      vertex 2.25 20.75 17
    endloop
  endfacet
  facet normal 0.5555702330195879 -0.8314696123025549 0
    outer loop
      vertex 1.75 20.616025403784437 8.51
      vertex 1.75 20.616025403784437 17
      vertex 1.6412385709912793 20.543353340291237 17
    endloop
  endfacet
  facet normal 0.6593458151000818 -0.751839807478966 0
    outer loop
      vertex 1.6412385709912793 20.543353340291237 8.51
      vertex 1.6412385709912793 20.543353340291237 17
      vertex 1.5428932188134525 20.457106781186546 17
    endloop
  endfacet
  facet normal 0.8314696123025429 -0.5555702330196058 0
    outer loop
      vertex 1.4566466597087648 20.35876142900872 8.51
      vertex 1.4566466597087648 20.35876142900872 17
      vertex 1.3839745962155614 20.25 17
    endloop
  endfacet
  facet normal 0.7518398074789762 -0.6593458151000702 0
    outer loop
      vertex 1.5428932188134525 20.457106781186546 8.51
      vertex 1.5428932188134525 20.457106781186546 17
      vertex 1.4566466597087648 20.35876142900872 17
    endloop
  endfacet
  facet normal 0.8968727415326857 -0.44228869021900635 0
    outer loop
      vertex 1.3839745962155614 20.25 8.51
      vertex 1.3839745962155614 20.25 17
      vertex 1.3261204674887133 20.13268343236509 17
    endloop
  endfacet
  facet normal 0.9469301294951078 -0.32143946530315526 0
    outer loop
      vertex 1.3261204674887133 20.13268343236509 8.51
      vertex 1.3261204674887133 20.13268343236509 17
      vertex 1.2840741737109318 20.00881904510252 17
    endloop
  endfacet
  facet normal 0.9807852804032295 -0.19509032201613277 0
    outer loop
      vertex 1.2840741737109318 20.00881904510252 8.51
      vertex 1.2840741737109318 20.00881904510252 17
      vertex 1.2585551386261895 19.880526192220053 17
    endloop
  endfacet
  facet normal 0.9978589232386037 -0.0654031292301418 0
    outer loop
      vertex 1.2585551386261895 19.880526192220053 8.51
      vertex 1.2585551386261895 19.880526192220053 17
      vertex 1.25 19.75 17
    endloop
  endfacet
  facet normal 1 0 0
    outer loop
      vertex 1.25 19.75 8.51
      vertex 1.25 19.75 17
      vertex 1.25 14.75 14
    endloop
  endfacet
  facet normal 0 -1 0
    outer loop
      vertex 16 20.75 8.5
      vertex 46.25 20.75 13
      vertex 16 20.75 17
    endloop
  endfacet
  facet normal 0 -1 0
    outer loop
      vertex 16 20.75 17
      vertex 46.25 20.75 13
      vertex 23.5625 20.75 17
    endloop
  endfacet
  facet normal 1 0 0
    outer loop
      vertex 1.25 19.75 8.5
      vertex 1.25 14.75 14
      vertex 1.25 14.75 13
    endloop
  endfacet
  facet normal 1 0 0
    outer loop
      vertex 1.25 19.75 8.5
      vertex 1.25 14.75 13
      vertex 1.25 7.25 13
    endloop
  endfacet
  facet normal 1 0 0
    outer loop
      vertex 1.25 19.75 17
      vertex 1.25 2.25 17
      vertex 1.25 14.75 14
    endloop
  endfacet
  facet normal 0 0 1
    outer loop
      vertex 38 20.75 8.5
      vertex 38 18.75 8.5
      vertex 45.5 20.25 8.5
    endloop
  endfacet
  facet normal 0 0 1
    outer loop
      vertex 45.5 20.25 8.5
      vertex 38 18.75 8.5
      vertex 45.5 18.75 8.5
    endloop
  endfacet
  facet normal 0 0 1
    outer loop
      vertex 38 20.75 8.5
      vertex 45.5 20.25 8.5
      vertex 69.5 20.25 8.5
    endloop
  endfacet
  facet normal 0 -1 0
    outer loop
      vertex 16 20.75 8.5
      vertex 38 20.75 8.5
      vertex 124.75 20.75 8.8
    endloop
  endfacet
  facet normal 0 -1 0
    outer loop
      vertex 16 20.75 8.5
      vertex 118.25 20.75 8.8
      vertex 46.25 20.75 13
    endloop
  endfacet
  facet normal 0 -1 0
    outer loop
      vertex 23.5625 20.75 17
      vertex 46.25 20.75 13
      vertex 46.25 20.75 14
    endloop
  endfacet
  facet normal 0 -1 0
    outer loop
      vertex 23.5625 20.75 17
      vertex 46.25 20.75 14
      vertex 53.75 20.75 14
    endloop
  endfacet
  facet normal 1 0 0
    outer loop
      vertex 1.25 19.75 8.5
      vertex 1.25 7.25 13
      vertex 1.25 2.25 8.5
    endloop
  endfacet
  facet normal 1 0 0
    outer loop
      vertex 1.25 7.25 13
      vertex 1.25 7.25 14
      vertex 1.25 2.25 8.5
    endloop
  endfacet
  facet normal 1 0 0
    outer loop
      vertex 1.25 14.75 14
      vertex 1.25 2.25 17
      vertex 1.25 7.25 14
    endloop
  endfacet
  facet normal 1 0 0
    outer loop
      vertex 1.25 7.25 14
      vertex 1.25 2.25 8.51
      vertex 1.25 2.25 8.5
    endloop
  endfacet
  facet normal 0.9978589232386037 0.0654031292301418 -8.196589919746722e-20
    outer loop
      vertex 1.25 2.25 8.51
      vertex 1.2585551386261895 2.119473807779947 17
      vertex 1.2585551386261895 2.119473807779947 8.51
    endloop
  endfacet
  facet normal 0.9807852804032295 0.19509032201613277 -3.751275236893896e-20
    outer loop
      vertex 1.2585551386261895 2.119473807779947 8.51
      vertex 1.2840741737109318 1.9911809548974801 17
      vertex 1.2840741737109318 1.9911809548974801 8.51
    endloop
  endfacet
  facet normal 0.9469301294951078 0.32143946530315526 1.0481039535880151e-19
    outer loop
      vertex 1.2840741737109318 1.9911809548974801 8.51
      vertex 1.3261204674887133 1.8673165676349086 17
      vertex 1.3261204674887133 1.8673165676349086 8.51
    endloop
  endfacet
  facet normal 0.8968727415326857 0.44228869021900635 2.245865916339299e-19
    outer loop
      vertex 1.3261204674887133 1.8673165676349086 8.51
      vertex 1.3839745962155614 1.75 17
      vertex 1.3839745962155614 1.75 8.51
    endloop
  endfacet
  facet normal 0.8314696123025429 0.5555702330196058 -8.059580219984352e-20
    outer loop
      vertex 1.3839745962155614 1.75 8.51
      vertex 1.4566466597087648 1.6412385709912805 17
      vertex 1.4566466597087648 1.6412385709912805 8.51
    endloop
  endfacet
  facet normal 0.7518398074789762 0.6593458151000702 5.337458581670577e-19
    outer loop
      vertex 1.4566466597087648 1.6412385709912805 8.51
      vertex 1.5428932188134525 1.5428932188134539 17
      vertex 1.5428932188134525 1.5428932188134539 8.51
    endloop
  endfacet
  facet normal 0.6593458151000818 0.751839807478966 -5.381706293171519e-19
    outer loop
      vertex 1.5428932188134525 1.5428932188134539 8.51
      vertex 1.6412385709912793 1.4566466597087633 17
      vertex 1.6412385709912793 1.4566466597087633 8.51
    endloop
  endfacet
  facet normal 0.5555702330195879 0.8314696123025549 7.745222295952549e-19
    outer loop
      vertex 1.6412385709912793 1.4566466597087633 8.51
      vertex 1.75 1.3839745962155625 17
      vertex 1.75 1.3839745962155625 8.51
    endloop
  endfacet
  facet normal 0.4422886902190044 0.8968727415326868 -3.5390284241509916e-19
    outer loop
      vertex 1.75 1.3839745962155625 8.51
      vertex 1.8673165676349102 1.326120467488714 17
      vertex 1.8673165676349102 1.326120467488714 8.51
    endloop
  endfacet
  facet normal 0.3214394653031746 0.9469301294951011 1.1950537039131904e-19
    outer loop
      vertex 1.8673165676349102 1.326120467488714 8.51
      vertex 1.9911809548974793 1.2840741737109305 17
      vertex 1.9911809548974793 1.2840741737109305 8.51
    endloop
  endfacet
  facet normal 0.19509032201612297 0.9807852804032314 -3.8103939645776986e-21
    outer loop
      vertex 1.9911809548974793 1.2840741737109305 8.51
      vertex 2.1194738077799484 1.258555138626189 17
      vertex 2.1194738077799484 1.258555138626189 8.51
    endloop
  endfacet
  facet normal 0.06540312923013906 0.9978589232386037 8.993996509431125e-20
    outer loop
      vertex 2.1194738077799484 1.258555138626189 8.51
      vertex 2.25 1.25 17
      vertex 2.25 1.25 8.51
    endloop
  endfacet
  facet normal 0 1 0
    outer loop
      vertex 2.25 1.25 8.5
      vertex 2.25 1.25 8.51
      vertex 46.25 1.25 13
    endloop
  endfacet
  facet normal 0 1 0
    outer loop
      vertex 2.25 1.25 8.51
      vertex 46.25 1.25 14
      vertex 46.25 1.25 13
    endloop
  endfacet
  facet normal 1 0 0
    outer loop
      vertex 1.25 7.25 14
      vertex 1.25 2.25 17
      vertex 1.25 2.25 8.51
    endloop
  endfacet
  facet normal 0.9978589232386037 0.0654031292301418 0
    outer loop
      vertex 1.25 2.25 8.51
      vertex 1.25 2.25 17
      vertex 1.2585551386261895 2.119473807779947 17
    endloop
  endfacet
  facet normal 0.9807852804032295 0.19509032201613277 0
    outer loop
      vertex 1.2585551386261895 2.119473807779947 8.51
      vertex 1.2585551386261895 2.119473807779947 17
      vertex 1.2840741737109318 1.9911809548974801 17
    endloop
  endfacet
  facet normal 0.9469301294951078 0.32143946530315526 0
    outer loop
      vertex 1.2840741737109318 1.9911809548974801 8.51
      vertex 1.2840741737109318 1.9911809548974801 17
      vertex 1.3261204674887133 1.8673165676349086 17
    endloop
  endfacet
  facet normal 0.8968727415326857 0.44228869021900635 0
    outer loop
      vertex 1.3261204674887133 1.8673165676349086 8.51
      vertex 1.3261204674887133 1.8673165676349086 17
      vertex 1.3839745962155614 1.75 17
    endloop
  endfacet
  facet normal 0.8314696123025429 0.5555702330196058 0
    outer loop
      vertex 1.3839745962155614 1.75 8.51
      vertex 1.3839745962155614 1.75 17
      vertex 1.4566466597087648 1.6412385709912805 17
    endloop
  endfacet
  facet normal 0.7518398074789762 0.6593458151000702 0
    outer loop
      vertex 1.4566466597087648 1.6412385709912805 8.51
      vertex 1.4566466597087648 1.6412385709912805 17
      vertex 1.5428932188134525 1.5428932188134539 17
    endloop
  endfacet
  facet normal 0.6593458151000818 0.751839807478966 0
    outer loop
      vertex 1.5428932188134525 1.5428932188134539 8.51
      vertex 1.5428932188134525 1.5428932188134539 17
      vertex 1.6412385709912793 1.4566466597087633 17
    endloop
  endfacet
  facet normal 0.5555702330195879 0.8314696123025549 0
    outer loop
      vertex 1.6412385709912793 1.4566466597087633 8.51
      vertex 1.6412385709912793 1.4566466597087633 17
      vertex 1.75 1.3839745962155625 17
    endloop
  endfacet
  facet normal 0.4422886902190044 0.8968727415326868 0
    outer loop
      vertex 1.75 1.3839745962155625 8.51
      vertex 1.75 1.3839745962155625 17
      vertex 1.8673165676349102 1.326120467488714 17
    endloop
  endfacet
  facet normal 0.3214394653031746 0.9469301294951011 0
    outer loop
      vertex 1.8673165676349102 1.326120467488714 8.51
      vertex 1.8673165676349102 1.326120467488714 17
      vertex 1.9911809548974793 1.2840741737109305 17
    endloop
  endfacet
  facet normal 0.19509032201612297 0.9807852804032314 0
    outer loop
      vertex 1.9911809548974793 1.2840741737109305 8.51
      vertex 1.9911809548974793 1.2840741737109305 17
      vertex 2.1194738077799484 1.258555138626189 17
    endloop
  endfacet
  facet normal 0.06540312923013906 0.9978589232386037 0
    outer loop
      vertex 2.1194738077799484 1.258555138626189 8.51
      vertex 2.1194738077799484 1.258555138626189 17
      vertex 2.25 1.25 17
    endloop
  endfacet
  facet normal 0 1 0
    outer loop
      vertex 2.25 1.25 8.51
      vertex 2.25 1.25 17
      vertex 46.25 1.25 14
    endloop
  endfacet
  facet normal 0 0 1
    outer loop
      vertex 38 3.25 8.5
      vertex 38 1.25 8.5
      vertex 45.5 3.25 8.5
    endloop
  endfacet
  facet normal 0 0 1
    outer loop
      vertex 45.5 3.25 8.5
      vertex 38 1.25 8.5
      vertex 45.5 1.75 8.5
    endloop
  endfacet
  facet normal 0 0 1
    outer loop
      vertex 38 1.25 8.5
      vertex 69.5 1.75 8.5
      vertex 45.5 1.75 8.5
    endloop
  endfacet
  facet normal 0 1 0
    outer loop
      vertex 2.25 1.25 8.5
      vertex 118.25 1.25 8.8
      vertex 38 1.25 8.5
    endloop
  endfacet
  facet normal 0 1 0
    outer loop
      vertex 2.25 1.25 8.5
      vertex 46.25 1.25 13
      vertex 118.25 1.25 8.8
    endloop
  endfacet
  facet normal 0 1 0
    outer loop
      vertex 2.25 1.25 17
      vertex 53.75 1.25 14
      vertex 46.25 1.25 14
    endloop
  endfacet
  facet normal 0 1 0
    outer loop
      vertex 2.25 1.25 17
      vertex 126.75 1.25 17
      vertex 53.75 1.25 14
    endloop
  endfacet
  facet normal 0 0 1
    outer loop
      vertex 38 20.75 8.5
      vertex 69.5 20.25 8.5
      vertex 126.75 20.75 8.5
    endloop
  endfacet
  facet normal 0 -1 0
    outer loop
      vertex 46.25 20.75 13
      vertex 118.25 20.75 8.8
      vertex 53.75 20.75 13
    endloop
  endfacet
  facet normal 0 -1 0
    outer loop
      vertex 53.75 20.75 13
      vertex 118.25 20.75 8.8
      vertex 53.75 20.75 14
    endloop
  endfacet
  facet normal 0 -1 0
    outer loop
      vertex 16 20.75 8.5
      vertex 124.75 20.75 8.8
      vertex 118.25 20.75 8.8
    endloop
  endfacet
  facet normal 0 0 1
    outer loop
      vertex 69.5 20.25 8.5
      vertex 69.5 18.75 8.5
      vertex 126.75 20.75 8.5
    endloop
  endfacet
  facet normal 0 -1 0
    outer loop
      vertex 38 20.75 8.5
      vertex 126.75 20.75 8.5
      vertex 124.75 20.75 8.8
    endloop
  endfacet
  facet normal 0 -1 0
    outer loop
      vertex 23.5625 20.75 17
      vertex 118.25 20.75 8.8
      vertex 118.25 20.75 9.7
    endloop
  endfacet
  facet normal 0 -1 0
    outer loop
      vertex 23.5625 20.75 17
      vertex 118.25 20.75 9.7
      vertex 124.75 20.75 9.7
    endloop
  endfacet
  facet normal 0 -1 0
    outer loop
      vertex 23.5625 20.75 17
      vertex 53.75 20.75 14
      vertex 118.25 20.75 8.8
    endloop
  endfacet
  facet normal 0 -1 0
    outer loop
      vertex 23.5625 20.75 17
      vertex 124.75 20.75 9.7
      vertex 126.75 20.75 17
    endloop
  endfacet
  facet normal 0 0 1
    outer loop
      vertex 69.5 18.75 8.5
      vertex 127.75 19.75 8.5
      vertex 126.75 20.75 8.5
    endloop
  endfacet
  facet normal 0 0 1
    outer loop
      vertex 69.5 18.75 8.5
      vertex 124.75 18.75 8.5
      vertex 127.75 19.75 8.5
    endloop
  endfacet
  facet normal 0 0 1
    outer loop
      vertex 126.75 20.75 8.5
      vertex 127.00881904510253 20.71592582628907 8.5
      vertex 126.88052619222005 20.74144486137381 8.5
    endloop
  endfacet
  facet normal 0 0 1
    outer loop
      vertex 126.75 20.75 8.5
      vertex 127.13268343236508 20.673879532511286 8.5
      vertex 127.00881904510253 20.71592582628907 8.5
    endloop
  endfacet
  facet normal 0 -1 0
    outer loop
      vertex 124.75 20.75 8.8
      vertex 126.75 20.75 8.5
      vertex 124.75 20.75 9.7
    endloop
  endfacet
  facet normal 0 0 1
    outer loop
      vertex 126.75 20.75 8.5
      vertex 127.45710678118655 20.457106781186546 8.5
      vertex 127.13268343236508 20.673879532511286 8.5
    endloop
  endfacet
  facet normal 0 0 1
    outer loop
      vertex 127.13268343236508 20.673879532511286 8.5
      vertex 127.35876142900872 20.543353340291237 8.5
      vertex 127.25 20.616025403784437 8.5
    endloop
  endfacet
  facet normal 0 0 1
    outer loop
      vertex 127.13268343236508 20.673879532511286 8.5
      vertex 127.45710678118655 20.457106781186546 8.5
      vertex 127.35876142900872 20.543353340291237 8.5
    endloop
  endfacet
  facet normal 0 0 1
    outer loop
      vertex 126.75 20.75 8.5
      vertex 127.75 19.75 8.5
      vertex 127.45710678118655 20.457106781186546 8.5
    endloop
  endfacet
  facet normal 0 0 1
    outer loop
      vertex 127.45710678118655 20.457106781186546 8.5
      vertex 127.6738795325113 20.13268343236509 8.5
      vertex 127.54335334029123 20.35876142900872 8.5
    endloop
  endfacet
  facet normal 0 0 1
    outer loop
      vertex 127.54335334029123 20.35876142900872 8.5
      vertex 127.6738795325113 20.13268343236509 8.5
      vertex 127.61602540378443 20.25 8.5
    endloop
  endfacet
  facet normal 0 0 1
    outer loop
      vertex 127.45710678118655 20.457106781186546 8.5
      vertex 127.75 19.75 8.5
      vertex 127.6738795325113 20.13268343236509 8.5
    endloop
  endfacet
  facet normal 0 0 1
    outer loop
      vertex 127.6738795325113 20.13268343236509 8.5
      vertex 127.74144486137381 19.880526192220053 8.5
      vertex 127.71592582628907 20.00881904510252 8.5
    endloop
  endfacet
  facet normal 0 0 1
    outer loop
      vertex 127.6738795325113 20.13268343236509 8.5
      vertex 127.75 19.75 8.5
      vertex 127.74144486137381 19.880526192220053 8.5
    endloop
  endfacet
  facet normal -0.06540312923014195 -0.9978589232386035 0
    outer loop
      vertex 126.75 20.75 8.5
      vertex 126.88052619222005 20.74144486137381 8.5
      vertex 126.75 20.75 17
    endloop
  endfacet
  facet normal -0.19509032201610543 -0.980785280403235 0
    outer loop
      vertex 126.88052619222005 20.74144486137381 8.5
      vertex 127.00881904510253 20.71592582628907 8.5
      vertex 126.88052619222005 20.74144486137381 17
    endloop
  endfacet
  facet normal -0.32143946530320194 -0.9469301294950918 0
    outer loop
      vertex 127.00881904510253 20.71592582628907 8.5
      vertex 127.13268343236508 20.673879532511286 8.5
      vertex 127.00881904510253 20.71592582628907 17
    endloop
  endfacet
  facet normal -0.44228869021898765 -0.8968727415326951 0
    outer loop
      vertex 127.13268343236508 20.673879532511286 8.5
      vertex 127.25 20.616025403784437 8.5
      vertex 127.13268343236508 20.673879532511286 17
    endloop
  endfacet
  facet normal 0 -1 0
    outer loop
      vertex 126.75 20.75 8.5
      vertex 126.75 20.75 17
      vertex 124.75 20.75 9.7
    endloop
  endfacet
  facet normal -0.5555702330195792 -0.8314696123025606 0
    outer loop
      vertex 127.25 20.616025403784437 8.5
      vertex 127.35876142900872 20.543353340291237 8.5
      vertex 127.25 20.616025403784437 17
    endloop
  endfacet
  facet normal -0.6593458151000693 -0.751839807478977 0
    outer loop
      vertex 127.35876142900872 20.543353340291237 8.5
      vertex 127.45710678118655 20.457106781186546 8.5
      vertex 127.35876142900872 20.543353340291237 17
    endloop
  endfacet
  facet normal -0.7518398074790056 -0.6593458151000366 0
    outer loop
      vertex 127.45710678118655 20.457106781186546 8.5
      vertex 127.54335334029123 20.35876142900872 8.5
      vertex 127.45710678118655 20.457106781186546 17
    endloop
  endfacet
  facet normal -0.8314696123025523 -0.5555702330195917 0
    outer loop
      vertex 127.54335334029123 20.35876142900872 8.5
      vertex 127.61602540378443 20.25 8.5
      vertex 127.54335334029123 20.35876142900872 17
    endloop
  endfacet
  facet normal -0.8968727415326521 -0.4422886902190747 0
    outer loop
      vertex 127.61602540378443 20.25 8.5
      vertex 127.6738795325113 20.13268343236509 8.5
      vertex 127.61602540378443 20.25 17
    endloop
  endfacet
  facet normal -0.9469301294951279 -0.3214394653030958 0
    outer loop
      vertex 127.6738795325113 20.13268343236509 8.5
      vertex 127.71592582628907 20.00881904510252 8.5
      vertex 127.6738795325113 20.13268343236509 17
    endloop
  endfacet
  facet normal -0.9807852804032309 -0.19509032201612622 0
    outer loop
      vertex 127.71592582628907 20.00881904510252 8.5
      vertex 127.74144486137381 19.880526192220053 8.5
      vertex 127.71592582628907 20.00881904510252 17
    endloop
  endfacet
  facet normal -0.9978589232386023 -0.06540312923016546 0
    outer loop
      vertex 127.74144486137381 19.880526192220053 8.5
      vertex 127.75 19.75 8.5
      vertex 127.74144486137381 19.880526192220053 17
    endloop
  endfacet
  facet normal 0 0 1
    outer loop
      vertex 127.75 19.75 8.5
      vertex 124.75 18.75 8.5
      vertex 124.88052619222005 18.74144486137381 8.5
    endloop
  endfacet
  facet normal 0 0 1
    outer loop
      vertex 127.75 19.75 8.5
      vertex 124.88052619222005 18.74144486137381 8.5
      vertex 125.00881904510253 18.71592582628907 8.5
    endloop
  endfacet
  facet normal 0 0 1
    outer loop
      vertex 127.75 19.75 8.5
      vertex 125.00881904510253 18.71592582628907 8.5
      vertex 125.13268343236508 18.673879532511286 8.5
    endloop
  endfacet
  facet normal 0 0 1
    outer loop
      vertex 127.75 19.75 8.5
      vertex 125.13268343236508 18.673879532511286 8.5
      vertex 125.25 18.616025403784437 8.5
    endloop
  endfacet
  facet normal 0 0 1
    outer loop
      vertex 127.75 19.75 8.5
      vertex 125.25 18.616025403784437 8.5
      vertex 125.35876142900872 18.543353340291233 8.5
    endloop
  endfacet
  facet normal 0 0 1
    outer loop
      vertex 127.75 19.75 8.5
      vertex 125.35876142900872 18.543353340291233 8.5
      vertex 125.45710678118655 18.457106781186546 8.5
    endloop
  endfacet
  facet normal 0 0 1
    outer loop
      vertex 127.75 19.75 8.5
      vertex 125.45710678118655 18.457106781186546 8.5
      vertex 125.54335334029123 18.35876142900872 8.5
    endloop
  endfacet
  facet normal 0 0 1
    outer loop
      vertex 127.75 19.75 8.5
      vertex 125.54335334029123 18.35876142900872 8.5
      vertex 125.61602540378443 18.25 8.5
    endloop
  endfacet
  facet normal 0 0 1
    outer loop
      vertex 127.75 19.75 8.5
      vertex 125.61602540378443 18.25 8.5
      vertex 125.6738795325113 18.13268343236509 8.5
    endloop
  endfacet
  facet normal 0 0 1
    outer loop
      vertex 127.75 19.75 8.5
      vertex 125.6738795325113 18.13268343236509 8.5
      vertex 125.71592582628907 18.00881904510252 8.5
    endloop
  endfacet
  facet normal 0 0 1
    outer loop
      vertex 127.75 19.75 8.5
      vertex 125.71592582628907 18.00881904510252 8.5
      vertex 125.74144486137381 17.880526192220053 8.5
    endloop
  endfacet
  facet normal -0.06540312923014195 -0.9978589232386035 0
    outer loop
      vertex 126.88052619222005 20.74144486137381 8.5
      vertex 126.88052619222005 20.74144486137381 17
      vertex 126.75 20.75 17
    endloop
  endfacet
  facet normal -0.19509032201610543 -0.980785280403235 0
    outer loop
      vertex 127.00881904510253 20.71592582628907 8.5
      vertex 127.00881904510253 20.71592582628907 17
      vertex 126.88052619222005 20.74144486137381 17
    endloop
  endfacet
  facet normal -0.32143946530320194 -0.9469301294950918 0
    outer loop
      vertex 127.13268343236508 20.673879532511286 8.5
      vertex 127.13268343236508 20.673879532511286 17
      vertex 127.00881904510253 20.71592582628907 17
    endloop
  endfacet
  facet normal -0.44228869021898765 -0.8968727415326951 0
    outer loop
      vertex 127.25 20.616025403784437 8.5
      vertex 127.25 20.616025403784437 17
      vertex 127.13268343236508 20.673879532511286 17
    endloop
  endfacet
  facet normal -0.5555702330195792 -0.8314696123025606 0
    outer loop
      vertex 127.35876142900872 20.543353340291237 8.5
      vertex 127.35876142900872 20.543353340291237 17
      vertex 127.25 20.616025403784437 17
    endloop
  endfacet
  facet normal -0.6593458151000693 -0.751839807478977 0
    outer loop
      vertex 127.45710678118655 20.457106781186546 8.5
      vertex 127.45710678118655 20.457106781186546 17
      vertex 127.35876142900872 20.543353340291237 17
    endloop
  endfacet
  facet normal -0.7518398074790056 -0.6593458151000366 0
    outer loop
      vertex 127.54335334029123 20.35876142900872 8.5
      vertex 127.54335334029123 20.35876142900872 17
      vertex 127.45710678118655 20.457106781186546 17
    endloop
  endfacet
  facet normal -0.8314696123025523 -0.5555702330195917 0
    outer loop
      vertex 127.61602540378443 20.25 8.5
      vertex 127.61602540378443 20.25 17
      vertex 127.54335334029123 20.35876142900872 17
    endloop
  endfacet
  facet normal -0.8968727415326521 -0.4422886902190747 0
    outer loop
      vertex 127.6738795325113 20.13268343236509 8.5
      vertex 127.6738795325113 20.13268343236509 17
      vertex 127.61602540378443 20.25 17
    endloop
  endfacet
  facet normal -0.9469301294951279 -0.3214394653030958 0
    outer loop
      vertex 127.71592582628907 20.00881904510252 8.5
      vertex 127.71592582628907 20.00881904510252 17
      vertex 127.6738795325113 20.13268343236509 17
    endloop
  endfacet
  facet normal -0.9807852804032309 -0.19509032201612622 0
    outer loop
      vertex 127.74144486137381 19.880526192220053 8.5
      vertex 127.74144486137381 19.880526192220053 17
      vertex 127.71592582628907 20.00881904510252 17
    endloop
  endfacet
  facet normal -0.9978589232386023 -0.06540312923016546 0
    outer loop
      vertex 127.75 19.75 8.5
      vertex 127.75 19.75 17
      vertex 127.74144486137381 19.880526192220053 17
    endloop
  endfacet
  facet normal -1 0 0
    outer loop
      vertex 127.75 19.75 8.5
      vertex 127.75 2.25 8.5
      vertex 127.75 19.75 17
    endloop
  endfacet
  facet normal 0 0 1
    outer loop
      vertex 127.75 19.75 8.5
      vertex 125.74144486137381 17.880526192220053 8.5
      vertex 126.88052619222005 1.258555138626189 8.5
    endloop
  endfacet
  facet normal 0 0 1
    outer loop
      vertex 125.74144486137381 17.880526192220053 8.5
      vertex 125.75 17.75 8.5
      vertex 126.88052619222005 1.258555138626189 8.5
    endloop
  endfacet
  facet normal 0 0 1
    outer loop
      vertex 38 1.25 8.5
      vertex 126.88052619222005 1.258555138626189 8.5
      vertex 69.5 1.75 8.5
    endloop
  endfacet
  facet normal 0 1 0
    outer loop
      vertex 46.25 1.25 13
      vertex 53.75 1.25 13
      vertex 118.25 1.25 8.8
    endloop
  endfacet
  facet normal 0 1 0
    outer loop
      vertex 53.75 1.25 13
      vertex 53.75 1.25 14
      vertex 118.25 1.25 9.7
    endloop
  endfacet
  facet normal 0 0 1
    outer loop
      vertex 69.5 3.25 8.5
      vertex 69.5 1.75 8.5
      vertex 124.75 3.25 8.5
    endloop
  endfacet
  facet normal 0 1 0
    outer loop
      vertex 38 1.25 8.5
      vertex 118.25 1.25 8.8
      vertex 126.75 1.25 8.5
    endloop
  endfacet
  facet normal 0 0 1
    outer loop
      vertex 125.75 17.75 8.5
      vertex 125.75 4.25 8.5
      vertex 126.88052619222005 1.258555138626189 8.5
    endloop
  endfacet
  facet normal 0 0 1
    outer loop
      vertex 127.75 19.75 8.5
      vertex 126.88052619222005 1.258555138626189 8.5
      vertex 127.75 2.25 8.5
    endloop
  endfacet
  facet normal -1 0 0
    outer loop
      vertex 127.75 19.75 17
      vertex 127.75 2.25 8.5
      vertex 127.75 2.25 17
    endloop
  endfacet
  facet normal 0 0 1
    outer loop
      vertex 38 1.25 8.5
      vertex 126.75 1.25 8.5
      vertex 126.88052619222005 1.258555138626189 8.5
    endloop
  endfacet
  facet normal 0 1 0
    outer loop
      vertex 53.75 1.25 13
      vertex 118.25 1.25 9.7
      vertex 118.25 1.25 8.8
    endloop
  endfacet
  facet normal 0 0 1
    outer loop
      vertex 69.5 1.75 8.5
      vertex 126.88052619222005 1.258555138626189 8.5
      vertex 124.75 3.25 8.5
    endloop
  endfacet
  facet normal 0 0 1
    outer loop
      vertex 125.75 4.25 8.5
      vertex 125.74144486137381 4.119473807779947 8.5
      vertex 126.88052619222005 1.258555138626189 8.5
    endloop
  endfacet
  facet normal 0 0 1
    outer loop
      vertex 125.74144486137381 4.119473807779947 8.5
      vertex 125.71592582628907 3.99118095489748 8.5
      vertex 126.88052619222005 1.258555138626189 8.5
    endloop
  endfacet
  facet normal 0 0 1
    outer loop
      vertex 125.54335334029123 3.641238570991277 8.5
      vertex 125.45710678118655 3.542893218813454 8.5
      vertex 126.88052619222005 1.258555138626189 8.5
    endloop
  endfacet
  facet normal 0 0 1
    outer loop
      vertex 125.45710678118655 3.542893218813454 8.5
      vertex 125.35876142900872 3.456646659708767 8.5
      vertex 126.88052619222005 1.258555138626189 8.5
    endloop
  endfacet
  facet normal 0 0 1
    outer loop
      vertex 125.71592582628907 3.99118095489748 8.5
      vertex 125.6738795325113 3.8673165676349086 8.5
      vertex 126.88052619222005 1.258555138626189 8.5
    endloop
  endfacet
  facet normal 0 0 1
    outer loop
      vertex 125.6738795325113 3.8673165676349086 8.5
      vertex 125.61602540378443 3.75 8.5
      vertex 126.88052619222005 1.258555138626189 8.5
    endloop
  endfacet
  facet normal 0 0 1
    outer loop
      vertex 125.61602540378443 3.75 8.5
      vertex 125.54335334029123 3.641238570991277 8.5
      vertex 126.88052619222005 1.258555138626189 8.5
    endloop
  endfacet
  facet normal 0 0 1
    outer loop
      vertex 125.35876142900872 3.456646659708767 8.5
      vertex 125.25 3.383974596215559 8.5
      vertex 126.88052619222005 1.258555138626189 8.5
    endloop
  endfacet
  facet normal 0 0 1
    outer loop
      vertex 125.13268343236508 3.326120467488714 8.5
      vertex 125.00881904510253 3.284074173710934 8.5
      vertex 126.88052619222005 1.258555138626189 8.5
    endloop
  endfacet
  facet normal 0 0 1
    outer loop
      vertex 124.88052619222005 3.258555138626189 8.5
      vertex 126.88052619222005 1.258555138626189 8.5
      vertex 125.00881904510253 3.284074173710934 8.5
    endloop
  endfacet
  facet normal 0 0 1
    outer loop
      vertex 124.75 3.25 8.5
      vertex 126.88052619222005 1.258555138626189 8.5
      vertex 124.88052619222005 3.258555138626189 8.5
    endloop
  endfacet
  facet normal 0 0 1
    outer loop
      vertex 125.25 3.383974596215559 8.5
      vertex 125.13268343236508 3.326120467488714 8.5
      vertex 126.88052619222005 1.258555138626189 8.5
    endloop
  endfacet
  facet normal 0 0 1
    outer loop
      vertex 127.75 2.25 8.5
      vertex 127.71592582628907 1.9911809548974801 8.5
      vertex 127.74144486137381 2.119473807779947 8.5
    endloop
  endfacet
  facet normal 0 0 1
    outer loop
      vertex 127.75 2.25 8.5
      vertex 127.54335334029123 1.6412385709912805 8.5
      vertex 127.71592582628907 1.9911809548974801 8.5
    endloop
  endfacet
  facet normal 0 0 1
    outer loop
      vertex 127.71592582628907 1.9911809548974801 8.5
      vertex 127.54335334029123 1.6412385709912805 8.5
      vertex 127.6738795325113 1.8673165676349086 8.5
    endloop
  endfacet
  facet normal 0 0 1
    outer loop
      vertex 127.6738795325113 1.8673165676349086 8.5
      vertex 127.54335334029123 1.6412385709912805 8.5
      vertex 127.61602540378443 1.75 8.5
    endloop
  endfacet
  facet normal 0 0 1
    outer loop
      vertex 127.75 2.25 8.5
      vertex 126.88052619222005 1.258555138626189 8.5
      vertex 127.54335334029123 1.6412385709912805 8.5
    endloop
  endfacet
  facet normal 0 0 1
    outer loop
      vertex 127.54335334029123 1.6412385709912805 8.5
      vertex 127.35876142900872 1.4566466597087633 8.5
      vertex 127.45710678118655 1.5428932188134539 8.5
    endloop
  endfacet
  facet normal 0 0 1
    outer loop
      vertex 127.54335334029123 1.6412385709912805 8.5
      vertex 127.25 1.3839745962155625 8.5
      vertex 127.35876142900872 1.4566466597087633 8.5
    endloop
  endfacet
  facet normal 0 0 1
    outer loop
      vertex 127.54335334029123 1.6412385709912805 8.5
      vertex 126.88052619222005 1.258555138626189 8.5
      vertex 127.25 1.3839745962155625 8.5
    endloop
  endfacet
  facet normal 0 1 0
    outer loop
      vertex 118.25 1.25 8.8
      vertex 124.75 1.25 8.8
      vertex 126.75 1.25 8.5
    endloop
  endfacet
  facet normal 0 1 0
    outer loop
      vertex 124.75 1.25 8.8
      vertex 124.75 1.25 9.7
      vertex 126.75 1.25 8.5
    endloop
  endfacet
  facet normal 0 0 1
    outer loop
      vertex 127.25 1.3839745962155625 8.5
      vertex 126.88052619222005 1.258555138626189 8.5
      vertex 127.13268343236508 1.326120467488714 8.5
    endloop
  endfacet
  facet normal 0 0 1
    outer loop
      vertex 126.88052619222005 1.258555138626189 8.5
      vertex 127.00881904510253 1.2840741737109305 8.5
      vertex 127.13268343236508 1.326120467488714 8.5
    endloop
  endfacet
  facet normal -0.9978589232386023 0.06540312923016546 0
    outer loop
      vertex 127.75 2.25 8.5
      vertex 127.74144486137381 2.119473807779947 8.5
      vertex 127.75 2.25 17
    endloop
  endfacet
  facet normal -0.9807852804032309 0.19509032201612622 0
    outer loop
      vertex 127.74144486137381 2.119473807779947 8.5
      vertex 127.71592582628907 1.9911809548974801 8.5
      vertex 127.74144486137381 2.119473807779947 17
    endloop
  endfacet
  facet normal -0.9469301294951279 0.3214394653030958 0
    outer loop
      vertex 127.71592582628907 1.9911809548974801 8.5
      vertex 127.6738795325113 1.8673165676349086 8.5
      vertex 127.71592582628907 1.9911809548974801 17
    endloop
  endfacet
  facet normal -0.8968727415326521 0.4422886902190747 0
    outer loop
      vertex 127.6738795325113 1.8673165676349086 8.5
      vertex 127.61602540378443 1.75 8.5
      vertex 127.6738795325113 1.8673165676349086 17
    endloop
  endfacet
  facet normal -0.8314696123025523 0.5555702330195917 0
    outer loop
      vertex 127.61602540378443 1.75 8.5
      vertex 127.54335334029123 1.6412385709912805 8.5
      vertex 127.61602540378443 1.75 17
    endloop
  endfacet
  facet normal -0.7518398074790056 0.6593458151000366 0
    outer loop
      vertex 127.54335334029123 1.6412385709912805 8.5
      vertex 127.45710678118655 1.5428932188134539 8.5
      vertex 127.54335334029123 1.6412385709912805 17
    endloop
  endfacet
  facet normal -0.6593458151000693 0.751839807478977 0
    outer loop
      vertex 127.45710678118655 1.5428932188134539 8.5
      vertex 127.35876142900872 1.4566466597087633 8.5
      vertex 127.45710678118655 1.5428932188134539 17
    endloop
  endfacet
  facet normal -0.5555702330195792 0.8314696123025606 0
    outer loop
      vertex 127.35876142900872 1.4566466597087633 8.5
      vertex 127.25 1.3839745962155625 8.5
      vertex 127.35876142900872 1.4566466597087633 17
    endloop
  endfacet
  facet normal -0.06540312923014195 0.9978589232386035 -4.5370297108332334e-20
    outer loop
      vertex 126.75 1.25 8.5
      vertex 126.88052619222005 1.258555138626189 17
      vertex 126.88052619222005 1.258555138626189 8.5
    endloop
  endfacet
  facet normal -0.19509032201610543 0.980785280403235 -1.7160760894557594e-19
    outer loop
      vertex 126.88052619222005 1.258555138626189 8.5
      vertex 127.00881904510253 1.2840741737109305 17
      vertex 127.00881904510253 1.2840741737109305 8.5
    endloop
  endfacet
  facet normal -0.44228869021898765 0.8968727415326951 0
    outer loop
      vertex 127.25 1.3839745962155625 8.5
      vertex 127.13268343236508 1.326120467488714 8.5
      vertex 127.25 1.3839745962155625 17
    endloop
  endfacet
  facet normal -0.32143946530320194 0.9469301294950918 0
    outer loop
      vertex 127.13268343236508 1.326120467488714 8.5
      vertex 127.00881904510253 1.2840741737109305 8.5
      vertex 127.13268343236508 1.326120467488714 17
    endloop
  endfacet
  facet normal 0 1 0
    outer loop
      vertex 118.25 1.25 9.7
      vertex 126.75 1.25 17
      vertex 124.75 1.25 9.7
    endloop
  endfacet
  facet normal 0 1 0
    outer loop
      vertex 126.75 1.25 8.5
      vertex 124.75 1.25 9.7
      vertex 126.75 1.25 17
    endloop
  endfacet
  facet normal 0 1 0
    outer loop
      vertex 53.75 1.25 14
      vertex 126.75 1.25 17
      vertex 118.25 1.25 9.7
    endloop
  endfacet
  facet normal -0.9978589232386023 0.06540312923016546 0
    outer loop
      vertex 127.74144486137381 2.119473807779947 8.5
      vertex 127.74144486137381 2.119473807779947 17
      vertex 127.75 2.25 17
    endloop
  endfacet
  facet normal -0.9807852804032309 0.19509032201612622 0
    outer loop
      vertex 127.71592582628907 1.9911809548974801 8.5
      vertex 127.71592582628907 1.9911809548974801 17
      vertex 127.74144486137381 2.119473807779947 17
    endloop
  endfacet
  facet normal -0.9469301294951279 0.3214394653030958 0
    outer loop
      vertex 127.6738795325113 1.8673165676349086 8.5
      vertex 127.6738795325113 1.8673165676349086 17
      vertex 127.71592582628907 1.9911809548974801 17
    endloop
  endfacet
  facet normal -0.8968727415326521 0.4422886902190747 0
    outer loop
      vertex 127.61602540378443 1.75 8.5
      vertex 127.61602540378443 1.75 17
      vertex 127.6738795325113 1.8673165676349086 17
    endloop
  endfacet
  facet normal -0.7518398074790056 0.6593458151000366 0
    outer loop
      vertex 127.45710678118655 1.5428932188134539 8.5
      vertex 127.45710678118655 1.5428932188134539 17
      vertex 127.54335334029123 1.6412385709912805 17
    endloop
  endfacet
  facet normal -0.8314696123025523 0.5555702330195917 0
    outer loop
      vertex 127.54335334029123 1.6412385709912805 8.5
      vertex 127.54335334029123 1.6412385709912805 17
      vertex 127.61602540378443 1.75 17
    endloop
  endfacet
  facet normal -0.6593458151000693 0.751839807478977 0
    outer loop
      vertex 127.35876142900872 1.4566466597087633 8.5
      vertex 127.35876142900872 1.4566466597087633 17
      vertex 127.45710678118655 1.5428932188134539 17
    endloop
  endfacet
  facet normal -0.5555702330195792 0.8314696123025606 0
    outer loop
      vertex 127.25 1.3839745962155625 8.5
      vertex 127.25 1.3839745962155625 17
      vertex 127.35876142900872 1.4566466597087633 17
    endloop
  endfacet
  facet normal -0.06540312923014195 0.9978589232386035 0
    outer loop
      vertex 126.75 1.25 8.5
      vertex 126.75 1.25 17
      vertex 126.88052619222005 1.258555138626189 17
    endloop
  endfacet
  facet normal -0.19509032201610543 0.980785280403235 0
    outer loop
      vertex 126.88052619222005 1.258555138626189 8.5
      vertex 126.88052619222005 1.258555138626189 17
      vertex 127.00881904510253 1.2840741737109305 17
    endloop
  endfacet
  facet normal -0.44228869021898765 0.8968727415326951 0
    outer loop
      vertex 127.13268343236508 1.326120467488714 8.5
      vertex 127.13268343236508 1.326120467488714 17
      vertex 127.25 1.3839745962155625 17
    endloop
  endfacet
  facet normal -0.32143946530320194 0.9469301294950918 0
    outer loop
      vertex 127.00881904510253 1.2840741737109305 8.5
      vertex 127.00881904510253 1.2840741737109305 17
      vertex 127.13268343236508 1.326120467488714 17
    endloop
  endfacet
  facet normal 1 0 0
    outer loop
      vertex 46.25 21.232962913144533 13.37059047744874
      vertex 46.25 21.245722430686904 13.434736903889974
      vertex 46.25 21.232962913144533 13.62940952255126
    endloop
  endfacet
  facet normal 1 0 0
    outer loop
      vertex 46.25 21.245722430686904 13.434736903889974
      vertex 46.25 21.25 13.5
      vertex 46.25 21.245722430686904 13.565263096110026
    endloop
  endfacet
  facet normal 1 0 0
    outer loop
      vertex 46.25 21.245722430686904 13.434736903889974
      vertex 46.25 21.245722430686904 13.565263096110026
      vertex 46.25 21.232962913144533 13.62940952255126
    endloop
  endfacet
  facet normal 1 0 0
    outer loop
      vertex 46.25 21.18301270189222 13.25
      vertex 46.25 21.211939766255643 13.308658283817454
      vertex 46.25 21.18301270189222 13.75
    endloop
  endfacet
  facet normal 1 0 0
    outer loop
      vertex 46.25 21.232962913144533 13.37059047744874
      vertex 46.25 21.211939766255643 13.691341716182546
      vertex 46.25 21.211939766255643 13.308658283817454
    endloop
  endfacet
  facet normal 1 0 0
    outer loop
      vertex 46.25 21.146676670145617 13.19561928549564
      vertex 46.25 21.18301270189222 13.25
      vertex 46.25 21.146676670145617 13.80438071450436
    endloop
  endfacet
  facet normal 1 0 0
    outer loop
      vertex 46.25 21.146676670145617 13.19561928549564
      vertex 46.25 21.103553390593273 13.853553390593273
      vertex 46.25 21.103553390593273 13.146446609406727
    endloop
  endfacet
  facet normal 1 0 0
    outer loop
      vertex 46.25 21.103553390593273 13.146446609406727
      vertex 46.25 21.05438071450436 13.896676670145618
      vertex 46.25 21.05438071450436 13.103323329854382
    endloop
  endfacet
  facet normal 1 0 0
    outer loop
      vertex 46.25 21 13.066987298107781
      vertex 46.25 21.05438071450436 13.103323329854382
      vertex 46.25 21 13.933012701892219
    endloop
  endfacet
  facet normal 1 0 0
    outer loop
      vertex 46.25 21.232962913144533 13.37059047744874
      vertex 46.25 21.232962913144533 13.62940952255126
      vertex 46.25 21.211939766255643 13.691341716182546
    endloop
  endfacet
  facet normal 1 0 0
    outer loop
      vertex 46.25 21.211939766255643 13.308658283817454
      vertex 46.25 21.211939766255643 13.691341716182546
      vertex 46.25 21.18301270189222 13.75
    endloop
  endfacet
  facet normal 1 0 0
    outer loop
      vertex 46.25 21.18301270189222 13.25
      vertex 46.25 21.18301270189222 13.75
      vertex 46.25 21.146676670145617 13.80438071450436
    endloop
  endfacet
  facet normal 1 0 0
    outer loop
      vertex 46.25 21.146676670145617 13.19561928549564
      vertex 46.25 21.146676670145617 13.80438071450436
      vertex 46.25 21.103553390593273 13.853553390593273
    endloop
  endfacet
  facet normal 1 0 0
    outer loop
      vertex 46.25 21.103553390593273 13.146446609406727
      vertex 46.25 21.103553390593273 13.853553390593273
      vertex 46.25 21.05438071450436 13.896676670145618
    endloop
  endfacet
  facet normal 1 0 0
    outer loop
      vertex 46.25 21.05438071450436 13.103323329854382
      vertex 46.25 21.05438071450436 13.896676670145618
      vertex 46.25 21 13.933012701892219
    endloop
  endfacet
  facet normal 1 0 0
    outer loop
      vertex 46.25 21 13.066987298107781
      vertex 46.25 21 13.933012701892219
      vertex 46.25 20.941341716182546 13.961939766255643
    endloop
  endfacet
  facet normal 1 0 0
    outer loop
      vertex 46.25 20.941341716182546 13.038060233744357
      vertex 46.25 20.87940952255126 13.982962913144535
      vertex 46.25 20.87940952255126 13.017037086855465
    endloop
  endfacet
  facet normal 1 0 0
    outer loop
      vertex 46.25 21 13.066987298107781
      vertex 46.25 20.941341716182546 13.961939766255643
      vertex 46.25 20.941341716182546 13.038060233744357
    endloop
  endfacet
  facet normal 1 0 0
    outer loop
      vertex 46.25 20.815263096110026 13.004277569313095
      vertex 46.25 20.87940952255126 13.017037086855465
      vertex 46.25 20.815263096110026 13.995722430686905
    endloop
  endfacet
  facet normal 1 0 0
    outer loop
      vertex 46.25 20.815263096110026 13.004277569313095
      vertex 46.25 20.75 14
      vertex 46.25 20.75 13
    endloop
  endfacet
  facet normal 1 0 0
    outer loop
      vertex 46.25 20.941341716182546 13.038060233744357
      vertex 46.25 20.941341716182546 13.961939766255643
      vertex 46.25 20.87940952255126 13.982962913144535
    endloop
  endfacet
  facet normal 1 0 0
    outer loop
      vertex 46.25 20.87940952255126 13.017037086855465
      vertex 46.25 20.87940952255126 13.982962913144535
      vertex 46.25 20.815263096110026 13.995722430686905
    endloop
  endfacet
  facet normal 1 0 0
    outer loop
      vertex 46.25 20.815263096110026 13.004277569313095
      vertex 46.25 20.815263096110026 13.995722430686905
      vertex 46.25 20.75 14
    endloop
  endfacet
  facet normal 4.2513239081272074e-19 -0.8314696123025271 0.5555702330196293
    outer loop
      vertex 46.25 21.146676670145617 13.19561928549564
      vertex 53.75 21.18301270189222 13.25
      vertex 46.25 21.18301270189222 13.25
    endloop
  endfacet
  facet normal -2.899762587623836e-19 -0.6593458151000963 0.7518398074789534
    outer loop
      vertex 46.25 21.103553390593273 13.146446609406727
      vertex 46.25 21.05438071450436 13.103323329854382
      vertex 53.75 21.05438071450436 13.103323329854382
    endloop
  endfacet
  facet normal 0 -0.5555702330195792 0.8314696123025607
    outer loop
      vertex 46.25 21 13.066987298107781
      vertex 53.75 21 13.066987298107781
      vertex 46.25 21.05438071450436 13.103323329854382
    endloop
  endfacet
  facet normal 0 -0.7518398074789787 0.6593458151000674
    outer loop
      vertex 46.25 21.146676670145617 13.19561928549564
      vertex 46.25 21.103553390593273 13.146446609406727
      vertex 53.75 21.146676670145617 13.19561928549564
    endloop
  endfacet
  facet normal 0 -0.19509032201612622 0.9807852804032308
    outer loop
      vertex 46.25 20.815263096110026 13.004277569313095
      vertex 53.75 20.815263096110026 13.004277569313095
      vertex 46.25 20.87940952255126 13.017037086855465
    endloop
  endfacet
  facet normal 1.1288590102911352e-20 -0.0654031292301384 0.9978589232386038
    outer loop
      vertex 46.25 20.815263096110026 13.004277569313095
      vertex 46.25 20.75 13
      vertex 53.75 20.75 13
    endloop
  endfacet
  facet normal -9.790357374420419e-20 -0.4422886902190091 0.8968727415326844
    outer loop
      vertex 46.25 21 13.066987298107781
      vertex 46.25 20.941341716182546 13.038060233744357
      vertex 53.75 20.941341716182546 13.038060233744357
    endloop
  endfacet
  facet normal 1.1022836738195446e-19 -0.3214394653031689 0.9469301294951031
    outer loop
      vertex 46.25 20.941341716182546 13.038060233744357
      vertex 46.25 20.87940952255126 13.017037086855465
      vertex 53.75 20.87940952255126 13.017037086855465
    endloop
  endfacet
  facet normal 0 -0.8314696123025271 0.5555702330196293
    outer loop
      vertex 46.25 21.146676670145617 13.19561928549564
      vertex 53.75 21.146676670145617 13.19561928549564
      vertex 53.75 21.18301270189222 13.25
    endloop
  endfacet
  facet normal 0 -0.8968727415326953 0.4422886902189873
    outer loop
      vertex 46.25 21.18301270189222 13.25
      vertex 53.75 21.18301270189222 13.25
      vertex 53.75 21.211939766255643 13.308658283817454
    endloop
  endfacet
  facet normal 0 -0.6593458151000963 0.7518398074789534
    outer loop
      vertex 46.25 21.103553390593273 13.146446609406727
      vertex 53.75 21.05438071450436 13.103323329854382
      vertex 53.75 21.103553390593273 13.146446609406727
    endloop
  endfacet
  facet normal 0 -0.4422886902190091 0.8968727415326844
    outer loop
      vertex 46.25 21 13.066987298107781
      vertex 53.75 20.941341716182546 13.038060233744357
      vertex 53.75 21 13.066987298107781
    endloop
  endfacet
  facet normal 0 -0.5555702330195792 0.8314696123025607
    outer loop
      vertex 46.25 21.05438071450436 13.103323329854382
      vertex 53.75 21 13.066987298107781
      vertex 53.75 21.05438071450436 13.103323329854382
    endloop
  endfacet
  facet normal 0 -0.7518398074789787 0.6593458151000674
    outer loop
      vertex 46.25 21.103553390593273 13.146446609406727
      vertex 53.75 21.103553390593273 13.146446609406727
      vertex 53.75 21.146676670145617 13.19561928549564
    endloop
  endfacet
  facet normal 0 -0.19509032201612622 0.9807852804032308
    outer loop
      vertex 46.25 20.87940952255126 13.017037086855465
      vertex 53.75 20.815263096110026 13.004277569313095
      vertex 53.75 20.87940952255126 13.017037086855465
    endloop
  endfacet
  facet normal 0 -0.0654031292301384 0.9978589232386038
    outer loop
      vertex 46.25 20.815263096110026 13.004277569313095
      vertex 53.75 20.75 13
      vertex 53.75 20.815263096110026 13.004277569313095
    endloop
  endfacet
  facet normal 0 -0.3214394653031689 0.9469301294951031
    outer loop
      vertex 46.25 20.941341716182546 13.038060233744357
      vertex 53.75 20.87940952255126 13.017037086855465
      vertex 53.75 20.941341716182546 13.038060233744357
    endloop
  endfacet
  facet normal 7.786825081200892e-20 -0.9807852804032308 0.19509032201612622
    outer loop
      vertex 46.25 21.232962913144533 13.37059047744874
      vertex 53.75 21.245722430686904 13.434736903889974
      vertex 46.25 21.245722430686904 13.434736903889974
    endloop
  endfacet
  facet normal 1.1045617436488672e-19 -0.8968727415326953 0.4422886902189873
    outer loop
      vertex 46.25 21.18301270189222 13.25
      vertex 53.75 21.211939766255643 13.308658283817454
      vertex 46.25 21.211939766255643 13.308658283817454
    endloop
  endfacet
  facet normal 0 -0.9469301294951115 0.32143946530314454
    outer loop
      vertex 46.25 21.232962913144533 13.37059047744874
      vertex 46.25 21.211939766255643 13.308658283817454
      vertex 53.75 21.232962913144533 13.37059047744874
    endloop
  endfacet
  facet normal -3.942297295965827e-20 -0.9978589232386019 0.06540312923016545
    outer loop
      vertex 46.25 21.245722430686904 13.434736903889974
      vertex 53.75 21.25 13.5
      vertex 46.25 21.25 13.5
    endloop
  endfacet
  facet normal 3.942297295965827e-20 -0.9978589232386019 -0.06540312923016545
    outer loop
      vertex 46.25 21.25 13.5
      vertex 53.75 21.245722430686904 13.565263096110026
      vertex 46.25 21.245722430686904 13.565263096110026
    endloop
  endfacet
  facet normal -7.786825081200892e-20 -0.9807852804032308 -0.19509032201612622
    outer loop
      vertex 46.25 21.245722430686904 13.565263096110026
      vertex 53.75 21.232962913144533 13.62940952255126
      vertex 46.25 21.232962913144533 13.62940952255126
    endloop
  endfacet
  facet normal 4.384264186904022e-20 -0.9469301294951115 -0.32143946530314454
    outer loop
      vertex 46.25 21.232962913144533 13.62940952255126
      vertex 53.75 21.211939766255643 13.691341716182546
      vertex 46.25 21.211939766255643 13.691341716182546
    endloop
  endfacet
  facet normal -1.1045617436488672e-19 -0.8968727415326953 -0.4422886902189873
    outer loop
      vertex 46.25 21.211939766255643 13.691341716182546
      vertex 53.75 21.18301270189222 13.75
      vertex 46.25 21.18301270189222 13.75
    endloop
  endfacet
  facet normal -4.2513239081272074e-19 -0.8314696123025271 -0.5555702330196293
    outer loop
      vertex 46.25 21.18301270189222 13.75
      vertex 53.75 21.146676670145617 13.80438071450436
      vertex 46.25 21.146676670145617 13.80438071450436
    endloop
  endfacet
  facet normal 0 -0.9807852804032308 0.19509032201612622
    outer loop
      vertex 46.25 21.232962913144533 13.37059047744874
      vertex 53.75 21.232962913144533 13.37059047744874
      vertex 53.75 21.245722430686904 13.434736903889974
    endloop
  endfacet
  facet normal 0 -0.9469301294951115 0.32143946530314454
    outer loop
      vertex 46.25 21.211939766255643 13.308658283817454
      vertex 53.75 21.211939766255643 13.308658283817454
      vertex 53.75 21.232962913144533 13.37059047744874
    endloop
  endfacet
  facet normal 0 -0.9978589232386019 0.06540312923016545
    outer loop
      vertex 46.25 21.245722430686904 13.434736903889974
      vertex 53.75 21.245722430686904 13.434736903889974
      vertex 53.75 21.25 13.5
    endloop
  endfacet
  facet normal 0 -0.9978589232386019 -0.06540312923016545
    outer loop
      vertex 46.25 21.25 13.5
      vertex 53.75 21.25 13.5
      vertex 53.75 21.245722430686904 13.565263096110026
    endloop
  endfacet
  facet normal 0 -0.9807852804032308 -0.19509032201612622
    outer loop
      vertex 46.25 21.245722430686904 13.565263096110026
      vertex 53.75 21.245722430686904 13.565263096110026
      vertex 53.75 21.232962913144533 13.62940952255126
    endloop
  endfacet
  facet normal 0 -0.9469301294951115 -0.32143946530314454
    outer loop
      vertex 46.25 21.232962913144533 13.62940952255126
      vertex 53.75 21.232962913144533 13.62940952255126
      vertex 53.75 21.211939766255643 13.691341716182546
    endloop
  endfacet
  facet normal 0 -0.8968727415326953 -0.4422886902189873
    outer loop
      vertex 46.25 21.211939766255643 13.691341716182546
      vertex 53.75 21.211939766255643 13.691341716182546
      vertex 53.75 21.18301270189222 13.75
    endloop
  endfacet
  facet normal 0 -0.8314696123025271 -0.5555702330196293
    outer loop
      vertex 46.25 21.18301270189222 13.75
      vertex 53.75 21.18301270189222 13.75
      vertex 53.75 21.146676670145617 13.80438071450436
    endloop
  endfacet
  facet normal -1 0 0
    outer loop
      vertex 53.75 21.146676670145617 13.19561928549564
      vertex 53.75 21.18301270189222 13.75
      vertex 53.75 21.18301270189222 13.25
    endloop
  endfacet
  facet normal -1 0 0
    outer loop
      vertex 53.75 21.232962913144533 13.37059047744874
      vertex 53.75 21.245722430686904 13.565263096110026
      vertex 53.75 21.245722430686904 13.434736903889974
    endloop
  endfacet
  facet normal -1 0 0
    outer loop
      vertex 53.75 21.245722430686904 13.434736903889974
      vertex 53.75 21.245722430686904 13.565263096110026
      vertex 53.75 21.25 13.5
    endloop
  endfacet
  facet normal -1 0 0
    outer loop
      vertex 53.75 21.232962913144533 13.37059047744874
      vertex 53.75 21.232962913144533 13.62940952255126
      vertex 53.75 21.245722430686904 13.565263096110026
    endloop
  endfacet
  facet normal -1 0 0
    outer loop
      vertex 53.75 21.232962913144533 13.37059047744874
      vertex 53.75 21.211939766255643 13.308658283817454
      vertex 53.75 21.232962913144533 13.62940952255126
    endloop
  endfacet
  facet normal -1 0 0
    outer loop
      vertex 53.75 21.18301270189222 13.25
      vertex 53.75 21.211939766255643 13.691341716182546
      vertex 53.75 21.211939766255643 13.308658283817454
    endloop
  endfacet
  facet normal -1 0 0
    outer loop
      vertex 53.75 21.211939766255643 13.308658283817454
      vertex 53.75 21.211939766255643 13.691341716182546
      vertex 53.75 21.232962913144533 13.62940952255126
    endloop
  endfacet
  facet normal -1 0 0
    outer loop
      vertex 53.75 21.146676670145617 13.19561928549564
      vertex 53.75 21.103553390593273 13.146446609406727
      vertex 53.75 21.146676670145617 13.80438071450436
    endloop
  endfacet
  facet normal -1 0 0
    outer loop
      vertex 53.75 21.103553390593273 13.146446609406727
      vertex 53.75 21.05438071450436 13.103323329854382
      vertex 53.75 21.103553390593273 13.853553390593273
    endloop
  endfacet
  facet normal -1 0 0
    outer loop
      vertex 53.75 21 13.066987298107781
      vertex 53.75 20.941341716182546 13.038060233744357
      vertex 53.75 21 13.933012701892219
    endloop
  endfacet
  facet normal -1 0 0
    outer loop
      vertex 53.75 21 13.066987298107781
      vertex 53.75 21.05438071450436 13.896676670145618
      vertex 53.75 21.05438071450436 13.103323329854382
    endloop
  endfacet
  facet normal -1 0 0
    outer loop
      vertex 53.75 21.18301270189222 13.25
      vertex 53.75 21.18301270189222 13.75
      vertex 53.75 21.211939766255643 13.691341716182546
    endloop
  endfacet
  facet normal -1 0 0
    outer loop
      vertex 53.75 21.146676670145617 13.19561928549564
      vertex 53.75 21.146676670145617 13.80438071450436
      vertex 53.75 21.18301270189222 13.75
    endloop
  endfacet
  facet normal -1 0 0
    outer loop
      vertex 53.75 21.103553390593273 13.146446609406727
      vertex 53.75 21.103553390593273 13.853553390593273
      vertex 53.75 21.146676670145617 13.80438071450436
    endloop
  endfacet
  facet normal -1 0 0
    outer loop
      vertex 53.75 21.05438071450436 13.103323329854382
      vertex 53.75 21.05438071450436 13.896676670145618
      vertex 53.75 21.103553390593273 13.853553390593273
    endloop
  endfacet
  facet normal -1 0 0
    outer loop
      vertex 53.75 21 13.066987298107781
      vertex 53.75 21 13.933012701892219
      vertex 53.75 21.05438071450436 13.896676670145618
    endloop
  endfacet
  facet normal -1 0 0
    outer loop
      vertex 53.75 20.941341716182546 13.038060233744357
      vertex 53.75 20.87940952255126 13.017037086855465
      vertex 53.75 20.941341716182546 13.961939766255643
    endloop
  endfacet
  facet normal -1 0 0
    outer loop
      vertex 53.75 20.815263096110026 13.004277569313095
      vertex 53.75 20.87940952255126 13.982962913144535
      vertex 53.75 20.87940952255126 13.017037086855465
    endloop
  endfacet
  facet normal -1 0 0
    outer loop
      vertex 53.75 20.815263096110026 13.004277569313095
      vertex 53.75 20.75 13
      vertex 53.75 20.815263096110026 13.995722430686905
    endloop
  endfacet
  facet normal -1 0 0
    outer loop
      vertex 53.75 20.941341716182546 13.038060233744357
      vertex 53.75 20.941341716182546 13.961939766255643
      vertex 53.75 21 13.933012701892219
    endloop
  endfacet
  facet normal -1 0 0
    outer loop
      vertex 53.75 20.87940952255126 13.017037086855465
      vertex 53.75 20.87940952255126 13.982962913144535
      vertex 53.75 20.941341716182546 13.961939766255643
    endloop
  endfacet
  facet normal -1 0 0
    outer loop
      vertex 53.75 20.815263096110026 13.004277569313095
      vertex 53.75 20.815263096110026 13.995722430686905
      vertex 53.75 20.87940952255126 13.982962913144535
    endloop
  endfacet
  facet normal -1 0 0
    outer loop
      vertex 53.75 20.75 13
      vertex 53.75 20.75 14
      vertex 53.75 20.815263096110026 13.995722430686905
    endloop
  endfacet
  facet normal 9.399213382342021e-20 -0.7518398074789787 -0.6593458151000674
    outer loop
      vertex 46.25 21.146676670145617 13.80438071450436
      vertex 53.75 21.103553390593273 13.853553390593273
      vertex 46.25 21.103553390593273 13.853553390593273
    endloop
  endfacet
  facet normal 0 -0.6593458151000963 -0.7518398074789534
    outer loop
      vertex 46.25 21.103553390593273 13.853553390593273
      vertex 53.75 21.103553390593273 13.853553390593273
      vertex 46.25 21.05438071450436 13.896676670145618
    endloop
  endfacet
  facet normal 0 -0.5555702330195792 -0.8314696123025607
    outer loop
      vertex 46.25 21.05438071450436 13.896676670145618
      vertex 53.75 21.05438071450436 13.896676670145618
      vertex 46.25 21 13.933012701892219
    endloop
  endfacet
  facet normal 0 -0.4422886902190091 -0.8968727415326844
    outer loop
      vertex 46.25 21 13.933012701892219
      vertex 53.75 21 13.933012701892219
      vertex 46.25 20.941341716182546 13.961939766255643
    endloop
  endfacet
  facet normal 0 -0.3214394653031689 -0.9469301294951031
    outer loop
      vertex 46.25 20.941341716182546 13.961939766255643
      vertex 53.75 20.941341716182546 13.961939766255643
      vertex 46.25 20.87940952255126 13.982962913144535
    endloop
  endfacet
  facet normal 0 -0.19509032201612622 -0.9807852804032308
    outer loop
      vertex 46.25 20.87940952255126 13.982962913144535
      vertex 53.75 20.87940952255126 13.982962913144535
      vertex 46.25 20.815263096110026 13.995722430686905
    endloop
  endfacet
  facet normal 0 -0.0654031292301384 -0.9978589232386038
    outer loop
      vertex 46.25 20.815263096110026 13.995722430686905
      vertex 53.75 20.815263096110026 13.995722430686905
      vertex 46.25 20.75 14
    endloop
  endfacet
  facet normal 0 -0.7518398074789787 -0.6593458151000674
    outer loop
      vertex 46.25 21.146676670145617 13.80438071450436
      vertex 53.75 21.146676670145617 13.80438071450436
      vertex 53.75 21.103553390593273 13.853553390593273
    endloop
  endfacet
  facet normal 0 -0.6593458151000963 -0.7518398074789534
    outer loop
      vertex 46.25 21.05438071450436 13.896676670145618
      vertex 53.75 21.103553390593273 13.853553390593273
      vertex 53.75 21.05438071450436 13.896676670145618
    endloop
  endfacet
  facet normal 0 -0.5555702330195792 -0.8314696123025607
    outer loop
      vertex 46.25 21 13.933012701892219
      vertex 53.75 21.05438071450436 13.896676670145618
      vertex 53.75 21 13.933012701892219
    endloop
  endfacet
  facet normal 0 -0.4422886902190091 -0.8968727415326844
    outer loop
      vertex 46.25 20.941341716182546 13.961939766255643
      vertex 53.75 21 13.933012701892219
      vertex 53.75 20.941341716182546 13.961939766255643
    endloop
  endfacet
  facet normal 0 -0.3214394653031689 -0.9469301294951031
    outer loop
      vertex 46.25 20.87940952255126 13.982962913144535
      vertex 53.75 20.941341716182546 13.961939766255643
      vertex 53.75 20.87940952255126 13.982962913144535
    endloop
  endfacet
  facet normal 0 -0.19509032201612622 -0.9807852804032308
    outer loop
      vertex 46.25 20.815263096110026 13.995722430686905
      vertex 53.75 20.87940952255126 13.982962913144535
      vertex 53.75 20.815263096110026 13.995722430686905
    endloop
  endfacet
  facet normal 0 -0.0654031292301384 -0.9978589232386038
    outer loop
      vertex 46.25 20.75 14
      vertex 53.75 20.815263096110026 13.995722430686905
      vertex 53.75 20.75 14
    endloop
  endfacet
  facet normal 1 0 0
    outer loop
      vertex 46.25 1.25 13
      vertex 46.25 1.1847369038899735 13.995722430686905
      vertex 46.25 1.1847369038899735 13.004277569313095
    endloop
  endfacet
  facet normal 1 0 0
    outer loop
      vertex 46.25 1.1847369038899735 13.004277569313095
      vertex 46.25 1.12059047744874 13.982962913144535
      vertex 46.25 1.12059047744874 13.017037086855465
    endloop
  endfacet
  facet normal 1 0 0
    outer loop
      vertex 46.25 1.12059047744874 13.017037086855465
      vertex 46.25 1.0586582838174543 13.961939766255643
      vertex 46.25 1.0586582838174543 13.038060233744357
    endloop
  endfacet
  facet normal 1 0 0
    outer loop
      vertex 46.25 1.25 13
      vertex 46.25 1.25 14
      vertex 46.25 1.1847369038899735 13.995722430686905
    endloop
  endfacet
  facet normal 1 0 0
    outer loop
      vertex 46.25 1.1847369038899735 13.004277569313095
      vertex 46.25 1.1847369038899735 13.995722430686905
      vertex 46.25 1.12059047744874 13.982962913144535
    endloop
  endfacet
  facet normal 1 0 0
    outer loop
      vertex 46.25 1.12059047744874 13.017037086855465
      vertex 46.25 1.12059047744874 13.982962913144535
      vertex 46.25 1.0586582838174543 13.961939766255643
    endloop
  endfacet
  facet normal 1 0 0
    outer loop
      vertex 46.25 1.0586582838174543 13.038060233744357
      vertex 46.25 1.0586582838174543 13.961939766255643
      vertex 46.25 1 13.933012701892219
    endloop
  endfacet
  facet normal 1 0 0
    outer loop
      vertex 46.25 1.0586582838174543 13.038060233744357
      vertex 46.25 1 13.933012701892219
      vertex 46.25 1 13.066987298107781
    endloop
  endfacet
  facet normal 1 0 0
    outer loop
      vertex 46.25 1 13.066987298107781
      vertex 46.25 0.9456192854956385 13.896676670145618
      vertex 46.25 0.9456192854956385 13.103323329854382
    endloop
  endfacet
  facet normal 1 0 0
    outer loop
      vertex 46.25 0.9456192854956385 13.103323329854382
      vertex 46.25 0.8964466094067269 13.853553390593273
      vertex 46.25 0.8964466094067269 13.146446609406727
    endloop
  endfacet
  facet normal 1 0 0
    outer loop
      vertex 46.25 0.8964466094067269 13.146446609406727
      vertex 46.25 0.8533233298543834 13.80438071450436
      vertex 46.25 0.8533233298543834 13.19561928549564
    endloop
  endfacet
  facet normal 1 0 0
    outer loop
      vertex 46.25 0.8533233298543834 13.19561928549564
      vertex 46.25 0.8169872981077795 13.75
      vertex 46.25 0.8169872981077795 13.25
    endloop
  endfacet
  facet normal 1 0 0
    outer loop
      vertex 46.25 0.8169872981077795 13.25
      vertex 46.25 0.788060233744357 13.691341716182546
      vertex 46.25 0.788060233744357 13.308658283817454
    endloop
  endfacet
  facet normal 1 0 0
    outer loop
      vertex 46.25 0.788060233744357 13.308658283817454
      vertex 46.25 0.767037086855467 13.62940952255126
      vertex 46.25 0.767037086855467 13.37059047744874
    endloop
  endfacet
  facet normal 1 0 0
    outer loop
      vertex 46.25 0.788060233744357 13.308658283817454
      vertex 46.25 0.788060233744357 13.691341716182546
      vertex 46.25 0.767037086855467 13.62940952255126
    endloop
  endfacet
  facet normal 1 0 0
    outer loop
      vertex 46.25 0.767037086855467 13.37059047744874
      vertex 46.25 0.7542775693130963 13.565263096110026
      vertex 46.25 0.7542775693130963 13.434736903889974
    endloop
  endfacet
  facet normal 1 0 0
    outer loop
      vertex 46.25 0.7542775693130963 13.434736903889974
      vertex 46.25 0.7542775693130963 13.565263096110026
      vertex 46.25 0.75 13.5
    endloop
  endfacet
  facet normal 1 0 0
    outer loop
      vertex 46.25 0.767037086855467 13.37059047744874
      vertex 46.25 0.767037086855467 13.62940952255126
      vertex 46.25 0.7542775693130963 13.565263096110026
    endloop
  endfacet
  facet normal 1 0 0
    outer loop
      vertex 46.25 1 13.066987298107781
      vertex 46.25 1 13.933012701892219
      vertex 46.25 0.9456192854956385 13.896676670145618
    endloop
  endfacet
  facet normal 1 0 0
    outer loop
      vertex 46.25 0.8964466094067269 13.146446609406727
      vertex 46.25 0.8964466094067269 13.853553390593273
      vertex 46.25 0.8533233298543834 13.80438071450436
    endloop
  endfacet
  facet normal 1 0 0
    outer loop
      vertex 46.25 0.9456192854956385 13.103323329854382
      vertex 46.25 0.9456192854956385 13.896676670145618
      vertex 46.25 0.8964466094067269 13.853553390593273
    endloop
  endfacet
  facet normal 1 0 0
    outer loop
      vertex 46.25 0.8533233298543834 13.19561928549564
      vertex 46.25 0.8533233298543834 13.80438071450436
      vertex 46.25 0.8169872981077795 13.75
    endloop
  endfacet
  facet normal 1 0 0
    outer loop
      vertex 46.25 0.8169872981077795 13.25
      vertex 46.25 0.8169872981077795 13.75
      vertex 46.25 0.788060233744357 13.691341716182546
    endloop
  endfacet
  facet normal -1.1288590102911352e-20 0.0654031292301384 0.9978589232386038
    outer loop
      vertex 46.25 1.25 13
      vertex 46.25 1.1847369038899735 13.004277569313095
      vertex 53.75 1.1847369038899735 13.004277569313095
    endloop
  endfacet
  facet normal -7.786825081200892e-20 0.19509032201612622 0.9807852804032308
    outer loop
      vertex 46.25 1.1847369038899735 13.004277569313095
      vertex 46.25 1.12059047744874 13.017037086855465
      vertex 53.75 1.12059047744874 13.017037086855465
    endloop
  endfacet
  facet normal -1.1022836738195446e-19 0.3214394653031689 0.9469301294951031
    outer loop
      vertex 46.25 1.12059047744874 13.017037086855465
      vertex 46.25 1.0586582838174543 13.038060233744357
      vertex 53.75 1.0586582838174543 13.038060233744357
    endloop
  endfacet
  facet normal 9.790357374420419e-20 0.4422886902190091 0.8968727415326844
    outer loop
      vertex 46.25 1.0586582838174543 13.038060233744357
      vertex 46.25 1 13.066987298107781
      vertex 53.75 1 13.066987298107781
    endloop
  endfacet
  facet normal 1.5345878446704287e-19 0.5555702330195792 0.8314696123025607
    outer loop
      vertex 46.25 1 13.066987298107781
      vertex 46.25 0.9456192854956385 13.103323329854382
      vertex 53.75 0.9456192854956385 13.103323329854382
    endloop
  endfacet
  facet normal 2.899762587623836e-19 0.6593458151000963 0.7518398074789534
    outer loop
      vertex 46.25 0.9456192854956385 13.103323329854382
      vertex 46.25 0.8964466094067269 13.146446609406727
      vertex 53.75 0.8964466094067269 13.146446609406727
    endloop
  endfacet
  facet normal 0 0.7518398074789787 0.6593458151000674
    outer loop
      vertex 46.25 0.8964466094067269 13.146446609406727
      vertex 46.25 0.8533233298543834 13.19561928549564
      vertex 53.75 0.8964466094067269 13.146446609406727
    endloop
  endfacet
  facet normal 0 0.8314696123025271 0.5555702330196293
    outer loop
      vertex 46.25 0.8533233298543834 13.19561928549564
      vertex 46.25 0.8169872981077795 13.25
      vertex 53.75 0.8533233298543834 13.19561928549564
    endloop
  endfacet
  facet normal 0 0.8968727415326953 0.4422886902189873
    outer loop
      vertex 46.25 0.8169872981077795 13.25
      vertex 46.25 0.788060233744357 13.308658283817454
      vertex 53.75 0.8169872981077795 13.25
    endloop
  endfacet
  facet normal 0 0.0654031292301384 0.9978589232386038
    outer loop
      vertex 46.25 1.25 13
      vertex 53.75 1.1847369038899735 13.004277569313095
      vertex 53.75 1.25 13
    endloop
  endfacet
  facet normal 0 0.19509032201612622 0.9807852804032308
    outer loop
      vertex 46.25 1.1847369038899735 13.004277569313095
      vertex 53.75 1.12059047744874 13.017037086855465
      vertex 53.75 1.1847369038899735 13.004277569313095
    endloop
  endfacet
  facet normal 0 0.3214394653031689 0.9469301294951031
    outer loop
      vertex 46.25 1.12059047744874 13.017037086855465
      vertex 53.75 1.0586582838174543 13.038060233744357
      vertex 53.75 1.12059047744874 13.017037086855465
    endloop
  endfacet
  facet normal 0 0.4422886902190091 0.8968727415326844
    outer loop
      vertex 46.25 1.0586582838174543 13.038060233744357
      vertex 53.75 1 13.066987298107781
      vertex 53.75 1.0586582838174543 13.038060233744357
    endloop
  endfacet
  facet normal 0 0.5555702330195792 0.8314696123025607
    outer loop
      vertex 46.25 1 13.066987298107781
      vertex 53.75 0.9456192854956385 13.103323329854382
      vertex 53.75 1 13.066987298107781
    endloop
  endfacet
  facet normal 0 0.6593458151000963 0.7518398074789534
    outer loop
      vertex 46.25 0.9456192854956385 13.103323329854382
      vertex 53.75 0.8964466094067269 13.146446609406727
      vertex 53.75 0.9456192854956385 13.103323329854382
    endloop
  endfacet
  facet normal 0 0.7518398074789787 0.6593458151000674
    outer loop
      vertex 46.25 0.8533233298543834 13.19561928549564
      vertex 53.75 0.8533233298543834 13.19561928549564
      vertex 53.75 0.8964466094067269 13.146446609406727
    endloop
  endfacet
  facet normal 0 0.8314696123025271 0.5555702330196293
    outer loop
      vertex 46.25 0.8169872981077795 13.25
      vertex 53.75 0.8169872981077795 13.25
      vertex 53.75 0.8533233298543834 13.19561928549564
    endloop
  endfacet
  facet normal 0 0.9469301294951115 0.32143946530314454
    outer loop
      vertex 46.25 0.788060233744357 13.308658283817454
      vertex 46.25 0.767037086855467 13.37059047744874
      vertex 53.75 0.788060233744357 13.308658283817454
    endloop
  endfacet
  facet normal 0 0.9807852804032308 0.19509032201612622
    outer loop
      vertex 46.25 0.767037086855467 13.37059047744874
      vertex 46.25 0.7542775693130963 13.434736903889974
      vertex 53.75 0.767037086855467 13.37059047744874
    endloop
  endfacet
  facet normal 0 0.9978589232386019 0.06540312923016545
    outer loop
      vertex 46.25 0.7542775693130963 13.434736903889974
      vertex 46.25 0.75 13.5
      vertex 53.75 0.7542775693130963 13.434736903889974
    endloop
  endfacet
  facet normal 0 0.9978589232386019 -0.06540312923016545
    outer loop
      vertex 46.25 0.75 13.5
      vertex 46.25 0.7542775693130963 13.565263096110026
      vertex 53.75 0.75 13.5
    endloop
  endfacet
  facet normal 0 0.9469301294951115 -0.32143946530314454
    outer loop
      vertex 46.25 0.767037086855467 13.62940952255126
      vertex 46.25 0.788060233744357 13.691341716182546
      vertex 53.75 0.767037086855467 13.62940952255126
    endloop
  endfacet
  facet normal 0 0.9807852804032308 -0.19509032201612622
    outer loop
      vertex 46.25 0.7542775693130963 13.565263096110026
      vertex 46.25 0.767037086855467 13.62940952255126
      vertex 53.75 0.7542775693130963 13.565263096110026
    endloop
  endfacet
  facet normal 0 0.8968727415326953 -0.4422886902189873
    outer loop
      vertex 46.25 0.788060233744357 13.691341716182546
      vertex 46.25 0.8169872981077795 13.75
      vertex 53.75 0.788060233744357 13.691341716182546
    endloop
  endfacet
  facet normal 0 0.8314696123025271 -0.5555702330196293
    outer loop
      vertex 46.25 0.8169872981077795 13.75
      vertex 46.25 0.8533233298543834 13.80438071450436
      vertex 53.75 0.8169872981077795 13.75
    endloop
  endfacet
  facet normal 0 0.8968727415326953 0.4422886902189873
    outer loop
      vertex 46.25 0.788060233744357 13.308658283817454
      vertex 53.75 0.788060233744357 13.308658283817454
      vertex 53.75 0.8169872981077795 13.25
    endloop
  endfacet
  facet normal 0 0.9469301294951115 0.32143946530314454
    outer loop
      vertex 46.25 0.767037086855467 13.37059047744874
      vertex 53.75 0.767037086855467 13.37059047744874
      vertex 53.75 0.788060233744357 13.308658283817454
    endloop
  endfacet
  facet normal 0 0.9807852804032308 0.19509032201612622
    outer loop
      vertex 46.25 0.7542775693130963 13.434736903889974
      vertex 53.75 0.7542775693130963 13.434736903889974
      vertex 53.75 0.767037086855467 13.37059047744874
    endloop
  endfacet
  facet normal 0 0.9978589232386019 0.06540312923016545
    outer loop
      vertex 46.25 0.75 13.5
      vertex 53.75 0.75 13.5
      vertex 53.75 0.7542775693130963 13.434736903889974
    endloop
  endfacet
  facet normal 0 0.9978589232386019 -0.06540312923016545
    outer loop
      vertex 46.25 0.7542775693130963 13.565263096110026
      vertex 53.75 0.7542775693130963 13.565263096110026
      vertex 53.75 0.75 13.5
    endloop
  endfacet
  facet normal 0 0.9469301294951115 -0.32143946530314454
    outer loop
      vertex 46.25 0.788060233744357 13.691341716182546
      vertex 53.75 0.788060233744357 13.691341716182546
      vertex 53.75 0.767037086855467 13.62940952255126
    endloop
  endfacet
  facet normal 0 0.9807852804032308 -0.19509032201612622
    outer loop
      vertex 46.25 0.767037086855467 13.62940952255126
      vertex 53.75 0.767037086855467 13.62940952255126
      vertex 53.75 0.7542775693130963 13.565263096110026
    endloop
  endfacet
  facet normal 0 0.8968727415326953 -0.4422886902189873
    outer loop
      vertex 46.25 0.8169872981077795 13.75
      vertex 53.75 0.8169872981077795 13.75
      vertex 53.75 0.788060233744357 13.691341716182546
    endloop
  endfacet
  facet normal 0 0.8314696123025271 -0.5555702330196293
    outer loop
      vertex 46.25 0.8533233298543834 13.80438071450436
      vertex 53.75 0.8533233298543834 13.80438071450436
      vertex 53.75 0.8169872981077795 13.75
    endloop
  endfacet
  facet normal -1 0 0
    outer loop
      vertex 53.75 1.25 13
      vertex 53.75 1.1847369038899735 13.004277569313095
      vertex 53.75 1.25 14
    endloop
  endfacet
  facet normal -1 0 0
    outer loop
      vertex 53.75 1.1847369038899735 13.004277569313095
      vertex 53.75 1.12059047744874 13.017037086855465
      vertex 53.75 1.1847369038899735 13.995722430686905
    endloop
  endfacet
  facet normal -1 0 0
    outer loop
      vertex 53.75 1.12059047744874 13.017037086855465
      vertex 53.75 1.0586582838174543 13.038060233744357
      vertex 53.75 1.12059047744874 13.982962913144535
    endloop
  endfacet
  facet normal -1 0 0
    outer loop
      vertex 53.75 1.0586582838174543 13.038060233744357
      vertex 53.75 1 13.066987298107781
      vertex 53.75 1.0586582838174543 13.961939766255643
    endloop
  endfacet
  facet normal -1 0 0
    outer loop
      vertex 53.75 1.1847369038899735 13.004277569313095
      vertex 53.75 1.1847369038899735 13.995722430686905
      vertex 53.75 1.25 14
    endloop
  endfacet
  facet normal -1 0 0
    outer loop
      vertex 53.75 1.12059047744874 13.017037086855465
      vertex 53.75 1.12059047744874 13.982962913144535
      vertex 53.75 1.1847369038899735 13.995722430686905
    endloop
  endfacet
  facet normal -1 0 0
    outer loop
      vertex 53.75 1.0586582838174543 13.038060233744357
      vertex 53.75 1.0586582838174543 13.961939766255643
      vertex 53.75 1.12059047744874 13.982962913144535
    endloop
  endfacet
  facet normal -1 0 0
    outer loop
      vertex 53.75 1 13.066987298107781
      vertex 53.75 0.9456192854956385 13.103323329854382
      vertex 53.75 1 13.933012701892219
    endloop
  endfacet
  facet normal -1 0 0
    outer loop
      vertex 53.75 0.9456192854956385 13.103323329854382
      vertex 53.75 0.8964466094067269 13.146446609406727
      vertex 53.75 0.9456192854956385 13.896676670145618
    endloop
  endfacet
  facet normal -1 0 0
    outer loop
      vertex 53.75 0.8964466094067269 13.146446609406727
      vertex 53.75 0.8533233298543834 13.19561928549564
      vertex 53.75 0.8964466094067269 13.853553390593273
    endloop
  endfacet
  facet normal -1 0 0
    outer loop
      vertex 53.75 0.8533233298543834 13.19561928549564
      vertex 53.75 0.8169872981077795 13.25
      vertex 53.75 0.8533233298543834 13.80438071450436
    endloop
  endfacet
  facet normal -1 0 0
    outer loop
      vertex 53.75 0.8169872981077795 13.25
      vertex 53.75 0.788060233744357 13.308658283817454
      vertex 53.75 0.8169872981077795 13.75
    endloop
  endfacet
  facet normal -1 0 0
    outer loop
      vertex 53.75 0.788060233744357 13.308658283817454
      vertex 53.75 0.767037086855467 13.37059047744874
      vertex 53.75 0.788060233744357 13.691341716182546
    endloop
  endfacet
  facet normal -1 0 0
    outer loop
      vertex 53.75 0.767037086855467 13.37059047744874
      vertex 53.75 0.7542775693130963 13.434736903889974
      vertex 53.75 0.767037086855467 13.62940952255126
    endloop
  endfacet
  facet normal -1 0 0
    outer loop
      vertex 53.75 0.7542775693130963 13.434736903889974
      vertex 53.75 0.75 13.5
      vertex 53.75 0.7542775693130963 13.565263096110026
    endloop
  endfacet
  facet normal -1 0 0
    outer loop
      vertex 53.75 0.7542775693130963 13.434736903889974
      vertex 53.75 0.7542775693130963 13.565263096110026
      vertex 53.75 0.767037086855467 13.62940952255126
    endloop
  endfacet
  facet normal -1 0 0
    outer loop
      vertex 53.75 1 13.066987298107781
      vertex 53.75 1 13.933012701892219
      vertex 53.75 1.0586582838174543 13.961939766255643
    endloop
  endfacet
  facet normal -1 0 0
    outer loop
      vertex 53.75 0.9456192854956385 13.103323329854382
      vertex 53.75 0.9456192854956385 13.896676670145618
      vertex 53.75 1 13.933012701892219
    endloop
  endfacet
  facet normal -1 0 0
    outer loop
      vertex 53.75 0.8964466094067269 13.146446609406727
      vertex 53.75 0.8964466094067269 13.853553390593273
      vertex 53.75 0.9456192854956385 13.896676670145618
    endloop
  endfacet
  facet normal -1 0 0
    outer loop
      vertex 53.75 0.8533233298543834 13.19561928549564
      vertex 53.75 0.8533233298543834 13.80438071450436
      vertex 53.75 0.8964466094067269 13.853553390593273
    endloop
  endfacet
  facet normal -1 0 0
    outer loop
      vertex 53.75 0.8169872981077795 13.25
      vertex 53.75 0.8169872981077795 13.75
      vertex 53.75 0.8533233298543834 13.80438071450436
    endloop
  endfacet
  facet normal -1 0 0
    outer loop
      vertex 53.75 0.767037086855467 13.37059047744874
      vertex 53.75 0.767037086855467 13.62940952255126
      vertex 53.75 0.788060233744357 13.691341716182546
    endloop
  endfacet
  facet normal -1 0 0
    outer loop
      vertex 53.75 0.788060233744357 13.308658283817454
      vertex 53.75 0.788060233744357 13.691341716182546
      vertex 53.75 0.8169872981077795 13.75
    endloop
  endfacet
  facet normal 0 0.0654031292301384 -0.9978589232386038
    outer loop
      vertex 46.25 1.25 14
      vertex 53.75 1.25 14
      vertex 46.25 1.1847369038899735 13.995722430686905
    endloop
  endfacet
  facet normal 0 0.19509032201612622 -0.9807852804032308
    outer loop
      vertex 46.25 1.1847369038899735 13.995722430686905
      vertex 53.75 1.1847369038899735 13.995722430686905
      vertex 46.25 1.12059047744874 13.982962913144535
    endloop
  endfacet
  facet normal 0 0.3214394653031689 -0.9469301294951031
    outer loop
      vertex 46.25 1.12059047744874 13.982962913144535
      vertex 53.75 1.12059047744874 13.982962913144535
      vertex 46.25 1.0586582838174543 13.961939766255643
    endloop
  endfacet
  facet normal 0 0.4422886902190091 -0.8968727415326844
    outer loop
      vertex 46.25 1.0586582838174543 13.961939766255643
      vertex 53.75 1.0586582838174543 13.961939766255643
      vertex 46.25 1 13.933012701892219
    endloop
  endfacet
  facet normal 0 0.5555702330195792 -0.8314696123025607
    outer loop
      vertex 46.25 1 13.933012701892219
      vertex 53.75 1 13.933012701892219
      vertex 46.25 0.9456192854956385 13.896676670145618
    endloop
  endfacet
  facet normal 0 0.7518398074789787 -0.6593458151000674
    outer loop
      vertex 46.25 0.8533233298543834 13.80438071450436
      vertex 46.25 0.8964466094067269 13.853553390593273
      vertex 53.75 0.8533233298543834 13.80438071450436
    endloop
  endfacet
  facet normal 0 0.6593458151000963 -0.7518398074789534
    outer loop
      vertex 46.25 0.9456192854956385 13.896676670145618
      vertex 53.75 0.9456192854956385 13.896676670145618
      vertex 46.25 0.8964466094067269 13.853553390593273
    endloop
  endfacet
  facet normal 0 0.0654031292301384 -0.9978589232386038
    outer loop
      vertex 46.25 1.1847369038899735 13.995722430686905
      vertex 53.75 1.25 14
      vertex 53.75 1.1847369038899735 13.995722430686905
    endloop
  endfacet
  facet normal 0 0.19509032201612622 -0.9807852804032308
    outer loop
      vertex 46.25 1.12059047744874 13.982962913144535
      vertex 53.75 1.1847369038899735 13.995722430686905
      vertex 53.75 1.12059047744874 13.982962913144535
    endloop
  endfacet
  facet normal 0 0.3214394653031689 -0.9469301294951031
    outer loop
      vertex 46.25 1.0586582838174543 13.961939766255643
      vertex 53.75 1.12059047744874 13.982962913144535
      vertex 53.75 1.0586582838174543 13.961939766255643
    endloop
  endfacet
  facet normal 0 0.4422886902190091 -0.8968727415326844
    outer loop
      vertex 46.25 1 13.933012701892219
      vertex 53.75 1.0586582838174543 13.961939766255643
      vertex 53.75 1 13.933012701892219
    endloop
  endfacet
  facet normal 0 0.5555702330195792 -0.8314696123025607
    outer loop
      vertex 46.25 0.9456192854956385 13.896676670145618
      vertex 53.75 1 13.933012701892219
      vertex 53.75 0.9456192854956385 13.896676670145618
    endloop
  endfacet
  facet normal 0 0.6593458151000963 -0.7518398074789534
    outer loop
      vertex 46.25 0.8964466094067269 13.853553390593273
      vertex 53.75 0.9456192854956385 13.896676670145618
      vertex 53.75 0.8964466094067269 13.853553390593273
    endloop
  endfacet
  facet normal 0 0.7518398074789787 -0.6593458151000674
    outer loop
      vertex 46.25 0.8964466094067269 13.853553390593273
      vertex 53.75 0.8964466094067269 13.853553390593273
      vertex 53.75 0.8533233298543834 13.80438071450436
    endloop
  endfacet
  facet normal -1.2688730214251228e-19 -0.5555702330196043 0.8314696123025439
    outer loop
      vertex 118.25 21.023942643053925 8.892990996868944
      vertex 118.25 20.975 8.860288568297003
      vertex 124.75 20.975 8.860288568297003
    endloop
  endfacet
  facet normal 2.7299342571005993e-19 -0.751839807478993 0.659345815100051
    outer loop
      vertex 118.25 21.068198051533948 8.931801948466054
      vertex 124.75 21.107009003131054 8.976057356946075
      vertex 118.25 21.107009003131054 8.976057356946075
    endloop
  endfacet
  facet normal -2.546545200422284e-19 -0.8314696123025254 0.555570233019632
    outer loop
      vertex 118.25 21.107009003131054 8.976057356946075
      vertex 124.75 21.139711431703 9.025
      vertex 118.25 21.139711431703 9.025
    endloop
  endfacet
  facet normal 0 -0.6593458151000702 0.7518398074789764
    outer loop
      vertex 118.25 21.023942643053925 8.892990996868944
      vertex 124.75 21.023942643053925 8.892990996868944
      vertex 118.25 21.068198051533948 8.931801948466054
    endloop
  endfacet
  facet normal -1.3596169721439412e-19 -0.32143946530315193 0.946930129495109
    outer loop
      vertex 118.25 20.92220754456429 8.83425421036992
      vertex 118.25 20.866468570296135 8.81533337816992
      vertex 124.75 20.866468570296135 8.81533337816992
    endloop
  endfacet
  facet normal -1.8024365120767532e-19 -0.44228869021900924 0.8968727415326843
    outer loop
      vertex 118.25 20.975 8.860288568297003
      vertex 118.25 20.92220754456429 8.83425421036992
      vertex 124.75 20.92220754456429 8.83425421036992
    endloop
  endfacet
  facet normal 1.8893968463865533e-20 -0.1950903220161344 0.9807852804032293
    outer loop
      vertex 118.25 20.866468570296135 8.81533337816992
      vertex 118.25 20.808736786499022 8.803849812381785
      vertex 124.75 20.808736786499022 8.803849812381785
    endloop
  endfacet
  facet normal -3.24216841826494e-20 -0.06540312923011934 0.9978589232386051
    outer loop
      vertex 118.25 20.808736786499022 8.803849812381785
      vertex 118.25 20.75 8.8
      vertex 124.75 20.75 8.8
    endloop
  endfacet
  facet normal 1 0 0
    outer loop
      vertex 118.25 21.184666621830083 9.133531429703865
      vertex 118.25 21.196150187618215 9.191263213500976
      vertex 118.25 21.184666621830083 9.366468570296135
    endloop
  endfacet
  facet normal 1 0 0
    outer loop
      vertex 118.25 21.139711431703 9.025
      vertex 118.25 21.16574578963008 9.07779245543571
      vertex 118.25 21.139711431703 9.475
    endloop
  endfacet
  facet normal 1 0 0
    outer loop
      vertex 118.25 21.16574578963008 9.07779245543571
      vertex 118.25 21.184666621830083 9.133531429703865
      vertex 118.25 21.16574578963008 9.42220754456429
    endloop
  endfacet
  facet normal 1 0 0
    outer loop
      vertex 118.25 21.196150187618215 9.191263213500976
      vertex 118.25 21.2 9.25
      vertex 118.25 21.196150187618215 9.308736786499024
    endloop
  endfacet
  facet normal 1 0 0
    outer loop
      vertex 118.25 21.196150187618215 9.191263213500976
      vertex 118.25 21.196150187618215 9.308736786499024
      vertex 118.25 21.184666621830083 9.366468570296135
    endloop
  endfacet
  facet normal 1 0 0
    outer loop
      vertex 118.25 21.068198051533948 8.931801948466054
      vertex 118.25 21.107009003131054 8.976057356946075
      vertex 118.25 21.068198051533948 9.568198051533946
    endloop
  endfacet
  facet normal 1 0 0
    outer loop
      vertex 118.25 21.023942643053925 8.892990996868944
      vertex 118.25 21.068198051533948 8.931801948466054
      vertex 118.25 21.023942643053925 9.607009003131056
    endloop
  endfacet
  facet normal 1 0 0
    outer loop
      vertex 118.25 21.023942643053925 8.892990996868944
      vertex 118.25 20.975 9.639711431702997
      vertex 118.25 20.975 8.860288568297003
    endloop
  endfacet
  facet normal 1 0 0
    outer loop
      vertex 118.25 21.107009003131054 8.976057356946075
      vertex 118.25 21.139711431703 9.025
      vertex 118.25 21.107009003131054 9.523942643053925
    endloop
  endfacet
  facet normal 1 0 0
    outer loop
      vertex 118.25 21.184666621830083 9.133531429703865
      vertex 118.25 21.184666621830083 9.366468570296135
      vertex 118.25 21.16574578963008 9.42220754456429
    endloop
  endfacet
  facet normal 1 0 0
    outer loop
      vertex 118.25 21.16574578963008 9.07779245543571
      vertex 118.25 21.16574578963008 9.42220754456429
      vertex 118.25 21.139711431703 9.475
    endloop
  endfacet
  facet normal 1 0 0
    outer loop
      vertex 118.25 21.139711431703 9.025
      vertex 118.25 21.139711431703 9.475
      vertex 118.25 21.107009003131054 9.523942643053925
    endloop
  endfacet
  facet normal 1 0 0
    outer loop
      vertex 118.25 21.107009003131054 8.976057356946075
      vertex 118.25 21.107009003131054 9.523942643053925
      vertex 118.25 21.068198051533948 9.568198051533946
    endloop
  endfacet
  facet normal 1 0 0
    outer loop
      vertex 118.25 21.068198051533948 8.931801948466054
      vertex 118.25 21.068198051533948 9.568198051533946
      vertex 118.25 21.023942643053925 9.607009003131056
    endloop
  endfacet
  facet normal 1 0 0
    outer loop
      vertex 118.25 21.023942643053925 8.892990996868944
      vertex 118.25 21.023942643053925 9.607009003131056
      vertex 118.25 20.975 9.639711431702997
    endloop
  endfacet
  facet normal 1 0 0
    outer loop
      vertex 118.25 20.975 8.860288568297003
      vertex 118.25 20.92220754456429 9.66574578963008
      vertex 118.25 20.92220754456429 8.83425421036992
    endloop
  endfacet
  facet normal 1 0 0
    outer loop
      vertex 118.25 20.92220754456429 8.83425421036992
      vertex 118.25 20.866468570296135 9.68466662183008
      vertex 118.25 20.866468570296135 8.81533337816992
    endloop
  endfacet
  facet normal 1 0 0
    outer loop
      vertex 118.25 20.866468570296135 8.81533337816992
      vertex 118.25 20.808736786499022 9.696150187618215
      vertex 118.25 20.808736786499022 8.803849812381785
    endloop
  endfacet
  facet normal 1 0 0
    outer loop
      vertex 118.25 20.808736786499022 8.803849812381785
      vertex 118.25 20.75 9.7
      vertex 118.25 20.75 8.8
    endloop
  endfacet
  facet normal 1 0 0
    outer loop
      vertex 118.25 20.975 8.860288568297003
      vertex 118.25 20.975 9.639711431702997
      vertex 118.25 20.92220754456429 9.66574578963008
    endloop
  endfacet
  facet normal 1 0 0
    outer loop
      vertex 118.25 20.92220754456429 8.83425421036992
      vertex 118.25 20.92220754456429 9.66574578963008
      vertex 118.25 20.866468570296135 9.68466662183008
    endloop
  endfacet
  facet normal 1 0 0
    outer loop
      vertex 118.25 20.866468570296135 8.81533337816992
      vertex 118.25 20.866468570296135 9.68466662183008
      vertex 118.25 20.808736786499022 9.696150187618215
    endloop
  endfacet
  facet normal 1 0 0
    outer loop
      vertex 118.25 20.808736786499022 8.803849812381785
      vertex 118.25 20.808736786499022 9.696150187618215
      vertex 118.25 20.75 9.7
    endloop
  endfacet
  facet normal -3.813581101423615e-20 -0.8968727415326904 0.44228869021899697
    outer loop
      vertex 118.25 21.139711431703 9.025
      vertex 124.75 21.16574578963008 9.07779245543571
      vertex 118.25 21.16574578963008 9.07779245543571
    endloop
  endfacet
  facet normal 2.1183533078934693e-19 -0.9469301294950998 0.32143946530317896
    outer loop
      vertex 118.25 21.16574578963008 9.07779245543571
      vertex 124.75 21.184666621830083 9.133531429703865
      vertex 118.25 21.184666621830083 9.133531429703865
    endloop
  endfacet
  facet normal 1.2011558089203732e-20 -0.980785280403234 0.19509032201611118
    outer loop
      vertex 118.25 21.184666621830083 9.133531429703865
      vertex 124.75 21.196150187618215 9.191263213500976
      vertex 118.25 21.196150187618215 9.191263213500976
    endloop
  endfacet
  facet normal -1.107643892055703e-20 -0.9978589232386051 0.06540312923011737
    outer loop
      vertex 118.25 21.196150187618215 9.191263213500976
      vertex 124.75 21.2 9.25
      vertex 118.25 21.2 9.25
    endloop
  endfacet
  facet normal 1.107643892055703e-20 -0.9978589232386051 -0.06540312923011737
    outer loop
      vertex 118.25 21.2 9.25
      vertex 124.75 21.196150187618215 9.308736786499024
      vertex 118.25 21.196150187618215 9.308736786499024
    endloop
  endfacet
  facet normal -1.2011558089203732e-20 -0.980785280403234 -0.19509032201611118
    outer loop
      vertex 118.25 21.196150187618215 9.308736786499024
      vertex 124.75 21.184666621830083 9.366468570296135
      vertex 118.25 21.184666621830083 9.366468570296135
    endloop
  endfacet
  facet normal -2.1183533078934693e-19 -0.9469301294950998 -0.32143946530317896
    outer loop
      vertex 118.25 21.184666621830083 9.366468570296135
      vertex 124.75 21.16574578963008 9.42220754456429
      vertex 118.25 21.16574578963008 9.42220754456429
    endloop
  endfacet
  facet normal 3.813581101423615e-20 -0.8968727415326904 -0.44228869021899697
    outer loop
      vertex 118.25 21.16574578963008 9.42220754456429
      vertex 124.75 21.139711431703 9.475
      vertex 118.25 21.139711431703 9.475
    endloop
  endfacet
  facet normal 2.546545200422284e-19 -0.8314696123025254 -0.555570233019632
    outer loop
      vertex 118.25 21.139711431703 9.475
      vertex 124.75 21.107009003131054 9.523942643053925
      vertex 118.25 21.107009003131054 9.523942643053925
    endloop
  endfacet
  facet normal -2.7299342571005993e-19 -0.751839807478993 -0.659345815100051
    outer loop
      vertex 118.25 21.107009003131054 9.523942643053925
      vertex 124.75 21.068198051533948 9.568198051533946
      vertex 118.25 21.068198051533948 9.568198051533946
    endloop
  endfacet
  facet normal 0 -0.6593458151000702 -0.7518398074789764
    outer loop
      vertex 118.25 21.068198051533948 9.568198051533946
      vertex 124.75 21.068198051533948 9.568198051533946
      vertex 118.25 21.023942643053925 9.607009003131056
    endloop
  endfacet
  facet normal 0 -0.5555702330196043 -0.8314696123025439
    outer loop
      vertex 118.25 21.023942643053925 9.607009003131056
      vertex 124.75 21.023942643053925 9.607009003131056
      vertex 118.25 20.975 9.639711431702997
    endloop
  endfacet
  facet normal 0 -0.44228869021900924 -0.8968727415326843
    outer loop
      vertex 118.25 20.975 9.639711431702997
      vertex 124.75 20.975 9.639711431702997
      vertex 118.25 20.92220754456429 9.66574578963008
    endloop
  endfacet
  facet normal 0 -0.32143946530315193 -0.946930129495109
    outer loop
      vertex 118.25 20.92220754456429 9.66574578963008
      vertex 124.75 20.92220754456429 9.66574578963008
      vertex 118.25 20.866468570296135 9.68466662183008
    endloop
  endfacet
  facet normal 0 -0.1950903220161344 -0.9807852804032293
    outer loop
      vertex 118.25 20.866468570296135 9.68466662183008
      vertex 124.75 20.866468570296135 9.68466662183008
      vertex 118.25 20.808736786499022 9.696150187618215
    endloop
  endfacet
  facet normal 0 -0.06540312923011934 -0.9978589232386051
    outer loop
      vertex 118.25 20.808736786499022 9.696150187618215
      vertex 124.75 20.808736786499022 9.696150187618215
      vertex 118.25 20.75 9.7
    endloop
  endfacet
  facet normal 0 -0.5555702330196043 0.8314696123025439
    outer loop
      vertex 118.25 21.023942643053925 8.892990996868944
      vertex 124.75 20.975 8.860288568297003
      vertex 124.75 21.023942643053925 8.892990996868944
    endloop
  endfacet
  facet normal 0 -0.751839807478993 0.659345815100051
    outer loop
      vertex 118.25 21.068198051533948 8.931801948466054
      vertex 124.75 21.068198051533948 8.931801948466054
      vertex 124.75 21.107009003131054 8.976057356946075
    endloop
  endfacet
  facet normal 0 -0.8314696123025254 0.555570233019632
    outer loop
      vertex 118.25 21.107009003131054 8.976057356946075
      vertex 124.75 21.107009003131054 8.976057356946075
      vertex 124.75 21.139711431703 9.025
    endloop
  endfacet
  facet normal 0 -0.6593458151000702 0.7518398074789764
    outer loop
      vertex 118.25 21.068198051533948 8.931801948466054
      vertex 124.75 21.023942643053925 8.892990996868944
      vertex 124.75 21.068198051533948 8.931801948466054
    endloop
  endfacet
  facet normal 0 -0.32143946530315193 0.946930129495109
    outer loop
      vertex 118.25 20.92220754456429 8.83425421036992
      vertex 124.75 20.866468570296135 8.81533337816992
      vertex 124.75 20.92220754456429 8.83425421036992
    endloop
  endfacet
  facet normal 0 -0.44228869021900924 0.8968727415326843
    outer loop
      vertex 118.25 20.975 8.860288568297003
      vertex 124.75 20.92220754456429 8.83425421036992
      vertex 124.75 20.975 8.860288568297003
    endloop
  endfacet
  facet normal 0 -0.1950903220161344 0.9807852804032293
    outer loop
      vertex 118.25 20.866468570296135 8.81533337816992
      vertex 124.75 20.808736786499022 8.803849812381785
      vertex 124.75 20.866468570296135 8.81533337816992
    endloop
  endfacet
  facet normal 0 -0.06540312923011934 0.9978589232386051
    outer loop
      vertex 118.25 20.808736786499022 8.803849812381785
      vertex 124.75 20.75 8.8
      vertex 124.75 20.808736786499022 8.803849812381785
    endloop
  endfacet
  facet normal 0 -0.8968727415326904 0.44228869021899697
    outer loop
      vertex 118.25 21.139711431703 9.025
      vertex 124.75 21.139711431703 9.025
      vertex 124.75 21.16574578963008 9.07779245543571
    endloop
  endfacet
  facet normal 0 -0.9469301294950998 0.32143946530317896
    outer loop
      vertex 118.25 21.16574578963008 9.07779245543571
      vertex 124.75 21.16574578963008 9.07779245543571
      vertex 124.75 21.184666621830083 9.133531429703865
    endloop
  endfacet
  facet normal 0 -0.980785280403234 0.19509032201611118
    outer loop
      vertex 118.25 21.184666621830083 9.133531429703865
      vertex 124.75 21.184666621830083 9.133531429703865
      vertex 124.75 21.196150187618215 9.191263213500976
    endloop
  endfacet
  facet normal 0 -0.9978589232386051 0.06540312923011737
    outer loop
      vertex 118.25 21.196150187618215 9.191263213500976
      vertex 124.75 21.196150187618215 9.191263213500976
      vertex 124.75 21.2 9.25
    endloop
  endfacet
  facet normal 0 -0.9978589232386051 -0.06540312923011737
    outer loop
      vertex 118.25 21.2 9.25
      vertex 124.75 21.2 9.25
      vertex 124.75 21.196150187618215 9.308736786499024
    endloop
  endfacet
  facet normal 0 -0.980785280403234 -0.19509032201611118
    outer loop
      vertex 118.25 21.196150187618215 9.308736786499024
      vertex 124.75 21.196150187618215 9.308736786499024
      vertex 124.75 21.184666621830083 9.366468570296135
    endloop
  endfacet
  facet normal 0 -0.9469301294950998 -0.32143946530317896
    outer loop
      vertex 118.25 21.184666621830083 9.366468570296135
      vertex 124.75 21.184666621830083 9.366468570296135
      vertex 124.75 21.16574578963008 9.42220754456429
    endloop
  endfacet
  facet normal 0 -0.8968727415326904 -0.44228869021899697
    outer loop
      vertex 118.25 21.16574578963008 9.42220754456429
      vertex 124.75 21.16574578963008 9.42220754456429
      vertex 124.75 21.139711431703 9.475
    endloop
  endfacet
  facet normal 0 -0.8314696123025254 -0.555570233019632
    outer loop
      vertex 118.25 21.139711431703 9.475
      vertex 124.75 21.139711431703 9.475
      vertex 124.75 21.107009003131054 9.523942643053925
    endloop
  endfacet
  facet normal 0 -0.751839807478993 -0.659345815100051
    outer loop
      vertex 118.25 21.107009003131054 9.523942643053925
      vertex 124.75 21.107009003131054 9.523942643053925
      vertex 124.75 21.068198051533948 9.568198051533946
    endloop
  endfacet
  facet normal -1 0 0
    outer loop
      vertex 124.75 21.184666621830083 9.133531429703865
      vertex 124.75 21.196150187618215 9.308736786499024
      vertex 124.75 21.196150187618215 9.191263213500976
    endloop
  endfacet
  facet normal -1 0 0
    outer loop
      vertex 124.75 21.16574578963008 9.07779245543571
      vertex 124.75 21.184666621830083 9.366468570296135
      vertex 124.75 21.184666621830083 9.133531429703865
    endloop
  endfacet
  facet normal -1 0 0
    outer loop
      vertex 124.75 21.139711431703 9.025
      vertex 124.75 21.16574578963008 9.42220754456429
      vertex 124.75 21.16574578963008 9.07779245543571
    endloop
  endfacet
  facet normal -1 0 0
    outer loop
      vertex 124.75 21.196150187618215 9.191263213500976
      vertex 124.75 21.196150187618215 9.308736786499024
      vertex 124.75 21.2 9.25
    endloop
  endfacet
  facet normal -1 0 0
    outer loop
      vertex 124.75 21.184666621830083 9.133531429703865
      vertex 124.75 21.184666621830083 9.366468570296135
      vertex 124.75 21.196150187618215 9.308736786499024
    endloop
  endfacet
  facet normal -1 0 0
    outer loop
      vertex 124.75 21.16574578963008 9.07779245543571
      vertex 124.75 21.16574578963008 9.42220754456429
      vertex 124.75 21.184666621830083 9.366468570296135
    endloop
  endfacet
  facet normal -1 0 0
    outer loop
      vertex 124.75 21.107009003131054 8.976057356946075
      vertex 124.75 21.139711431703 9.475
      vertex 124.75 21.139711431703 9.025
    endloop
  endfacet
  facet normal -1 0 0
    outer loop
      vertex 124.75 21.068198051533948 8.931801948466054
      vertex 124.75 21.107009003131054 9.523942643053925
      vertex 124.75 21.107009003131054 8.976057356946075
    endloop
  endfacet
  facet normal -1 0 0
    outer loop
      vertex 124.75 21.023942643053925 8.892990996868944
      vertex 124.75 21.068198051533948 9.568198051533946
      vertex 124.75 21.068198051533948 8.931801948466054
    endloop
  endfacet
  facet normal -1 0 0
    outer loop
      vertex 124.75 21.023942643053925 8.892990996868944
      vertex 124.75 20.975 8.860288568297003
      vertex 124.75 21.023942643053925 9.607009003131056
    endloop
  endfacet
  facet normal -1 0 0
    outer loop
      vertex 124.75 21.139711431703 9.025
      vertex 124.75 21.139711431703 9.475
      vertex 124.75 21.16574578963008 9.42220754456429
    endloop
  endfacet
  facet normal -1 0 0
    outer loop
      vertex 124.75 21.107009003131054 8.976057356946075
      vertex 124.75 21.107009003131054 9.523942643053925
      vertex 124.75 21.139711431703 9.475
    endloop
  endfacet
  facet normal -1 0 0
    outer loop
      vertex 124.75 21.068198051533948 8.931801948466054
      vertex 124.75 21.068198051533948 9.568198051533946
      vertex 124.75 21.107009003131054 9.523942643053925
    endloop
  endfacet
  facet normal -1 0 0
    outer loop
      vertex 124.75 21.023942643053925 8.892990996868944
      vertex 124.75 21.023942643053925 9.607009003131056
      vertex 124.75 21.068198051533948 9.568198051533946
    endloop
  endfacet
  facet normal -1 0 0
    outer loop
      vertex 124.75 20.975 8.860288568297003
      vertex 124.75 20.975 9.639711431702997
      vertex 124.75 21.023942643053925 9.607009003131056
    endloop
  endfacet
  facet normal -1 0 0
    outer loop
      vertex 124.75 20.975 8.860288568297003
      vertex 124.75 20.92220754456429 8.83425421036992
      vertex 124.75 20.975 9.639711431702997
    endloop
  endfacet
  facet normal -1 0 0
    outer loop
      vertex 124.75 20.92220754456429 8.83425421036992
      vertex 124.75 20.866468570296135 8.81533337816992
      vertex 124.75 20.92220754456429 9.66574578963008
    endloop
  endfacet
  facet normal -1 0 0
    outer loop
      vertex 124.75 20.866468570296135 8.81533337816992
      vertex 124.75 20.808736786499022 8.803849812381785
      vertex 124.75 20.866468570296135 9.68466662183008
    endloop
  endfacet
  facet normal -1 0 0
    outer loop
      vertex 124.75 20.808736786499022 8.803849812381785
      vertex 124.75 20.75 8.8
      vertex 124.75 20.808736786499022 9.696150187618215
    endloop
  endfacet
  facet normal -1 0 0
    outer loop
      vertex 124.75 20.92220754456429 8.83425421036992
      vertex 124.75 20.92220754456429 9.66574578963008
      vertex 124.75 20.975 9.639711431702997
    endloop
  endfacet
  facet normal -1 0 0
    outer loop
      vertex 124.75 20.866468570296135 8.81533337816992
      vertex 124.75 20.866468570296135 9.68466662183008
      vertex 124.75 20.92220754456429 9.66574578963008
    endloop
  endfacet
  facet normal -1 0 0
    outer loop
      vertex 124.75 20.808736786499022 8.803849812381785
      vertex 124.75 20.808736786499022 9.696150187618215
      vertex 124.75 20.866468570296135 9.68466662183008
    endloop
  endfacet
  facet normal -1 0 0
    outer loop
      vertex 124.75 20.75 8.8
      vertex 124.75 20.75 9.7
      vertex 124.75 20.808736786499022 9.696150187618215
    endloop
  endfacet
  facet normal 0 -0.6593458151000702 -0.7518398074789764
    outer loop
      vertex 118.25 21.023942643053925 9.607009003131056
      vertex 124.75 21.068198051533948 9.568198051533946
      vertex 124.75 21.023942643053925 9.607009003131056
    endloop
  endfacet
  facet normal 0 -0.5555702330196043 -0.8314696123025439
    outer loop
      vertex 118.25 20.975 9.639711431702997
      vertex 124.75 21.023942643053925 9.607009003131056
      vertex 124.75 20.975 9.639711431702997
    endloop
  endfacet
  facet normal 0 -0.44228869021900924 -0.8968727415326843
    outer loop
      vertex 118.25 20.92220754456429 9.66574578963008
      vertex 124.75 20.975 9.639711431702997
      vertex 124.75 20.92220754456429 9.66574578963008
    endloop
  endfacet
  facet normal 0 -0.32143946530315193 -0.946930129495109
    outer loop
      vertex 118.25 20.866468570296135 9.68466662183008
      vertex 124.75 20.92220754456429 9.66574578963008
      vertex 124.75 20.866468570296135 9.68466662183008
    endloop
  endfacet
  facet normal 0 -0.1950903220161344 -0.9807852804032293
    outer loop
      vertex 118.25 20.808736786499022 9.696150187618215
      vertex 124.75 20.866468570296135 9.68466662183008
      vertex 124.75 20.808736786499022 9.696150187618215
    endloop
  endfacet
  facet normal 0 -0.06540312923011934 -0.9978589232386051
    outer loop
      vertex 118.25 20.75 9.7
      vertex 124.75 20.808736786499022 9.696150187618215
      vertex 124.75 20.75 9.7
    endloop
  endfacet
  facet normal 3.24216841826494e-20 0.06540312923011934 0.9978589232386051
    outer loop
      vertex 118.25 1.25 8.8
      vertex 118.25 1.191263213500978 8.803849812381785
      vertex 124.75 1.191263213500978 8.803849812381785
    endloop
  endfacet
  facet normal -1.8893968463865533e-20 0.1950903220161344 0.9807852804032293
    outer loop
      vertex 118.25 1.191263213500978 8.803849812381785
      vertex 118.25 1.133531429703865 8.81533337816992
      vertex 124.75 1.133531429703865 8.81533337816992
    endloop
  endfacet
  facet normal 1.3596169721439412e-19 0.32143946530315193 0.946930129495109
    outer loop
      vertex 118.25 1.133531429703865 8.81533337816992
      vertex 118.25 1.0777924554357092 8.83425421036992
      vertex 124.75 1.0777924554357092 8.83425421036992
    endloop
  endfacet
  facet normal 1.8024365120767532e-19 0.44228869021900924 0.8968727415326843
    outer loop
      vertex 118.25 1.0777924554357092 8.83425421036992
      vertex 118.25 1.0249999999999986 8.860288568297003
      vertex 124.75 1.0249999999999986 8.860288568297003
    endloop
  endfacet
  facet normal 1.2688730214251228e-19 0.5555702330196043 0.8314696123025439
    outer loop
      vertex 118.25 1.0249999999999986 8.860288568297003
      vertex 118.25 0.9760573569460753 8.892990996868944
      vertex 124.75 0.9760573569460753 8.892990996868944
    endloop
  endfacet
  facet normal 2.824551377666843e-19 0.6593458151000702 0.7518398074789764
    outer loop
      vertex 118.25 0.9760573569460753 8.892990996868944
      vertex 118.25 0.9318019484660525 8.931801948466054
      vertex 124.75 0.9318019484660525 8.931801948466054
    endloop
  endfacet
  facet normal 0 0.751839807478993 0.659345815100051
    outer loop
      vertex 118.25 0.9318019484660525 8.931801948466054
      vertex 118.25 0.8929909968689458 8.976057356946075
      vertex 124.75 0.9318019484660525 8.931801948466054
    endloop
  endfacet
  facet normal 0 0.8314696123025254 0.555570233019632
    outer loop
      vertex 118.25 0.8929909968689458 8.976057356946075
      vertex 118.25 0.8602885682970012 9.025
      vertex 124.75 0.8929909968689458 8.976057356946075
    endloop
  endfacet
  facet normal 1 0 0
    outer loop
      vertex 118.25 1.25 8.8
      vertex 118.25 1.191263213500978 9.696150187618215
      vertex 118.25 1.191263213500978 8.803849812381785
    endloop
  endfacet
  facet normal 1 0 0
    outer loop
      vertex 118.25 1.191263213500978 8.803849812381785
      vertex 118.25 1.133531429703865 9.68466662183008
      vertex 118.25 1.133531429703865 8.81533337816992
    endloop
  endfacet
  facet normal 1 0 0
    outer loop
      vertex 118.25 1.133531429703865 8.81533337816992
      vertex 118.25 1.0777924554357092 9.66574578963008
      vertex 118.25 1.0777924554357092 8.83425421036992
    endloop
  endfacet
  facet normal 1 0 0
    outer loop
      vertex 118.25 1.0777924554357092 8.83425421036992
      vertex 118.25 1.0249999999999986 9.639711431702997
      vertex 118.25 1.0249999999999986 8.860288568297003
    endloop
  endfacet
  facet normal 1 0 0
    outer loop
      vertex 118.25 1.25 8.8
      vertex 118.25 1.25 9.7
      vertex 118.25 1.191263213500978 9.696150187618215
    endloop
  endfacet
  facet normal 1 0 0
    outer loop
      vertex 118.25 1.191263213500978 8.803849812381785
      vertex 118.25 1.191263213500978 9.696150187618215
      vertex 118.25 1.133531429703865 9.68466662183008
    endloop
  endfacet
  facet normal 1 0 0
    outer loop
      vertex 118.25 1.133531429703865 8.81533337816992
      vertex 118.25 1.133531429703865 9.68466662183008
      vertex 118.25 1.0777924554357092 9.66574578963008
    endloop
  endfacet
  facet normal 1 0 0
    outer loop
      vertex 118.25 1.0777924554357092 8.83425421036992
      vertex 118.25 1.0777924554357092 9.66574578963008
      vertex 118.25 1.0249999999999986 9.639711431702997
    endloop
  endfacet
  facet normal 1 0 0
    outer loop
      vertex 118.25 1.0249999999999986 8.860288568297003
      vertex 118.25 0.9760573569460753 9.607009003131056
      vertex 118.25 0.9760573569460753 8.892990996868944
    endloop
  endfacet
  facet normal 1 0 0
    outer loop
      vertex 118.25 0.9760573569460753 8.892990996868944
      vertex 118.25 0.9318019484660525 9.568198051533946
      vertex 118.25 0.9318019484660525 8.931801948466054
    endloop
  endfacet
  facet normal 1 0 0
    outer loop
      vertex 118.25 0.9318019484660525 8.931801948466054
      vertex 118.25 0.8929909968689458 9.523942643053925
      vertex 118.25 0.8929909968689458 8.976057356946075
    endloop
  endfacet
  facet normal 1 0 0
    outer loop
      vertex 118.25 0.8929909968689458 8.976057356946075
      vertex 118.25 0.8602885682970012 9.475
      vertex 118.25 0.8602885682970012 9.025
    endloop
  endfacet
  facet normal 1 0 0
    outer loop
      vertex 118.25 0.8602885682970012 9.025
      vertex 118.25 0.8342542103699202 9.42220754456429
      vertex 118.25 0.8342542103699202 9.07779245543571
    endloop
  endfacet
  facet normal 1 0 0
    outer loop
      vertex 118.25 0.8342542103699202 9.07779245543571
      vertex 118.25 0.8153333781699175 9.366468570296135
      vertex 118.25 0.8153333781699175 9.133531429703865
    endloop
  endfacet
  facet normal 1 0 0
    outer loop
      vertex 118.25 0.8153333781699175 9.133531429703865
      vertex 118.25 0.8038498123817845 9.308736786499024
      vertex 118.25 0.8038498123817845 9.191263213500976
    endloop
  endfacet
  facet normal 1 0 0
    outer loop
      vertex 118.25 0.8342542103699202 9.07779245543571
      vertex 118.25 0.8342542103699202 9.42220754456429
      vertex 118.25 0.8153333781699175 9.366468570296135
    endloop
  endfacet
  facet normal 1 0 0
    outer loop
      vertex 118.25 0.8038498123817845 9.191263213500976
      vertex 118.25 0.8038498123817845 9.308736786499024
      vertex 118.25 0.8000000000000007 9.25
    endloop
  endfacet
  facet normal 1 0 0
    outer loop
      vertex 118.25 0.8153333781699175 9.133531429703865
      vertex 118.25 0.8153333781699175 9.366468570296135
      vertex 118.25 0.8038498123817845 9.308736786499024
    endloop
  endfacet
  facet normal 1 0 0
    outer loop
      vertex 118.25 0.9760573569460753 8.892990996868944
      vertex 118.25 0.9760573569460753 9.607009003131056
      vertex 118.25 0.9318019484660525 9.568198051533946
    endloop
  endfacet
  facet normal 1 0 0
    outer loop
      vertex 118.25 1.0249999999999986 8.860288568297003
      vertex 118.25 1.0249999999999986 9.639711431702997
      vertex 118.25 0.9760573569460753 9.607009003131056
    endloop
  endfacet
  facet normal 1 0 0
    outer loop
      vertex 118.25 0.9318019484660525 8.931801948466054
      vertex 118.25 0.9318019484660525 9.568198051533946
      vertex 118.25 0.8929909968689458 9.523942643053925
    endloop
  endfacet
  facet normal 1 0 0
    outer loop
      vertex 118.25 0.8929909968689458 8.976057356946075
      vertex 118.25 0.8929909968689458 9.523942643053925
      vertex 118.25 0.8602885682970012 9.475
    endloop
  endfacet
  facet normal 1 0 0
    outer loop
      vertex 118.25 0.8602885682970012 9.025
      vertex 118.25 0.8602885682970012 9.475
      vertex 118.25 0.8342542103699202 9.42220754456429
    endloop
  endfacet
  facet normal 0 0.8968727415326904 0.44228869021899697
    outer loop
      vertex 118.25 0.8602885682970012 9.025
      vertex 118.25 0.8342542103699202 9.07779245543571
      vertex 124.75 0.8602885682970012 9.025
    endloop
  endfacet
  facet normal 0 0.9469301294950998 0.32143946530317896
    outer loop
      vertex 118.25 0.8342542103699202 9.07779245543571
      vertex 118.25 0.8153333781699175 9.133531429703865
      vertex 124.75 0.8342542103699202 9.07779245543571
    endloop
  endfacet
  facet normal 0 0.980785280403234 0.19509032201611118
    outer loop
      vertex 118.25 0.8153333781699175 9.133531429703865
      vertex 118.25 0.8038498123817845 9.191263213500976
      vertex 124.75 0.8153333781699175 9.133531429703865
    endloop
  endfacet
  facet normal 0 0.9978589232386051 0.06540312923011737
    outer loop
      vertex 118.25 0.8038498123817845 9.191263213500976
      vertex 118.25 0.8000000000000007 9.25
      vertex 124.75 0.8038498123817845 9.191263213500976
    endloop
  endfacet
  facet normal 0 0.9978589232386051 -0.06540312923011737
    outer loop
      vertex 118.25 0.8000000000000007 9.25
      vertex 118.25 0.8038498123817845 9.308736786499024
      vertex 124.75 0.8000000000000007 9.25
    endloop
  endfacet
  facet normal 0 0.8314696123025254 -0.555570233019632
    outer loop
      vertex 118.25 0.8602885682970012 9.475
      vertex 118.25 0.8929909968689458 9.523942643053925
      vertex 124.75 0.8602885682970012 9.475
    endloop
  endfacet
  facet normal 0 0.751839807478993 -0.659345815100051
    outer loop
      vertex 118.25 0.8929909968689458 9.523942643053925
      vertex 118.25 0.9318019484660525 9.568198051533946
      vertex 124.75 0.8929909968689458 9.523942643053925
    endloop
  endfacet
  facet normal 0 0.980785280403234 -0.19509032201611118
    outer loop
      vertex 118.25 0.8038498123817845 9.308736786499024
      vertex 118.25 0.8153333781699175 9.366468570296135
      vertex 124.75 0.8038498123817845 9.308736786499024
    endloop
  endfacet
  facet normal 2.1183533078934693e-19 0.9469301294950998 -0.32143946530317896
    outer loop
      vertex 118.25 0.8342542103699202 9.42220754456429
      vertex 124.75 0.8153333781699175 9.366468570296135
      vertex 118.25 0.8153333781699175 9.366468570296135
    endloop
  endfacet
  facet normal -3.813581101423615e-20 0.8968727415326904 -0.44228869021899697
    outer loop
      vertex 118.25 0.8602885682970012 9.475
      vertex 124.75 0.8342542103699202 9.42220754456429
      vertex 118.25 0.8342542103699202 9.42220754456429
    endloop
  endfacet
  facet normal 0 0.06540312923011934 -0.9978589232386051
    outer loop
      vertex 118.25 1.25 9.7
      vertex 124.75 1.25 9.7
      vertex 118.25 1.191263213500978 9.696150187618215
    endloop
  endfacet
  facet normal 1.8893968463865533e-20 0.1950903220161344 -0.9807852804032293
    outer loop
      vertex 118.25 1.133531429703865 9.68466662183008
      vertex 118.25 1.191263213500978 9.696150187618215
      vertex 124.75 1.191263213500978 9.696150187618215
    endloop
  endfacet
  facet normal 0 0.32143946530315193 -0.946930129495109
    outer loop
      vertex 118.25 1.133531429703865 9.68466662183008
      vertex 124.75 1.133531429703865 9.68466662183008
      vertex 118.25 1.0777924554357092 9.66574578963008
    endloop
  endfacet
  facet normal 0 0.44228869021900924 -0.8968727415326843
    outer loop
      vertex 118.25 1.0777924554357092 9.66574578963008
      vertex 124.75 1.0777924554357092 9.66574578963008
      vertex 118.25 1.0249999999999986 9.639711431702997
    endloop
  endfacet
  facet normal -1.2688730214251228e-19 0.5555702330196043 -0.8314696123025439
    outer loop
      vertex 118.25 0.9760573569460753 9.607009003131056
      vertex 118.25 1.0249999999999986 9.639711431702997
      vertex 124.75 1.0249999999999986 9.639711431702997
    endloop
  endfacet
  facet normal 0 0.6593458151000702 -0.7518398074789764
    outer loop
      vertex 118.25 0.9760573569460753 9.607009003131056
      vertex 124.75 0.9760573569460753 9.607009003131056
      vertex 118.25 0.9318019484660525 9.568198051533946
    endloop
  endfacet
  facet normal 0 0.06540312923011934 0.9978589232386051
    outer loop
      vertex 118.25 1.25 8.8
      vertex 124.75 1.191263213500978 8.803849812381785
      vertex 124.75 1.25 8.8
    endloop
  endfacet
  facet normal 0 0.1950903220161344 0.9807852804032293
    outer loop
      vertex 118.25 1.191263213500978 8.803849812381785
      vertex 124.75 1.133531429703865 8.81533337816992
      vertex 124.75 1.191263213500978 8.803849812381785
    endloop
  endfacet
  facet normal 0 0.32143946530315193 0.946930129495109
    outer loop
      vertex 118.25 1.133531429703865 8.81533337816992
      vertex 124.75 1.0777924554357092 8.83425421036992
      vertex 124.75 1.133531429703865 8.81533337816992
    endloop
  endfacet
  facet normal 0 0.44228869021900924 0.8968727415326843
    outer loop
      vertex 118.25 1.0777924554357092 8.83425421036992
      vertex 124.75 1.0249999999999986 8.860288568297003
      vertex 124.75 1.0777924554357092 8.83425421036992
    endloop
  endfacet
  facet normal 0 0.5555702330196043 0.8314696123025439
    outer loop
      vertex 118.25 1.0249999999999986 8.860288568297003
      vertex 124.75 0.9760573569460753 8.892990996868944
      vertex 124.75 1.0249999999999986 8.860288568297003
    endloop
  endfacet
  facet normal 0 0.6593458151000702 0.7518398074789764
    outer loop
      vertex 118.25 0.9760573569460753 8.892990996868944
      vertex 124.75 0.9318019484660525 8.931801948466054
      vertex 124.75 0.9760573569460753 8.892990996868944
    endloop
  endfacet
  facet normal 0 0.751839807478993 0.659345815100051
    outer loop
      vertex 118.25 0.8929909968689458 8.976057356946075
      vertex 124.75 0.8929909968689458 8.976057356946075
      vertex 124.75 0.9318019484660525 8.931801948466054
    endloop
  endfacet
  facet normal 0 0.8314696123025254 0.555570233019632
    outer loop
      vertex 118.25 0.8602885682970012 9.025
      vertex 124.75 0.8602885682970012 9.025
      vertex 124.75 0.8929909968689458 8.976057356946075
    endloop
  endfacet
  facet normal 0 0.8968727415326904 0.44228869021899697
    outer loop
      vertex 118.25 0.8342542103699202 9.07779245543571
      vertex 124.75 0.8342542103699202 9.07779245543571
      vertex 124.75 0.8602885682970012 9.025
    endloop
  endfacet
  facet normal 0 0.9469301294950998 0.32143946530317896
    outer loop
      vertex 118.25 0.8153333781699175 9.133531429703865
      vertex 124.75 0.8153333781699175 9.133531429703865
      vertex 124.75 0.8342542103699202 9.07779245543571
    endloop
  endfacet
  facet normal 0 0.980785280403234 0.19509032201611118
    outer loop
      vertex 118.25 0.8038498123817845 9.191263213500976
      vertex 124.75 0.8038498123817845 9.191263213500976
      vertex 124.75 0.8153333781699175 9.133531429703865
    endloop
  endfacet
  facet normal 0 0.9978589232386051 0.06540312923011737
    outer loop
      vertex 118.25 0.8000000000000007 9.25
      vertex 124.75 0.8000000000000007 9.25
      vertex 124.75 0.8038498123817845 9.191263213500976
    endloop
  endfacet
  facet normal 0 0.9978589232386051 -0.06540312923011737
    outer loop
      vertex 118.25 0.8038498123817845 9.308736786499024
      vertex 124.75 0.8038498123817845 9.308736786499024
      vertex 124.75 0.8000000000000007 9.25
    endloop
  endfacet
  facet normal 0 0.751839807478993 -0.659345815100051
    outer loop
      vertex 118.25 0.9318019484660525 9.568198051533946
      vertex 124.75 0.9318019484660525 9.568198051533946
      vertex 124.75 0.8929909968689458 9.523942643053925
    endloop
  endfacet
  facet normal 0 0.8314696123025254 -0.555570233019632
    outer loop
      vertex 118.25 0.8929909968689458 9.523942643053925
      vertex 124.75 0.8929909968689458 9.523942643053925
      vertex 124.75 0.8602885682970012 9.475
    endloop
  endfacet
  facet normal 0 0.980785280403234 -0.19509032201611118
    outer loop
      vertex 118.25 0.8153333781699175 9.366468570296135
      vertex 124.75 0.8153333781699175 9.366468570296135
      vertex 124.75 0.8038498123817845 9.308736786499024
    endloop
  endfacet
  facet normal 0 0.9469301294950998 -0.32143946530317896
    outer loop
      vertex 118.25 0.8342542103699202 9.42220754456429
      vertex 124.75 0.8342542103699202 9.42220754456429
      vertex 124.75 0.8153333781699175 9.366468570296135
    endloop
  endfacet
  facet normal 0 0.8968727415326904 -0.44228869021899697
    outer loop
      vertex 118.25 0.8602885682970012 9.475
      vertex 124.75 0.8602885682970012 9.475
      vertex 124.75 0.8342542103699202 9.42220754456429
    endloop
  endfacet
  facet normal -1 0 0
    outer loop
      vertex 124.75 1.25 8.8
      vertex 124.75 1.191263213500978 8.803849812381785
      vertex 124.75 1.25 9.7
    endloop
  endfacet
  facet normal -1 0 0
    outer loop
      vertex 124.75 1.191263213500978 8.803849812381785
      vertex 124.75 1.133531429703865 8.81533337816992
      vertex 124.75 1.191263213500978 9.696150187618215
    endloop
  endfacet
  facet normal -1 0 0
    outer loop
      vertex 124.75 1.133531429703865 8.81533337816992
      vertex 124.75 1.0777924554357092 8.83425421036992
      vertex 124.75 1.133531429703865 9.68466662183008
    endloop
  endfacet
  facet normal -1 0 0
    outer loop
      vertex 124.75 1.0777924554357092 8.83425421036992
      vertex 124.75 1.0249999999999986 8.860288568297003
      vertex 124.75 1.0777924554357092 9.66574578963008
    endloop
  endfacet
  facet normal -1 0 0
    outer loop
      vertex 124.75 1.191263213500978 8.803849812381785
      vertex 124.75 1.191263213500978 9.696150187618215
      vertex 124.75 1.25 9.7
    endloop
  endfacet
  facet normal -1 0 0
    outer loop
      vertex 124.75 1.133531429703865 8.81533337816992
      vertex 124.75 1.133531429703865 9.68466662183008
      vertex 124.75 1.191263213500978 9.696150187618215
    endloop
  endfacet
  facet normal -1 0 0
    outer loop
      vertex 124.75 1.0777924554357092 8.83425421036992
      vertex 124.75 1.0777924554357092 9.66574578963008
      vertex 124.75 1.133531429703865 9.68466662183008
    endloop
  endfacet
  facet normal -1 0 0
    outer loop
      vertex 124.75 1.0249999999999986 8.860288568297003
      vertex 124.75 1.0249999999999986 9.639711431702997
      vertex 124.75 1.0777924554357092 9.66574578963008
    endloop
  endfacet
  facet normal -1 0 0
    outer loop
      vertex 124.75 1.0249999999999986 8.860288568297003
      vertex 124.75 0.9760573569460753 8.892990996868944
      vertex 124.75 1.0249999999999986 9.639711431702997
    endloop
  endfacet
  facet normal -1 0 0
    outer loop
      vertex 124.75 0.9760573569460753 8.892990996868944
      vertex 124.75 0.9318019484660525 8.931801948466054
      vertex 124.75 0.9760573569460753 9.607009003131056
    endloop
  endfacet
  facet normal -1 0 0
    outer loop
      vertex 124.75 0.9318019484660525 8.931801948466054
      vertex 124.75 0.8929909968689458 8.976057356946075
      vertex 124.75 0.9318019484660525 9.568198051533946
    endloop
  endfacet
  facet normal -1 0 0
    outer loop
      vertex 124.75 0.8929909968689458 8.976057356946075
      vertex 124.75 0.8602885682970012 9.025
      vertex 124.75 0.8929909968689458 9.523942643053925
    endloop
  endfacet
  facet normal -1 0 0
    outer loop
      vertex 124.75 0.8602885682970012 9.025
      vertex 124.75 0.8342542103699202 9.07779245543571
      vertex 124.75 0.8602885682970012 9.475
    endloop
  endfacet
  facet normal -1 0 0
    outer loop
      vertex 124.75 0.8342542103699202 9.07779245543571
      vertex 124.75 0.8153333781699175 9.133531429703865
      vertex 124.75 0.8342542103699202 9.42220754456429
    endloop
  endfacet
  facet normal -1 0 0
    outer loop
      vertex 124.75 0.8153333781699175 9.133531429703865
      vertex 124.75 0.8038498123817845 9.191263213500976
      vertex 124.75 0.8153333781699175 9.366468570296135
    endloop
  endfacet
  facet normal -1 0 0
    outer loop
      vertex 124.75 0.8038498123817845 9.191263213500976
      vertex 124.75 0.8000000000000007 9.25
      vertex 124.75 0.8038498123817845 9.308736786499024
    endloop
  endfacet
  facet normal -1 0 0
    outer loop
      vertex 124.75 0.8038498123817845 9.191263213500976
      vertex 124.75 0.8038498123817845 9.308736786499024
      vertex 124.75 0.8153333781699175 9.366468570296135
    endloop
  endfacet
  facet normal -1 0 0
    outer loop
      vertex 124.75 0.9760573569460753 8.892990996868944
      vertex 124.75 0.9760573569460753 9.607009003131056
      vertex 124.75 1.0249999999999986 9.639711431702997
    endloop
  endfacet
  facet normal -1 0 0
    outer loop
      vertex 124.75 0.9318019484660525 8.931801948466054
      vertex 124.75 0.9318019484660525 9.568198051533946
      vertex 124.75 0.9760573569460753 9.607009003131056
    endloop
  endfacet
  facet normal -1 0 0
    outer loop
      vertex 124.75 0.8929909968689458 8.976057356946075
      vertex 124.75 0.8929909968689458 9.523942643053925
      vertex 124.75 0.9318019484660525 9.568198051533946
    endloop
  endfacet
  facet normal -1 0 0
    outer loop
      vertex 124.75 0.8602885682970012 9.025
      vertex 124.75 0.8602885682970012 9.475
      vertex 124.75 0.8929909968689458 9.523942643053925
    endloop
  endfacet
  facet normal -1 0 0
    outer loop
      vertex 124.75 0.8342542103699202 9.07779245543571
      vertex 124.75 0.8342542103699202 9.42220754456429
      vertex 124.75 0.8602885682970012 9.475
    endloop
  endfacet
  facet normal -1 0 0
    outer loop
      vertex 124.75 0.8153333781699175 9.133531429703865
      vertex 124.75 0.8153333781699175 9.366468570296135
      vertex 124.75 0.8342542103699202 9.42220754456429
    endloop
  endfacet
  facet normal 0 0.06540312923011934 -0.9978589232386051
    outer loop
      vertex 118.25 1.191263213500978 9.696150187618215
      vertex 124.75 1.25 9.7
      vertex 124.75 1.191263213500978 9.696150187618215
    endloop
  endfacet
  facet normal 0 0.1950903220161344 -0.9807852804032293
    outer loop
      vertex 118.25 1.133531429703865 9.68466662183008
      vertex 124.75 1.191263213500978 9.696150187618215
      vertex 124.75 1.133531429703865 9.68466662183008
    endloop
  endfacet
  facet normal 0 0.32143946530315193 -0.946930129495109
    outer loop
      vertex 118.25 1.0777924554357092 9.66574578963008
      vertex 124.75 1.133531429703865 9.68466662183008
      vertex 124.75 1.0777924554357092 9.66574578963008
    endloop
  endfacet
  facet normal 0 0.44228869021900924 -0.8968727415326843
    outer loop
      vertex 118.25 1.0249999999999986 9.639711431702997
      vertex 124.75 1.0777924554357092 9.66574578963008
      vertex 124.75 1.0249999999999986 9.639711431702997
    endloop
  endfacet
  facet normal 0 0.5555702330196043 -0.8314696123025439
    outer loop
      vertex 118.25 0.9760573569460753 9.607009003131056
      vertex 124.75 1.0249999999999986 9.639711431702997
      vertex 124.75 0.9760573569460753 9.607009003131056
    endloop
  endfacet
  facet normal 0 0.6593458151000702 -0.7518398074789764
    outer loop
      vertex 118.25 0.9318019484660525 9.568198051533946
      vertex 124.75 0.9760573569460753 9.607009003131056
      vertex 124.75 0.9318019484660525 9.568198051533946
    endloop
  endfacet
  facet normal 0 0 1
    outer loop
      vertex 4.5 22 8
      vertex 4.5 20.75 8
      vertex 16 20.75 8
    endloop
  endfacet
  facet normal 0 0 1
    outer loop
      vertex 4.5 22 8
      vertex 16 20.75 8
      vertex 16 22 8
    endloop
  endfacet
  facet normal -1 0 0
    outer loop
      vertex 16 22 8
      vertex 16 20.75 8
      vertex 16 20.75 8.5
    endloop
  endfacet
  facet normal 1 0 0
    outer loop
      vertex 4.5 22 8
      vertex 4.5 22 17
      vertex 4.5 20.75 8
    endloop
  endfacet
  facet normal 1 0 0
    outer loop
      vertex 4.5 20.75 8
      vertex 4.5 22 17
      vertex 4.5 20.75 8.51
    endloop
  endfacet
  facet normal -1 0 0
    outer loop
      vertex 16 22 8
      vertex 16 20.75 8.5
      vertex 16 20.75 17
    endloop
  endfacet
  facet normal 1 0 0
    outer loop
      vertex 4.5 20.75 8.51
      vertex 4.5 22 17
      vertex 4.5 20.75 17
    endloop
  endfacet
  facet normal -1 0 0
    outer loop
      vertex 16 22 8
      vertex 16 20.75 17
      vertex 16 22 17
    endloop
  endfacet
  facet normal 0 -1 0
    outer loop
      vertex 0.8964466094067263 14.75 13.146446609406727
      vertex 1.25 14.75 14
      vertex 0.8533233298543824 14.75 13.19561928549564
    endloop
  endfacet
  facet normal 0 -1 0
    outer loop
      vertex 0.8533233298543824 14.75 13.19561928549564
      vertex 1.25 14.75 14
      vertex 0.8169872981077807 14.75 13.25
    endloop
  endfacet
  facet normal 0 -1 0
    outer loop
      vertex 0.8169872981077807 14.75 13.25
      vertex 1.25 14.75 14
      vertex 0.7880602337443566 14.75 13.308658283817454
    endloop
  endfacet
  facet normal 0 -1 0
    outer loop
      vertex 1.1847369038899742 14.75 13.004277569313095
      vertex 1.25 14.75 13
      vertex 1.25 14.75 14
    endloop
  endfacet
  facet normal 0 -1 0
    outer loop
      vertex 1.1847369038899742 14.75 13.004277569313095
      vertex 1.25 14.75 14
      vertex 1.1205904774487396 14.75 13.017037086855465
    endloop
  endfacet
  facet normal 0 -1 0
    outer loop
      vertex 1 14.75 13.066987298107781
      vertex 1.0586582838174552 14.75 13.038060233744357
      vertex 1.25 14.75 14
    endloop
  endfacet
  facet normal 0 -1 0
    outer loop
      vertex 1.1205904774487396 14.75 13.017037086855465
      vertex 1.25 14.75 14
      vertex 1.0586582838174552 14.75 13.038060233744357
    endloop
  endfacet
  facet normal 0 -1 0
    outer loop
      vertex 1 14.75 13.066987298107781
      vertex 1.25 14.75 14
      vertex 0.9456192854956397 14.75 13.103323329854382
    endloop
  endfacet
  facet normal 0 -1 0
    outer loop
      vertex 0.9456192854956397 14.75 13.103323329854382
      vertex 1.25 14.75 14
      vertex 0.8964466094067263 14.75 13.146446609406727
    endloop
  endfacet
  facet normal 0 -1 0
    outer loop
      vertex 0.7880602337443566 14.75 13.308658283817454
      vertex 1.25 14.75 14
      vertex 0.7670370868554659 14.75 13.37059047744874
    endloop
  endfacet
  facet normal 0 -1 0
    outer loop
      vertex 0.7670370868554659 14.75 13.37059047744874
      vertex 1.25 14.75 14
      vertex 0.7542775693130948 14.75 13.434736903889974
    endloop
  endfacet
  facet normal 0 -1 0
    outer loop
      vertex 0.7542775693130948 14.75 13.434736903889974
      vertex 1.25 14.75 14
      vertex 0.75 14.75 13.5
    endloop
  endfacet
  facet normal 0 -1 0
    outer loop
      vertex 0.75 14.75 13.5
      vertex 1.25 14.75 14
      vertex 0.7542775693130948 14.75 13.565263096110026
    endloop
  endfacet
  facet normal 0 -1 0
    outer loop
      vertex 0.7542775693130948 14.75 13.565263096110026
      vertex 1.25 14.75 14
      vertex 0.7670370868554659 14.75 13.62940952255126
    endloop
  endfacet
  facet normal 0 -1 0
    outer loop
      vertex 0.7670370868554659 14.75 13.62940952255126
      vertex 1.25 14.75 14
      vertex 0.7880602337443566 14.75 13.691341716182546
    endloop
  endfacet
  facet normal 0 -1 0
    outer loop
      vertex 0.7880602337443566 14.75 13.691341716182546
      vertex 1.25 14.75 14
      vertex 0.8169872981077807 14.75 13.75
    endloop
  endfacet
  facet normal 0 -1 0
    outer loop
      vertex 0.8169872981077807 14.75 13.75
      vertex 1.25 14.75 14
      vertex 0.8533233298543824 14.75 13.80438071450436
    endloop
  endfacet
  facet normal 0 -1 0
    outer loop
      vertex 0.8533233298543824 14.75 13.80438071450436
      vertex 1.25 14.75 14
      vertex 0.8964466094067263 14.75 13.853553390593273
    endloop
  endfacet
  facet normal 0 -1 0
    outer loop
      vertex 0.8964466094067263 14.75 13.853553390593273
      vertex 1.25 14.75 14
      vertex 0.9456192854956397 14.75 13.896676670145618
    endloop
  endfacet
  facet normal 0 -1 0
    outer loop
      vertex 0.9456192854956397 14.75 13.896676670145618
      vertex 1.25 14.75 14
      vertex 1 14.75 13.933012701892219
    endloop
  endfacet
  facet normal 0 -1 0
    outer loop
      vertex 1 14.75 13.933012701892219
      vertex 1.25 14.75 14
      vertex 1.0586582838174552 14.75 13.961939766255643
    endloop
  endfacet
  facet normal 0 -1 0
    outer loop
      vertex 1.0586582838174552 14.75 13.961939766255643
      vertex 1.25 14.75 14
      vertex 1.1205904774487396 14.75 13.982962913144535
    endloop
  endfacet
  facet normal 0 -1 0
    outer loop
      vertex 1.1205904774487396 14.75 13.982962913144535
      vertex 1.25 14.75 14
      vertex 1.1847369038899742 14.75 13.995722430686905
    endloop
  endfacet
  facet normal 0.06540312923013906 5.0906020243380174e-20 0.9978589232386037
    outer loop
      vertex 1.1847369038899742 14.75 13.004277569313095
      vertex 1.25 7.25 13
      vertex 1.25 14.75 13
    endloop
  endfacet
  facet normal 0.19509032201612297 0 0.9807852804032314
    outer loop
      vertex 1.1847369038899742 14.75 13.004277569313095
      vertex 1.1205904774487396 14.75 13.017037086855465
      vertex 1.1847369038899742 7.25 13.004277569313095
    endloop
  endfacet
  facet normal 0.5555702330195879 0 0.8314696123025549
    outer loop
      vertex 1 14.75 13.066987298107781
      vertex 0.9456192854956397 14.75 13.103323329854382
      vertex 1 7.25 13.066987298107781
    endloop
  endfacet
  facet normal 0.659345815100082 0 0.751839807478966
    outer loop
      vertex 0.9456192854956397 14.75 13.103323329854382
      vertex 0.8964466094067263 14.75 13.146446609406727
      vertex 0.9456192854956397 7.25 13.103323329854382
    endloop
  endfacet
  facet normal 0.7518398074789762 3.021001557225547e-19 0.6593458151000703
    outer loop
      vertex 0.8964466094067263 14.75 13.146446609406727
      vertex 0.8533233298543824 14.75 13.19561928549564
      vertex 0.8533233298543824 7.25 13.19561928549564
    endloop
  endfacet
  facet normal 0.8314696123025428 -4.561722404511143e-20 0.5555702330196057
    outer loop
      vertex 0.8533233298543824 14.75 13.19561928549564
      vertex 0.8169872981077807 14.75 13.25
      vertex 0.8169872981077807 7.25 13.25
    endloop
  endfacet
  facet normal 0.32143946530317513 0 0.946930129495101
    outer loop
      vertex 1.1205904774487396 14.75 13.017037086855465
      vertex 1.0586582838174552 14.75 13.038060233744357
      vertex 1.1205904774487396 7.25 13.017037086855465
    endloop
  endfacet
  facet normal 0.44228869021900374 -1.166081648645717e-19 0.8968727415326871
    outer loop
      vertex 1 14.75 13.066987298107781
      vertex 1.0586582838174552 7.25 13.038060233744357
      vertex 1.0586582838174552 14.75 13.038060233744357
    endloop
  endfacet
  facet normal 0.8968727415326858 1.2711601086480435e-19 0.4422886902190064
    outer loop
      vertex 0.8169872981077807 14.75 13.25
      vertex 0.7880602337443566 14.75 13.308658283817454
      vertex 0.7880602337443566 7.25 13.308658283817454
    endloop
  endfacet
  facet normal 0.9469301294951078 5.932268377308166e-20 0.3214394653031552
    outer loop
      vertex 0.7880602337443566 14.75 13.308658283817454
      vertex 0.7670370868554659 14.75 13.37059047744874
      vertex 0.7670370868554659 7.25 13.37059047744874
    endloop
  endfacet
  facet normal 0.9807852804032294 -2.123221784081945e-20 0.19509032201613274
    outer loop
      vertex 0.7670370868554659 14.75 13.37059047744874
      vertex 0.7542775693130948 14.75 13.434736903889974
      vertex 0.7542775693130948 7.25 13.434736903889974
    endloop
  endfacet
  facet normal 0.9978589232386036 -4.639269894576644e-20 0.06540312923014178
    outer loop
      vertex 0.7542775693130948 14.75 13.434736903889974
      vertex 0.75 14.75 13.5
      vertex 0.75 7.25 13.5
    endloop
  endfacet
  facet normal 0.9978589232386036 4.639269894576644e-20 -0.06540312923014178
    outer loop
      vertex 0.75 14.75 13.5
      vertex 0.7542775693130948 14.75 13.565263096110026
      vertex 0.7542775693130948 7.25 13.565263096110026
    endloop
  endfacet
  facet normal 0.9807852804032294 2.123221784081945e-20 -0.19509032201613274
    outer loop
      vertex 0.7542775693130948 14.75 13.565263096110026
      vertex 0.7670370868554659 14.75 13.62940952255126
      vertex 0.7670370868554659 7.25 13.62940952255126
    endloop
  endfacet
  facet normal 0.9469301294951078 -5.932268377308166e-20 -0.3214394653031552
    outer loop
      vertex 0.7670370868554659 14.75 13.62940952255126
      vertex 0.7880602337443566 14.75 13.691341716182546
      vertex 0.7880602337443566 7.25 13.691341716182546
    endloop
  endfacet
  facet normal 0.8968727415326858 -1.2711601086480435e-19 -0.4422886902190064
    outer loop
      vertex 0.7880602337443566 14.75 13.691341716182546
      vertex 0.8169872981077807 14.75 13.75
      vertex 0.8169872981077807 7.25 13.75
    endloop
  endfacet
  facet normal 0.8314696123025428 4.561722404511143e-20 -0.5555702330196057
    outer loop
      vertex 0.8169872981077807 14.75 13.75
      vertex 0.8533233298543824 14.75 13.80438071450436
      vertex 0.8533233298543824 7.25 13.80438071450436
    endloop
  endfacet
  facet normal 0.7518398074789762 -3.021001557225547e-19 -0.6593458151000703
    outer loop
      vertex 0.8533233298543824 14.75 13.80438071450436
      vertex 0.8964466094067263 14.75 13.853553390593273
      vertex 0.8964466094067263 7.25 13.853553390593273
    endloop
  endfacet
  facet normal 0.659345815100082 0 -0.751839807478966
    outer loop
      vertex 0.8964466094067263 14.75 13.853553390593273
      vertex 0.9456192854956397 14.75 13.896676670145618
      vertex 0.8964466094067263 7.25 13.853553390593273
    endloop
  endfacet
  facet normal 0.5555702330195879 0 -0.8314696123025549
    outer loop
      vertex 0.9456192854956397 14.75 13.896676670145618
      vertex 1 14.75 13.933012701892219
      vertex 0.9456192854956397 7.25 13.896676670145618
    endloop
  endfacet
  facet normal 0.44228869021900374 0 -0.8968727415326871
    outer loop
      vertex 1 14.75 13.933012701892219
      vertex 1.0586582838174552 14.75 13.961939766255643
      vertex 1 7.25 13.933012701892219
    endloop
  endfacet
  facet normal 0.32143946530317513 0 -0.946930129495101
    outer loop
      vertex 1.0586582838174552 14.75 13.961939766255643
      vertex 1.1205904774487396 14.75 13.982962913144535
      vertex 1.0586582838174552 7.25 13.961939766255643
    endloop
  endfacet
  facet normal 0.19509032201612297 0 -0.9807852804032314
    outer loop
      vertex 1.1205904774487396 14.75 13.982962913144535
      vertex 1.1847369038899742 14.75 13.995722430686905
      vertex 1.1205904774487396 7.25 13.982962913144535
    endloop
  endfacet
  facet normal 0.06540312923013906 0 -0.9978589232386037
    outer loop
      vertex 1.1847369038899742 14.75 13.995722430686905
      vertex 1.25 14.75 14
      vertex 1.1847369038899742 7.25 13.995722430686905
    endloop
  endfacet
  facet normal 0.06540312923013906 0 0.9978589232386037
    outer loop
      vertex 1.1847369038899742 14.75 13.004277569313095
      vertex 1.1847369038899742 7.25 13.004277569313095
      vertex 1.25 7.25 13
    endloop
  endfacet
  facet normal 0.19509032201612297 0 0.9807852804032314
    outer loop
      vertex 1.1205904774487396 14.75 13.017037086855465
      vertex 1.1205904774487396 7.25 13.017037086855465
      vertex 1.1847369038899742 7.25 13.004277569313095
    endloop
  endfacet
  facet normal 0.5555702330195879 0 0.8314696123025549
    outer loop
      vertex 0.9456192854956397 14.75 13.103323329854382
      vertex 0.9456192854956397 7.25 13.103323329854382
      vertex 1 7.25 13.066987298107781
    endloop
  endfacet
  facet normal 0.659345815100082 0 0.751839807478966
    outer loop
      vertex 0.8964466094067263 14.75 13.146446609406727
      vertex 0.8964466094067263 7.25 13.146446609406727
      vertex 0.9456192854956397 7.25 13.103323329854382
    endloop
  endfacet
  facet normal 0.7518398074789762 0 0.6593458151000703
    outer loop
      vertex 0.8964466094067263 14.75 13.146446609406727
      vertex 0.8533233298543824 7.25 13.19561928549564
      vertex 0.8964466094067263 7.25 13.146446609406727
    endloop
  endfacet
  facet normal 0.8314696123025428 0 0.5555702330196057
    outer loop
      vertex 0.8533233298543824 14.75 13.19561928549564
      vertex 0.8169872981077807 7.25 13.25
      vertex 0.8533233298543824 7.25 13.19561928549564
    endloop
  endfacet
  facet normal 0.8968727415326858 0 0.4422886902190064
    outer loop
      vertex 0.8169872981077807 14.75 13.25
      vertex 0.7880602337443566 7.25 13.308658283817454
      vertex 0.8169872981077807 7.25 13.25
    endloop
  endfacet
  facet normal 0.32143946530317513 0 0.946930129495101
    outer loop
      vertex 1.0586582838174552 14.75 13.038060233744357
      vertex 1.0586582838174552 7.25 13.038060233744357
      vertex 1.1205904774487396 7.25 13.017037086855465
    endloop
  endfacet
  facet normal 0.44228869021900374 0 0.8968727415326871
    outer loop
      vertex 1 14.75 13.066987298107781
      vertex 1 7.25 13.066987298107781
      vertex 1.0586582838174552 7.25 13.038060233744357
    endloop
  endfacet
  facet normal 0.9469301294951078 0 0.3214394653031552
    outer loop
      vertex 0.7880602337443566 14.75 13.308658283817454
      vertex 0.7670370868554659 7.25 13.37059047744874
      vertex 0.7880602337443566 7.25 13.308658283817454
    endloop
  endfacet
  facet normal 0.9807852804032294 0 0.19509032201613274
    outer loop
      vertex 0.7670370868554659 14.75 13.37059047744874
      vertex 0.7542775693130948 7.25 13.434736903889974
      vertex 0.7670370868554659 7.25 13.37059047744874
    endloop
  endfacet
  facet normal 0.9978589232386036 0 0.06540312923014178
    outer loop
      vertex 0.7542775693130948 14.75 13.434736903889974
      vertex 0.75 7.25 13.5
      vertex 0.7542775693130948 7.25 13.434736903889974
    endloop
  endfacet
  facet normal 0.9978589232386036 0 -0.06540312923014178
    outer loop
      vertex 0.75 14.75 13.5
      vertex 0.7542775693130948 7.25 13.565263096110026
      vertex 0.75 7.25 13.5
    endloop
  endfacet
  facet normal 0.9807852804032294 0 -0.19509032201613274
    outer loop
      vertex 0.7542775693130948 14.75 13.565263096110026
      vertex 0.7670370868554659 7.25 13.62940952255126
      vertex 0.7542775693130948 7.25 13.565263096110026
    endloop
  endfacet
  facet normal 0.9469301294951078 0 -0.3214394653031552
    outer loop
      vertex 0.7670370868554659 14.75 13.62940952255126
      vertex 0.7880602337443566 7.25 13.691341716182546
      vertex 0.7670370868554659 7.25 13.62940952255126
    endloop
  endfacet
  facet normal 0.8968727415326858 0 -0.4422886902190064
    outer loop
      vertex 0.7880602337443566 14.75 13.691341716182546
      vertex 0.8169872981077807 7.25 13.75
      vertex 0.7880602337443566 7.25 13.691341716182546
    endloop
  endfacet
  facet normal 0.8314696123025428 0 -0.5555702330196057
    outer loop
      vertex 0.8169872981077807 14.75 13.75
      vertex 0.8533233298543824 7.25 13.80438071450436
      vertex 0.8169872981077807 7.25 13.75
    endloop
  endfacet
  facet normal 0.7518398074789762 0 -0.6593458151000703
    outer loop
      vertex 0.8533233298543824 14.75 13.80438071450436
      vertex 0.8964466094067263 7.25 13.853553390593273
      vertex 0.8533233298543824 7.25 13.80438071450436
    endloop
  endfacet
  facet normal 0.659345815100082 0 -0.751839807478966
    outer loop
      vertex 0.9456192854956397 14.75 13.896676670145618
      vertex 0.9456192854956397 7.25 13.896676670145618
      vertex 0.8964466094067263 7.25 13.853553390593273
    endloop
  endfacet
  facet normal 0.5555702330195879 0 -0.8314696123025549
    outer loop
      vertex 1 14.75 13.933012701892219
      vertex 1 7.25 13.933012701892219
      vertex 0.9456192854956397 7.25 13.896676670145618
    endloop
  endfacet
  facet normal 0.44228869021900374 0 -0.8968727415326871
    outer loop
      vertex 1.0586582838174552 14.75 13.961939766255643
      vertex 1.0586582838174552 7.25 13.961939766255643
      vertex 1 7.25 13.933012701892219
    endloop
  endfacet
  facet normal 0.32143946530317513 0 -0.946930129495101
    outer loop
      vertex 1.1205904774487396 14.75 13.982962913144535
      vertex 1.1205904774487396 7.25 13.982962913144535
      vertex 1.0586582838174552 7.25 13.961939766255643
    endloop
  endfacet
  facet normal 0.19509032201612297 0 -0.9807852804032314
    outer loop
      vertex 1.1847369038899742 14.75 13.995722430686905
      vertex 1.1847369038899742 7.25 13.995722430686905
      vertex 1.1205904774487396 7.25 13.982962913144535
    endloop
  endfacet
  facet normal 0.06540312923013906 0 -0.9978589232386037
    outer loop
      vertex 1.25 14.75 14
      vertex 1.25 7.25 14
      vertex 1.1847369038899742 7.25 13.995722430686905
    endloop
  endfacet
  facet normal 0 1 0
    outer loop
      vertex 1.1847369038899742 7.25 13.004277569313095
      vertex 1.1205904774487396 7.25 13.017037086855465
      vertex 1.25 7.25 13
    endloop
  endfacet
  facet normal 0 1 0
    outer loop
      vertex 1.25 7.25 13
      vertex 0.8964466094067263 7.25 13.146446609406727
      vertex 0.8533233298543824 7.25 13.19561928549564
    endloop
  endfacet
  facet normal 0 1 0
    outer loop
      vertex 1.25 7.25 13
      vertex 0.8533233298543824 7.25 13.19561928549564
      vertex 0.8169872981077807 7.25 13.25
    endloop
  endfacet
  facet normal 0 1 0
    outer loop
      vertex 1.25 7.25 13
      vertex 0.8169872981077807 7.25 13.25
      vertex 0.7880602337443566 7.25 13.308658283817454
    endloop
  endfacet
  facet normal 0 1 0
    outer loop
      vertex 1.25 7.25 13
      vertex 0.7880602337443566 7.25 13.308658283817454
      vertex 0.7670370868554659 7.25 13.37059047744874
    endloop
  endfacet
  facet normal 0 1 0
    outer loop
      vertex 1.25 7.25 13
      vertex 0.7670370868554659 7.25 13.37059047744874
      vertex 0.7542775693130948 7.25 13.434736903889974
    endloop
  endfacet
  facet normal 0 1 0
    outer loop
      vertex 1.25 7.25 13
      vertex 1.0586582838174552 7.25 13.038060233744357
      vertex 1 7.25 13.066987298107781
    endloop
  endfacet
  facet normal 0 1 0
    outer loop
      vertex 1.25 7.25 13
      vertex 1.1205904774487396 7.25 13.017037086855465
      vertex 1.0586582838174552 7.25 13.038060233744357
    endloop
  endfacet
  facet normal 0 1 0
    outer loop
      vertex 1.25 7.25 13
      vertex 1 7.25 13.066987298107781
      vertex 0.9456192854956397 7.25 13.103323329854382
    endloop
  endfacet
  facet normal 0 1 0
    outer loop
      vertex 1.25 7.25 13
      vertex 0.9456192854956397 7.25 13.103323329854382
      vertex 0.8964466094067263 7.25 13.146446609406727
    endloop
  endfacet
  facet normal 0 1 0
    outer loop
      vertex 1.25 7.25 13
      vertex 0.7542775693130948 7.25 13.434736903889974
      vertex 0.75 7.25 13.5
    endloop
  endfacet
  facet normal 0 1 0
    outer loop
      vertex 1.25 7.25 13
      vertex 0.75 7.25 13.5
      vertex 0.7542775693130948 7.25 13.565263096110026
    endloop
  endfacet
  facet normal 0 1 0
    outer loop
      vertex 1.25 7.25 13
      vertex 0.7542775693130948 7.25 13.565263096110026
      vertex 0.7670370868554659 7.25 13.62940952255126
    endloop
  endfacet
  facet normal 0 1 0
    outer loop
      vertex 1.25 7.25 13
      vertex 0.7670370868554659 7.25 13.62940952255126
      vertex 0.7880602337443566 7.25 13.691341716182546
    endloop
  endfacet
  facet normal 0 1 0
    outer loop
      vertex 1.25 7.25 13
      vertex 0.7880602337443566 7.25 13.691341716182546
      vertex 0.8169872981077807 7.25 13.75
    endloop
  endfacet
  facet normal 0 1 0
    outer loop
      vertex 1.25 7.25 13
      vertex 0.8169872981077807 7.25 13.75
      vertex 0.8533233298543824 7.25 13.80438071450436
    endloop
  endfacet
  facet normal 0 1 0
    outer loop
      vertex 1.25 7.25 13
      vertex 0.8533233298543824 7.25 13.80438071450436
      vertex 0.8964466094067263 7.25 13.853553390593273
    endloop
  endfacet
  facet normal 0 1 0
    outer loop
      vertex 1.25 7.25 13
      vertex 0.8964466094067263 7.25 13.853553390593273
      vertex 0.9456192854956397 7.25 13.896676670145618
    endloop
  endfacet
  facet normal 0 1 0
    outer loop
      vertex 1.25 7.25 13
      vertex 0.9456192854956397 7.25 13.896676670145618
      vertex 1 7.25 13.933012701892219
    endloop
  endfacet
  facet normal 0 1 0
    outer loop
      vertex 1.25 7.25 13
      vertex 1 7.25 13.933012701892219
      vertex 1.0586582838174552 7.25 13.961939766255643
    endloop
  endfacet
  facet normal 0 1 0
    outer loop
      vertex 1.25 7.25 13
      vertex 1.0586582838174552 7.25 13.961939766255643
      vertex 1.1205904774487396 7.25 13.982962913144535
    endloop
  endfacet
  facet normal 0 1 0
    outer loop
      vertex 1.25 7.25 13
      vertex 1.1205904774487396 7.25 13.982962913144535
      vertex 1.1847369038899742 7.25 13.995722430686905
    endloop
  endfacet
  facet normal 0 1 0
    outer loop
      vertex 1.25 7.25 13
      vertex 1.1847369038899742 7.25 13.995722430686905
      vertex 1.25 7.25 14
    endloop
  endfacet
  facet normal 0 -1 0
    outer loop
      vertex 1.25 20.75 6.9
      vertex 4.5 20.75 8
      vertex 1.25 20.75 8.51
    endloop
  endfacet
  facet normal 0 -1 0
    outer loop
      vertex 4.5 20.75 8
      vertex 2.25 20.75 8.51
      vertex 1.25 20.75 8.51
    endloop
  endfacet
  facet normal 0 -1 0
    outer loop
      vertex 4.5 20.75 8
      vertex 4.5 20.75 8.51
      vertex 2.25 20.75 8.51
    endloop
  endfacet
  facet normal 0 -1 0
    outer loop
      vertex 1.25 20.75 6.9
      vertex 16 20.75 8
      vertex 4.5 20.75 8
    endloop
  endfacet
  facet normal 0 0 1
    outer loop
      vertex 1.25 20.75 6.9
      vertex 3.75 18.616025403784437 6.9
      vertex 3.8673165676349104 18.673879532511286 6.9
    endloop
  endfacet
  facet normal 0 0 1
    outer loop
      vertex 1.25 20.75 6.9
      vertex 3.6412385709912796 18.543353340291233 6.9
      vertex 3.75 18.616025403784437 6.9
    endloop
  endfacet
  facet normal 0 0 1
    outer loop
      vertex 1.25 20.75 6.9
      vertex 3.5428932188134525 18.457106781186546 6.9
      vertex 3.6412385709912796 18.543353340291233 6.9
    endloop
  endfacet
  facet normal 0 0 1
    outer loop
      vertex 1.25 20.75 6.9
      vertex 3.9911809548974793 18.71592582628907 6.9
      vertex 4 18.759999999999998 6.9
    endloop
  endfacet
  facet normal 0 0 1
    outer loop
      vertex 1.25 20.75 6.9
      vertex 3.8673165676349104 18.673879532511286 6.9
      vertex 3.9911809548974793 18.71592582628907 6.9
    endloop
  endfacet
  facet normal 1 0 0
    outer loop
      vertex 1.25 20.75 6.9
      vertex 1.25 20.75 8.51
      vertex 1.25 19.75 8.5
    endloop
  endfacet
  facet normal 0 0 1
    outer loop
      vertex 1.25 20.75 6.9
      vertex 4 18.759999999999998 6.9
      vertex 38 20.75 6.9
    endloop
  endfacet
  facet normal 0 0 1
    outer loop
      vertex 1.25 20.75 6.9
      vertex 3.456646659708765 18.35876142900872 6.9
      vertex 3.5428932188134525 18.457106781186546 6.9
    endloop
  endfacet
  facet normal 0 0 1
    outer loop
      vertex 1.25 20.75 6.9
      vertex 3.3839745962155616 18.25 6.9
      vertex 3.456646659708765 18.35876142900872 6.9
    endloop
  endfacet
  facet normal 0 0 1
    outer loop
      vertex 1.25 20.75 6.9
      vertex 3.326120467488713 18.13268343236509 6.9
      vertex 3.3839745962155616 18.25 6.9
    endloop
  endfacet
  facet normal 0 0 1
    outer loop
      vertex 1.25 20.75 6.9
      vertex 3.284074173710932 18.00881904510252 6.9
      vertex 3.326120467488713 18.13268343236509 6.9
    endloop
  endfacet
  facet normal 0 0 1
    outer loop
      vertex 1.25 20.75 6.9
      vertex 3.2585551386261895 17.880526192220053 6.9
      vertex 3.284074173710932 18.00881904510252 6.9
    endloop
  endfacet
  facet normal 0 0 1
    outer loop
      vertex 3.9911809548974793 18.71592582628907 6.9
      vertex 4 18.717680043428437 6.9
      vertex 4 18.759999999999998 6.9
    endloop
  endfacet
  facet normal 0 -1 0
    outer loop
      vertex 1.25 20.75 6.9
      vertex 38 20.75 8.5
      vertex 16 20.75 8
    endloop
  endfacet
  facet normal 0 -1 0
    outer loop
      vertex 16 20.75 8
      vertex 38 20.75 8.5
      vertex 16 20.75 8.5
    endloop
  endfacet
  facet normal 0 -1 0
    outer loop
      vertex 1.25 20.75 6.9
      vertex 38 20.75 6.9
      vertex 38 20.75 8.5
    endloop
  endfacet
  facet normal 0 0 1
    outer loop
      vertex 38 20.75 6.9
      vertex 4 18.759999999999998 6.9
      vertex 38 18.759999999999998 6.9
    endloop
  endfacet
  facet normal 1 0 0
    outer loop
      vertex 1.25 20.75 6.9
      vertex 1.25 19.75 8.5
      vertex 1.25 2.25 8.5
    endloop
  endfacet
  facet normal 0 0 1
    outer loop
      vertex 1.25 20.75 6.9
      vertex 1.25 1.25 6.9
      vertex 3.2585551386261895 17.880526192220053 6.9
    endloop
  endfacet
  facet normal 0 0 1
    outer loop
      vertex 3.2585551386261895 17.880526192220053 6.9
      vertex 1.25 1.25 6.9
      vertex 3.25 17.75 6.9
    endloop
  endfacet
  facet normal -1 0 0
    outer loop
      vertex 38 20.75 6.9
      vertex 38 18.759999999999998 6.9
      vertex 38 20.75 8.5
    endloop
  endfacet
  facet normal -1 0 0
    outer loop
      vertex 38 20.75 8.5
      vertex 38 18.759999999999998 6.9
      vertex 38 18.759999999999998 7
    endloop
  endfacet
  facet normal -1 0 0
    outer loop
      vertex 38 20.75 8.5
      vertex 38 18.759999999999998 7
      vertex 38 18.75 8.5
    endloop
  endfacet
  facet normal -1 0 0
    outer loop
      vertex 38 18.75 8.5
      vertex 38 18.759999999999998 7
      vertex 38 18.75 7
    endloop
  endfacet
  facet normal 0 0 -1
    outer loop
      vertex 1.25 20.75 8.51
      vertex 1.9911809548974793 20.71592582628907 8.51
      vertex 1.8673165676349102 20.673879532511286 8.51
    endloop
  endfacet
  facet normal 0 0 -1
    outer loop
      vertex 1.25 20.75 8.51
      vertex 2.25 20.75 8.51
      vertex 2.1194738077799484 20.74144486137381 8.51
    endloop
  endfacet
  facet normal 0 0 -1
    outer loop
      vertex 1.25 20.75 8.51
      vertex 2.1194738077799484 20.74144486137381 8.51
      vertex 1.9911809548974793 20.71592582628907 8.51
    endloop
  endfacet
  facet normal 0 0 -1
    outer loop
      vertex 1.25 20.75 8.51
      vertex 1.8673165676349102 20.673879532511286 8.51
      vertex 1.75 20.616025403784437 8.51
    endloop
  endfacet
  facet normal 0 0 -1
    outer loop
      vertex 1.25 20.75 8.51
      vertex 1.75 20.616025403784437 8.51
      vertex 1.6412385709912793 20.543353340291237 8.51
    endloop
  endfacet
  facet normal 0 0 -1
    outer loop
      vertex 1.25 20.75 8.51
      vertex 1.6412385709912793 20.543353340291237 8.51
      vertex 1.5428932188134525 20.457106781186546 8.51
    endloop
  endfacet
  facet normal 0 0 -1
    outer loop
      vertex 1.25 20.75 8.51
      vertex 1.5428932188134525 20.457106781186546 8.51
      vertex 1.4566466597087648 20.35876142900872 8.51
    endloop
  endfacet
  facet normal 0 0 -1
    outer loop
      vertex 1.25 20.75 8.51
      vertex 1.4566466597087648 20.35876142900872 8.51
      vertex 1.3839745962155614 20.25 8.51
    endloop
  endfacet
  facet normal 0 0 -1
    outer loop
      vertex 1.25 20.75 8.51
      vertex 1.3839745962155614 20.25 8.51
      vertex 1.3261204674887133 20.13268343236509 8.51
    endloop
  endfacet
  facet normal 0 0 -1
    outer loop
      vertex 1.25 20.75 8.51
      vertex 1.3261204674887133 20.13268343236509 8.51
      vertex 1.2840741737109318 20.00881904510252 8.51
    endloop
  endfacet
  facet normal 0 0 -1
    outer loop
      vertex 1.25 20.75 8.51
      vertex 1.2840741737109318 20.00881904510252 8.51
      vertex 1.2585551386261895 19.880526192220053 8.51
    endloop
  endfacet
  facet normal 0 0 -1
    outer loop
      vertex 1.25 20.75 8.51
      vertex 1.2585551386261895 19.880526192220053 8.51
      vertex 1.25 19.75 8.51
    endloop
  endfacet
  facet normal 1 0 0
    outer loop
      vertex 1.25 20.75 8.51
      vertex 1.25 19.75 8.51
      vertex 1.25 19.75 8.5
    endloop
  endfacet
  facet normal 0 0 1
    outer loop
      vertex 3.25 17.75 6.9
      vertex 1.25 1.25 6.9
      vertex 3.25 4.25 6.9
    endloop
  endfacet
  facet normal 1 0 0
    outer loop
      vertex 1.25 20.75 6.9
      vertex 1.25 1.25 8.51
      vertex 1.25 1.25 6.9
    endloop
  endfacet
  facet normal 1 0 0
    outer loop
      vertex 1.25 20.75 6.9
      vertex 1.25 2.25 8.5
      vertex 1.25 1.25 8.51
    endloop
  endfacet
  facet normal 0 0 1
    outer loop
      vertex 3.25 4.25 6.9
      vertex 1.25 1.25 6.9
      vertex 3.2585551386261895 4.119473807779947 6.9
    endloop
  endfacet
  facet normal 0 0 1
    outer loop
      vertex 3.2585551386261895 4.119473807779947 6.9
      vertex 1.25 1.25 6.9
      vertex 3.284074173710932 3.99118095489748 6.9
    endloop
  endfacet
  facet normal 0 0 1
    outer loop
      vertex 3.9911809548974793 3.284074173710934 6.9
      vertex 4 3.259999999999998 6.9
      vertex 4 3.2823199565715626 6.9
    endloop
  endfacet
  facet normal 0 0 1
    outer loop
      vertex 3.284074173710932 3.99118095489748 6.9
      vertex 1.25 1.25 6.9
      vertex 3.326120467488713 3.8673165676349086 6.9
    endloop
  endfacet
  facet normal 0 0 1
    outer loop
      vertex 3.326120467488713 3.8673165676349086 6.9
      vertex 1.25 1.25 6.9
      vertex 3.3839745962155616 3.75 6.9
    endloop
  endfacet
  facet normal 0 0 1
    outer loop
      vertex 3.3839745962155616 3.75 6.9
      vertex 1.25 1.25 6.9
      vertex 3.456646659708765 3.641238570991277 6.9
    endloop
  endfacet
  facet normal 0 0 1
    outer loop
      vertex 3.456646659708765 3.641238570991277 6.9
      vertex 1.25 1.25 6.9
      vertex 3.5428932188134525 3.542893218813454 6.9
    endloop
  endfacet
  facet normal 0 0 1
    outer loop
      vertex 3.5428932188134525 3.542893218813454 6.9
      vertex 1.25 1.25 6.9
      vertex 3.6412385709912796 3.456646659708767 6.9
    endloop
  endfacet
  facet normal 0 0 1
    outer loop
      vertex 3.6412385709912796 3.456646659708767 6.9
      vertex 1.25 1.25 6.9
      vertex 3.75 3.383974596215559 6.9
    endloop
  endfacet
  facet normal 0 0 1
    outer loop
      vertex 3.75 3.383974596215559 6.9
      vertex 1.25 1.25 6.9
      vertex 3.8673165676349104 3.326120467488714 6.9
    endloop
  endfacet
  facet normal 0 0 1
    outer loop
      vertex 3.8673165676349104 3.326120467488714 6.9
      vertex 1.25 1.25 6.9
      vertex 3.9911809548974793 3.284074173710934 6.9
    endloop
  endfacet
  facet normal 0 0 1
    outer loop
      vertex 1.25 1.25 6.9
      vertex 4.112209999134753 3.259999999999998 6.9
      vertex 4 3.259999999999998 6.9
    endloop
  endfacet
  facet normal 0 0 1
    outer loop
      vertex 3.9911809548974793 3.284074173710934 6.9
      vertex 1.25 1.25 6.9
      vertex 4 3.259999999999998 6.9
    endloop
  endfacet
  facet normal 0 0 1
    outer loop
      vertex 4.119473807779949 3.258555138626189 6.9
      vertex 4.112209999134753 3.259999999999998 6.9
      vertex 1.25 1.25 6.9
    endloop
  endfacet
  facet normal 0 0 1
    outer loop
      vertex 4.119473807779949 3.258555138626189 6.9
      vertex 1.25 1.25 6.9
      vertex 4.25 3.25 6.9
    endloop
  endfacet
  facet normal 0 0 1
    outer loop
      vertex 4.25 3.25 6.9
      vertex 1.25 1.25 6.9
      vertex 38 1.25 6.9
    endloop
  endfacet
  facet normal 0 1 0
    outer loop
      vertex 1.25 1.25 6.9
      vertex 1.25 1.25 8.51
      vertex 38 1.25 6.9
    endloop
  endfacet
  facet normal 0 1 0
    outer loop
      vertex 38 1.25 6.9
      vertex 1.25 1.25 8.51
      vertex 2.25 1.25 8.5
    endloop
  endfacet
  facet normal 0 0 1
    outer loop
      vertex 4.25 3.25 6.9
      vertex 38 1.25 6.9
      vertex 38 3.25 6.9
    endloop
  endfacet
  facet normal 0 1 0
    outer loop
      vertex 38 1.25 6.9
      vertex 2.25 1.25 8.5
      vertex 38 1.25 8.5
    endloop
  endfacet
  facet normal -1 0 0
    outer loop
      vertex 38 3.25 6.9
      vertex 38 1.25 6.9
      vertex 38 1.25 8.5
    endloop
  endfacet
  facet normal -1 0 0
    outer loop
      vertex 38 3.25 6.9
      vertex 38 1.25 8.5
      vertex 38 3.25 8.5
    endloop
  endfacet
  facet normal 1 0 0
    outer loop
      vertex 1.25 2.25 8.5
      vertex 1.25 2.25 8.51
      vertex 1.25 1.25 8.51
    endloop
  endfacet
  facet normal 0 0 -1
    outer loop
      vertex 1.25 2.25 8.51
      vertex 1.2585551386261895 2.119473807779947 8.51
      vertex 1.25 1.25 8.51
    endloop
  endfacet
  facet normal 0 0 -1
    outer loop
      vertex 1.2585551386261895 2.119473807779947 8.51
      vertex 1.2840741737109318 1.9911809548974801 8.51
      vertex 1.25 1.25 8.51
    endloop
  endfacet
  facet normal 0 0 -1
    outer loop
      vertex 1.2840741737109318 1.9911809548974801 8.51
      vertex 1.3261204674887133 1.8673165676349086 8.51
      vertex 1.25 1.25 8.51
    endloop
  endfacet
  facet normal 0 0 -1
    outer loop
      vertex 1.3261204674887133 1.8673165676349086 8.51
      vertex 1.3839745962155614 1.75 8.51
      vertex 1.25 1.25 8.51
    endloop
  endfacet
  facet normal 0 0 -1
    outer loop
      vertex 1.3839745962155614 1.75 8.51
      vertex 1.4566466597087648 1.6412385709912805 8.51
      vertex 1.25 1.25 8.51
    endloop
  endfacet
  facet normal 0 0 -1
    outer loop
      vertex 1.4566466597087648 1.6412385709912805 8.51
      vertex 1.5428932188134525 1.5428932188134539 8.51
      vertex 1.25 1.25 8.51
    endloop
  endfacet
  facet normal 0 0 -1
    outer loop
      vertex 1.5428932188134525 1.5428932188134539 8.51
      vertex 1.6412385709912793 1.4566466597087633 8.51
      vertex 1.25 1.25 8.51
    endloop
  endfacet
  facet normal 0 0 -1
    outer loop
      vertex 1.6412385709912793 1.4566466597087633 8.51
      vertex 1.75 1.3839745962155625 8.51
      vertex 1.25 1.25 8.51
    endloop
  endfacet
  facet normal 0 0 -1
    outer loop
      vertex 1.75 1.3839745962155625 8.51
      vertex 1.8673165676349102 1.326120467488714 8.51
      vertex 1.25 1.25 8.51
    endloop
  endfacet
  facet normal 0 0 -1
    outer loop
      vertex 1.25 1.25 8.51
      vertex 1.8673165676349102 1.326120467488714 8.51
      vertex 1.9911809548974793 1.2840741737109305 8.51
    endloop
  endfacet
  facet normal 0 0 -1
    outer loop
      vertex 1.25 1.25 8.51
      vertex 1.9911809548974793 1.2840741737109305 8.51
      vertex 2.1194738077799484 1.258555138626189 8.51
    endloop
  endfacet
  facet normal 0 0 -1
    outer loop
      vertex 1.25 1.25 8.51
      vertex 2.1194738077799484 1.258555138626189 8.51
      vertex 2.25 1.25 8.51
    endloop
  endfacet
  facet normal 0 1 0
    outer loop
      vertex 1.25 1.25 8.51
      vertex 2.25 1.25 8.51
      vertex 2.25 1.25 8.5
    endloop
  endfacet
  facet normal 1 0 0
    outer loop
      vertex 45.5 20.25 6.9
      vertex 45.5 20.25 8.5
      vertex 45.5 18.75 8.5
    endloop
  endfacet
  facet normal 1 0 0
    outer loop
      vertex 45.5 20.25 6.9
      vertex 45.5 18.75 7
      vertex 45.5 18.75 6.9
    endloop
  endfacet
  facet normal 1 0 0
    outer loop
      vertex 45.5 20.25 6.9
      vertex 45.5 18.75 8.5
      vertex 45.5 18.75 7
    endloop
  endfacet
  facet normal 0 -1 0
    outer loop
      vertex 45.5 20.25 6.9
      vertex 69.5 20.25 6.9
      vertex 45.5 20.25 8.5
    endloop
  endfacet
  facet normal 0 0 1
    outer loop
      vertex 45.5 20.25 6.9
      vertex 69.5 18.75 6.9
      vertex 69.5 20.25 6.9
    endloop
  endfacet
  facet normal 0 -1 0
    outer loop
      vertex 45.5 20.25 8.5
      vertex 69.5 20.25 6.9
      vertex 69.5 20.25 8.5
    endloop
  endfacet
  facet normal 0 0 1
    outer loop
      vertex 45.5 20.25 6.9
      vertex 45.5 18.75 6.9
      vertex 69.5 18.75 6.9
    endloop
  endfacet
  facet normal 1 0 0
    outer loop
      vertex 45.5 3.25 6.9
      vertex 45.5 1.75 8.5
      vertex 45.5 1.75 6.9
    endloop
  endfacet
  facet normal 1 0 0
    outer loop
      vertex 45.5 3.25 6.9
      vertex 45.5 3.25 8.5
      vertex 45.5 1.75 8.5
    endloop
  endfacet
  facet normal 0 0 1
    outer loop
      vertex 45.5 3.25 6.9
      vertex 45.5 1.75 6.9
      vertex 69.5 1.75 6.9
    endloop
  endfacet
  facet normal 0 1 0
    outer loop
      vertex 45.5 1.75 6.9
      vertex 45.5 1.75 8.5
      vertex 69.5 1.75 8.5
    endloop
  endfacet
  facet normal 0 0 1
    outer loop
      vertex 45.5 3.25 6.9
      vertex 69.5 1.75 6.9
      vertex 69.5 3.25 6.9
    endloop
  endfacet
  facet normal 0 1 0
    outer loop
      vertex 45.5 1.75 6.9
      vertex 69.5 1.75 8.5
      vertex 69.5 1.75 6.9
    endloop
  endfacet
  facet normal -1 0 0
    outer loop
      vertex 69.5 20.25 6.9
      vertex 69.5 18.75 6.9
      vertex 69.5 20.25 8.5
    endloop
  endfacet
  facet normal -1 0 0
    outer loop
      vertex 69.5 18.75 6.9
      vertex 69.5 18.75 8.5
      vertex 69.5 20.25 8.5
    endloop
  endfacet
  facet normal -1 0 0
    outer loop
      vertex 69.5 3.25 6.9
      vertex 69.5 1.75 6.9
      vertex 69.5 3.25 8.5
    endloop
  endfacet
  facet normal -1 0 0
    outer loop
      vertex 69.5 1.75 6.9
      vertex 69.5 1.75 8.5
      vertex 69.5 3.25 8.5
    endloop
  endfacet
  facet normal -1 0 0
    outer loop
      vertex 4 18.759999999999998 7
      vertex 4 18.759999999999998 6.9
      vertex 4 18.717680043428437 6.9
    endloop
  endfacet
  facet normal 0 1 0
    outer loop
      vertex 4 18.759999999999998 7
      vertex 38 18.759999999999998 7
      vertex 4 18.759999999999998 6.9
    endloop
  endfacet
  facet normal 0 1 0
    outer loop
      vertex 4 18.759999999999998 6.9
      vertex 38 18.759999999999998 7
      vertex 38 18.759999999999998 6.9
    endloop
  endfacet
  facet normal 0 0 1
    outer loop
      vertex 4 18.759999999999998 7
      vertex 38 18.75 7
      vertex 38 18.759999999999998 7
    endloop
  endfacet
  facet normal -1 0 0
    outer loop
      vertex 4 3.259999999999998 7
      vertex 4 18.717680043428437 6.9
      vertex 4 18.717680043428437 1.5
    endloop
  endfacet
  facet normal -1 0 0
    outer loop
      vertex 4 18.759999999999998 7
      vertex 4 18.717680043428437 6.9
      vertex 4 3.259999999999998 7
    endloop
  endfacet
  facet normal 0 0 1
    outer loop
      vertex 4 18.759999999999998 7
      vertex 4 3.259999999999998 7
      vertex 38 18.75 7
    endloop
  endfacet
  facet normal 1 0 0
    outer loop
      vertex 45.5 3.259999999999998 7
      vertex 45.5 18.75 1.5
      vertex 45.5 18.75 6.9
    endloop
  endfacet
  facet normal 0 0 1
    outer loop
      vertex 45.5 3.259999999999998 7
      vertex 45.5 18.75 7
      vertex 38 18.75 7
    endloop
  endfacet
  facet normal 1 0 0
    outer loop
      vertex 45.5 18.75 6.9
      vertex 45.5 18.75 7
      vertex 45.5 3.259999999999998 7
    endloop
  endfacet
  facet normal -1 0 0
    outer loop
      vertex 4 18.717680043428437 1.5
      vertex 4 3.2823199565715626 1.5
      vertex 4 3.2823199565715626 6.9
    endloop
  endfacet
  facet normal -1 0 0
    outer loop
      vertex 4 3.259999999999998 7
      vertex 4 18.717680043428437 1.5
      vertex 4 3.2823199565715626 6.9
    endloop
  endfacet
  facet normal 0 0 1
    outer loop
      vertex 4 3.259999999999998 7
      vertex 45.5 3.259999999999998 7
      vertex 38 18.75 7
    endloop
  endfacet
  facet normal 0 -1 0
    outer loop
      vertex 4.112209999134753 3.259999999999998 1.5
      vertex 45.5 3.259999999999998 1.5
      vertex 4.112209999134753 3.259999999999998 6.9
    endloop
  endfacet
  facet normal -1 0 0
    outer loop
      vertex 4 3.259999999999998 7
      vertex 4 3.2823199565715626 6.9
      vertex 4 3.259999999999998 6.9
    endloop
  endfacet
  facet normal 0 -1 0
    outer loop
      vertex 4 3.259999999999998 7
      vertex 4 3.259999999999998 6.9
      vertex 4.112209999134753 3.259999999999998 6.9
    endloop
  endfacet
  facet normal 0 -1 0
    outer loop
      vertex 4 3.259999999999998 7
      vertex 4.112209999134753 3.259999999999998 6.9
      vertex 45.5 3.259999999999998 1.5
    endloop
  endfacet
  facet normal 0 -1 0
    outer loop
      vertex 4 3.259999999999998 7
      vertex 45.5 3.259999999999998 1.5
      vertex 45.5 3.259999999999998 7
    endloop
  endfacet
  facet normal 1 0 0
    outer loop
      vertex 45.5 3.259999999999998 7
      vertex 45.5 3.259999999999998 1.5
      vertex 45.5 18.75 1.5
    endloop
  endfacet
endsolid OpenSCAD_Model
