solid OpenSCAD_Model
  facet normal 0 0 -1
    outer loop
      vertex 1.8519497029047307 0.22836140246614 0
      vertex 1.5 0.401923788646684 0
      vertex 0.8786796564403572 0.8786796564403572 0
    endloop
  endfacet
  facet normal 0 0 -1
    outer loop
      vertex 1.8519497029047307 0.22836140246614 0
      vertex 0.8786796564403572 0.8786796564403572 0
      vertex 3 0 0
    endloop
  endfacet
  facet normal 0 0 -1
    outer loop
      vertex 1.5 0.401923788646684 0
      vertex 1.173715712973838 0.6199399791262943 0
      vertex 0.8786796564403572 0.8786796564403572 0
    endloop
  endfacet
  facet normal 0 0 -1
    outer loop
      vertex 1.8519497029047307 0.22836140246614 0
      vertex 3 0 0
      vertex 2.223542864692438 0.10222252113279495 0
    endloop
  endfacet
  facet normal 0 0 -1
    outer loop
      vertex 2.223542864692438 0.10222252113279495 0
      vertex 3 0 0
      vertex 2.6084214233398453 0.025665415878568965 0
    endloop
  endfacet
  facet normal 0 0 -1
    outer loop
      vertex 0.8786796564403572 0.8786796564403572 0
      vertex 0.6199399791262943 1.173715712973838 0
      vertex 0.22836140246614 1.8519497029047307 0
    endloop
  endfacet
  facet normal 0 0 -1
    outer loop
      vertex 3 0 0
      vertex 0.8786796564403572 0.8786796564403572 0
      vertex 0 3 0
    endloop
  endfacet
  facet normal 0 0 -1
    outer loop
      vertex 0.6199399791262943 1.173715712973838 0
      vertex 0.401923788646684 1.5 0
      vertex 0.22836140246614 1.8519497029047307 0
    endloop
  endfacet
  facet normal 0 0 -1
    outer loop
      vertex 0.8786796564403572 0.8786796564403572 0
      vertex 0.22836140246614 1.8519497029047307 0
      vertex 0 3 0
    endloop
  endfacet
  facet normal 0 0 -1
    outer loop
      vertex 0.22836140246614 1.8519497029047307 0
      vertex 0.10222252113279495 2.223542864692438 0
      vertex 0 3 0
    endloop
  endfacet
  facet normal 0 0 -1
    outer loop
      vertex 0.10222252113279495 2.223542864692438 0
      vertex 0.025665415878568965 2.6084214233398453 0
      vertex 0 3 0
    endloop
  endfacet
  facet normal 0 -1 0
    outer loop
      vertex 3 0 0
      vertex 15.5 0 5.5
      vertex 4.5 0 5.5
    endloop
  endfacet
  facet normal -0.3214394653031626 -0.9469301294951054 0
    outer loop
      vertex 1.8519497029047307 0.22836140246614 0
      vertex 2.223542864692438 0.10222252113279495 0
      vertex 1.8519497029047307 0.22836140246614 17
    endloop
  endfacet
  facet normal -0.4422886902190005 -0.8968727415326887 0
    outer loop
      vertex 1.8519497029047307 0.22836140246614 0
      vertex 1.8519497029047307 0.22836140246614 17
      vertex 1.5 0.401923788646684 0
    endloop
  endfacet
  facet normal -0.555570233019602 -0.8314696123025456 0
    outer loop
      vertex 1.5 0.401923788646684 0
      vertex 1.5 0.401923788646684 17
      vertex 1.173715712973838 0.6199399791262943 0
    endloop
  endfacet
  facet normal -0.1950903220161273 -0.9807852804032307 0
    outer loop
      vertex 2.223542864692438 0.10222252113279495 0
      vertex 2.6084214233398453 0.025665415878568965 0
      vertex 2.223542864692438 0.10222252113279495 17
    endloop
  endfacet
  facet normal -0.06540312923014358 -0.9978589232386035 7.586308782844619e-20
    outer loop
      vertex 2.6084214233398453 0.025665415878568965 0
      vertex 3 0 0
      vertex 3 0 17
    endloop
  endfacet
  facet normal -0.6593458151000686 -0.7518398074789777 -4.559737439625572e-19
    outer loop
      vertex 1.173715712973838 0.6199399791262943 0
      vertex 0.8786796564403572 0.8786796564403572 17
      vertex 0.8786796564403572 0.8786796564403572 0
    endloop
  endfacet
  facet normal -0.7518398074789777 -0.6593458151000686 0
    outer loop
      vertex 0.8786796564403572 0.8786796564403572 0
      vertex 0.8786796564403572 0.8786796564403572 17
      vertex 0.6199399791262943 1.173715712973838 0
    endloop
  endfacet
  facet normal -0.8314696123025456 -0.555570233019602 0
    outer loop
      vertex 0.6199399791262943 1.173715712973838 0
      vertex 0.6199399791262943 1.173715712973838 17
      vertex 0.401923788646684 1.5 0
    endloop
  endfacet
  facet normal -0.8968727415326887 -0.4422886902190005 -2.232558990911443e-19
    outer loop
      vertex 0.401923788646684 1.5 0
      vertex 0.22836140246614 1.8519497029047307 17
      vertex 0.22836140246614 1.8519497029047307 0
    endloop
  endfacet
  facet normal -0.9469301294951054 -0.3214394653031626 0
    outer loop
      vertex 0.22836140246614 1.8519497029047307 0
      vertex 0.22836140246614 1.8519497029047307 17
      vertex 0.10222252113279495 2.223542864692438 0
    endloop
  endfacet
  facet normal -0.9807852804032307 -0.1950903220161273 0
    outer loop
      vertex 0.10222252113279495 2.223542864692438 0
      vertex 0.10222252113279495 2.223542864692438 17
      vertex 0.025665415878568965 2.6084214233398453 0
    endloop
  endfacet
  facet normal 0 -1 0
    outer loop
      vertex 3 0 0
      vertex 4.5 0 5.5
      vertex 4.5 0 17
    endloop
  endfacet
  facet normal -0.9978589232386035 -0.06540312923014358 7.586308782844619e-20
    outer loop
      vertex 0.025665415878568965 2.6084214233398453 0
      vertex 0 3 17
      vertex 0 3 0
    endloop
  endfacet
  facet normal 0 0 -1
    outer loop
      vertex 3 0 0
      vertex 0 3 0
      vertex 129 3 0
    endloop
  endfacet
  facet normal 0 -1 0
    outer loop
      vertex 3 0 0
      vertex 126 0 17
      vertex 15.5 0 5.5
    endloop
  endfacet
  facet normal 0 0 -1
    outer loop
      vertex 0 3 0
      vertex 3 22 0
      vertex 129 3 0
    endloop
  endfacet
  facet normal -0.4422886902190005 -0.8968727415326887 0
    outer loop
      vertex 1.5 0.401923788646684 0
      vertex 1.8519497029047307 0.22836140246614 17
      vertex 1.5 0.401923788646684 17
    endloop
  endfacet
  facet normal -0.555570233019602 -0.8314696123025456 0
    outer loop
      vertex 1.173715712973838 0.6199399791262943 0
      vertex 1.5 0.401923788646684 17
      vertex 1.173715712973838 0.6199399791262943 17
    endloop
  endfacet
  facet normal -0.1950903220161273 -0.9807852804032307 0
    outer loop
      vertex 2.6084214233398453 0.025665415878568965 0
      vertex 2.6084214233398453 0.025665415878568965 17
      vertex 2.223542864692438 0.10222252113279495 17
    endloop
  endfacet
  facet normal -0.3214394653031626 -0.9469301294951054 0
    outer loop
      vertex 2.223542864692438 0.10222252113279495 0
      vertex 2.223542864692438 0.10222252113279495 17
      vertex 1.8519497029047307 0.22836140246614 17
    endloop
  endfacet
  facet normal -0.06540312923014358 -0.9978589232386035 0
    outer loop
      vertex 2.6084214233398453 0.025665415878568965 0
      vertex 3 0 17
      vertex 2.6084214233398453 0.025665415878568965 17
    endloop
  endfacet
  facet normal 0 -1 0
    outer loop
      vertex 3 0 0
      vertex 4.5 0 17
      vertex 3 0 17
    endloop
  endfacet
  facet normal -0.6593458151000686 -0.7518398074789777 0
    outer loop
      vertex 1.173715712973838 0.6199399791262943 0
      vertex 1.173715712973838 0.6199399791262943 17
      vertex 0.8786796564403572 0.8786796564403572 17
    endloop
  endfacet
  facet normal -0.7518398074789777 -0.6593458151000686 0
    outer loop
      vertex 0.6199399791262943 1.173715712973838 0
      vertex 0.8786796564403572 0.8786796564403572 17
      vertex 0.6199399791262943 1.173715712973838 17
    endloop
  endfacet
  facet normal -0.8314696123025456 -0.555570233019602 0
    outer loop
      vertex 0.401923788646684 1.5 0
      vertex 0.6199399791262943 1.173715712973838 17
      vertex 0.401923788646684 1.5 17
    endloop
  endfacet
  facet normal -0.8968727415326887 -0.4422886902190005 0
    outer loop
      vertex 0.401923788646684 1.5 0
      vertex 0.401923788646684 1.5 17
      vertex 0.22836140246614 1.8519497029047307 17
    endloop
  endfacet
  facet normal -0.9469301294951054 -0.3214394653031626 0
    outer loop
      vertex 0.10222252113279495 2.223542864692438 0
      vertex 0.22836140246614 1.8519497029047307 17
      vertex 0.10222252113279495 2.223542864692438 17
    endloop
  endfacet
  facet normal -0.9807852804032307 -0.1950903220161273 0
    outer loop
      vertex 0.025665415878568965 2.6084214233398453 0
      vertex 0.10222252113279495 2.223542864692438 17
      vertex 0.025665415878568965 2.6084214233398453 17
    endloop
  endfacet
  facet normal -0.9978589232386035 -0.06540312923014358 0
    outer loop
      vertex 0.025665415878568965 2.6084214233398453 0
      vertex 0.025665415878568965 2.6084214233398453 17
      vertex 0 3 17
    endloop
  endfacet
  facet normal 0 0 1
    outer loop
      vertex 1.8519497029047307 0.22836140246614 17
      vertex 0.8786796564403572 0.8786796564403572 17
      vertex 1.5 0.401923788646684 17
    endloop
  endfacet
  facet normal 0 0 1
    outer loop
      vertex 1.8519497029047307 0.22836140246614 17
      vertex 3 0 17
      vertex 0.8786796564403572 0.8786796564403572 17
    endloop
  endfacet
  facet normal 0 0 1
    outer loop
      vertex 1.5 0.401923788646684 17
      vertex 0.8786796564403572 0.8786796564403572 17
      vertex 1.173715712973838 0.6199399791262943 17
    endloop
  endfacet
  facet normal 0 0 1
    outer loop
      vertex 1.8519497029047307 0.22836140246614 17
      vertex 2.223542864692438 0.10222252113279495 17
      vertex 3 0 17
    endloop
  endfacet
  facet normal 0 0 1
    outer loop
      vertex 2.223542864692438 0.10222252113279495 17
      vertex 2.6084214233398453 0.025665415878568965 17
      vertex 3 0 17
    endloop
  endfacet
  facet normal 0 0 1
    outer loop
      vertex 3 0 17
      vertex 4.5 0 17
      vertex 4.5 1.25 17
    endloop
  endfacet
  facet normal 0 0 1
    outer loop
      vertex 0.8786796564403572 0.8786796564403572 17
      vertex 0.22836140246614 1.8519497029047307 17
      vertex 0.6199399791262943 1.173715712973838 17
    endloop
  endfacet
  facet normal 0 0 1
    outer loop
      vertex 3 0 17
      vertex 0 3 17
      vertex 0.8786796564403572 0.8786796564403572 17
    endloop
  endfacet
  facet normal 0 0 1
    outer loop
      vertex 3 0 17
      vertex 2.1194738077799484 1.2585551386261895 17
      vertex 1.9911809548974793 1.2840741737109318 17
    endloop
  endfacet
  facet normal 0 0 1
    outer loop
      vertex 3 0 17
      vertex 2.25 1.25 17
      vertex 2.1194738077799484 1.2585551386261895 17
    endloop
  endfacet
  facet normal 0 0 1
    outer loop
      vertex 3 0 17
      vertex 1.8673165676349102 1.3261204674887133 17
      vertex 1.75 1.3839745962155614 17
    endloop
  endfacet
  facet normal 0 0 1
    outer loop
      vertex 3 0 17
      vertex 1.9911809548974793 1.2840741737109318 17
      vertex 1.8673165676349102 1.3261204674887133 17
    endloop
  endfacet
  facet normal 0 0 1
    outer loop
      vertex 3 0 17
      vertex 1.75 1.3839745962155614 17
      vertex 1.6412385709912793 1.4566466597087648 17
    endloop
  endfacet
  facet normal 0 0 1
    outer loop
      vertex 3 0 17
      vertex 1.6412385709912793 1.4566466597087648 17
      vertex 1.5428932188134525 1.5428932188134525 17
    endloop
  endfacet
  facet normal 0 0 1
    outer loop
      vertex 3 0 17
      vertex 4.5 1.25 17
      vertex 2.25 1.25 17
    endloop
  endfacet
  facet normal 0 0 1
    outer loop
      vertex 0.6199399791262943 1.173715712973838 17
      vertex 0.22836140246614 1.8519497029047307 17
      vertex 0.401923788646684 1.5 17
    endloop
  endfacet
  facet normal 0 0 1
    outer loop
      vertex 3 0 17
      vertex 1.5428932188134525 1.5428932188134525 17
      vertex 0 3 17
    endloop
  endfacet
  facet normal 0 0 1
    outer loop
      vertex 0.8786796564403572 0.8786796564403572 17
      vertex 0 3 17
      vertex 0.22836140246614 1.8519497029047307 17
    endloop
  endfacet
  facet normal 0 0 1
    outer loop
      vertex 1.5428932188134525 1.5428932188134525 17
      vertex 1.4566466597087648 1.6412385709912793 17
      vertex 0 3 17
    endloop
  endfacet
  facet normal 0 0 1
    outer loop
      vertex 1.4566466597087648 1.6412385709912793 17
      vertex 1.3839745962155614 1.75 17
      vertex 0 3 17
    endloop
  endfacet
  facet normal 0 0 1
    outer loop
      vertex 1.3839745962155614 1.75 17
      vertex 1.3261204674887133 1.8673165676349102 17
      vertex 0 3 17
    endloop
  endfacet
  facet normal 0 0 1
    outer loop
      vertex 0.22836140246614 1.8519497029047307 17
      vertex 0 3 17
      vertex 0.10222252113279495 2.223542864692438 17
    endloop
  endfacet
  facet normal 0 0 1
    outer loop
      vertex 1.3261204674887133 1.8673165676349102 17
      vertex 1.2840741737109318 1.9911809548974793 17
      vertex 0 3 17
    endloop
  endfacet
  facet normal 0 0 1
    outer loop
      vertex 1.2840741737109318 1.9911809548974793 17
      vertex 1.2585551386261895 2.1194738077799484 17
      vertex 0 3 17
    endloop
  endfacet
  facet normal 0 0 1
    outer loop
      vertex 1.2585551386261895 2.1194738077799484 17
      vertex 1.25 2.25 17
      vertex 0 3 17
    endloop
  endfacet
  facet normal 0 0 1
    outer loop
      vertex 0.10222252113279495 2.223542864692438 17
      vertex 0 3 17
      vertex 0.025665415878568965 2.6084214233398453 17
    endloop
  endfacet
  facet normal 0 0 1
    outer loop
      vertex 15.5 0 17
      vertex 23.1875 1.25 17
      vertex 15.5 1.25 17
    endloop
  endfacet
  facet normal -1 0 0
    outer loop
      vertex 0 3 0
      vertex 0 3 17
      vertex 0 19 17
    endloop
  endfacet
  facet normal 0 0 1
    outer loop
      vertex 1.25 2.25 17
      vertex 1.25 19.75 17
      vertex 0 3 17
    endloop
  endfacet
  facet normal 0 -1 0
    outer loop
      vertex 15.5 0 5.5
      vertex 126 0 17
      vertex 15.5 0 17
    endloop
  endfacet
  facet normal 0 0 1
    outer loop
      vertex 15.5 0 17
      vertex 126 0 17
      vertex 23.1875 1.25 17
    endloop
  endfacet
  facet normal 0 0 -1
    outer loop
      vertex 0 3 0
      vertex 0 19 0
      vertex 0.025665415878568965 19.391578576660155 0
    endloop
  endfacet
  facet normal 0 0 -1
    outer loop
      vertex 0 3 0
      vertex 0.025665415878568965 19.391578576660155 0
      vertex 3 22 0
    endloop
  endfacet
  facet normal -1 0 0
    outer loop
      vertex 0 3 0
      vertex 0 19 17
      vertex 0 19 0
    endloop
  endfacet
  facet normal 0 0 -1
    outer loop
      vertex 0.025665415878568965 19.391578576660155 0
      vertex 0.10222252113279495 19.776457135307563 0
      vertex 0.22836140246614 20.14805029709527 0
    endloop
  endfacet
  facet normal 0 0 -1
    outer loop
      vertex 0.025665415878568965 19.391578576660155 0
      vertex 0.22836140246614 20.14805029709527 0
      vertex 0.8786796564403572 21.121320343559642 0
    endloop
  endfacet
  facet normal 0 0 -1
    outer loop
      vertex 0.22836140246614 20.14805029709527 0
      vertex 0.401923788646684 20.5 0
      vertex 0.8786796564403572 21.121320343559642 0
    endloop
  endfacet
  facet normal 0 0 -1
    outer loop
      vertex 0.401923788646684 20.5 0
      vertex 0.6199399791262943 20.826284287026162 0
      vertex 0.8786796564403572 21.121320343559642 0
    endloop
  endfacet
  facet normal 0 0 -1
    outer loop
      vertex 0.025665415878568965 19.391578576660155 0
      vertex 0.8786796564403572 21.121320343559642 0
      vertex 3 22 0
    endloop
  endfacet
  facet normal 0 0 -1
    outer loop
      vertex 0.8786796564403572 21.121320343559642 0
      vertex 1.173715712973838 21.380060020873707 0
      vertex 1.8519497029047307 21.771638597533858 0
    endloop
  endfacet
  facet normal 0 0 -1
    outer loop
      vertex 1.173715712973838 21.380060020873707 0
      vertex 1.5 21.598076211353316 0
      vertex 1.8519497029047307 21.771638597533858 0
    endloop
  endfacet
  facet normal 0 0 -1
    outer loop
      vertex 0.8786796564403572 21.121320343559642 0
      vertex 1.8519497029047307 21.771638597533858 0
      vertex 3 22 0
    endloop
  endfacet
  facet normal 0 0 -1
    outer loop
      vertex 1.8519497029047307 21.771638597533858 0
      vertex 2.223542864692438 21.897777478867205 0
      vertex 3 22 0
    endloop
  endfacet
  facet normal 0 0 -1
    outer loop
      vertex 2.223542864692438 21.897777478867205 0
      vertex 2.6084214233398453 21.97433458412143 0
      vertex 3 22 0
    endloop
  endfacet
  facet normal -0.9978589232386035 0.0654031292301435 0
    outer loop
      vertex 0 19 0
      vertex 0 19 17
      vertex 0.025665415878568965 19.391578576660155 0
    endloop
  endfacet
  facet normal -0.9807852804032307 0.1950903220161271 -3.5839987067250006e-21
    outer loop
      vertex 0.025665415878568965 19.391578576660155 0
      vertex 0.10222252113279495 19.776457135307563 17
      vertex 0.10222252113279495 19.776457135307563 0
    endloop
  endfacet
  facet normal -0.9469301294951054 0.32143946530316225 0
    outer loop
      vertex 0.10222252113279495 19.776457135307563 0
      vertex 0.10222252113279495 19.776457135307563 17
      vertex 0.22836140246614 20.14805029709527 0
    endloop
  endfacet
  facet normal -0.8968727415326879 0.44228869021900186 0
    outer loop
      vertex 0.22836140246614 20.14805029709527 0
      vertex 0.22836140246614 20.14805029709527 17
      vertex 0.401923788646684 20.5 0
    endloop
  endfacet
  facet normal -0.8314696123025457 0.5555702330196017 2.5002990797788946e-19
    outer loop
      vertex 0.401923788646684 20.5 0
      vertex 0.6199399791262943 20.826284287026162 17
      vertex 0.6199399791262943 20.826284287026162 0
    endloop
  endfacet
  facet normal -0.7518398074789764 0.65934581510007 0
    outer loop
      vertex 0.6199399791262943 20.826284287026162 0
      vertex 0.6199399791262943 20.826284287026162 17
      vertex 0.8786796564403572 21.121320343559642 0
    endloop
  endfacet
  facet normal -0.6593458151000712 0.7518398074789754 -3.369218991746344e-20
    outer loop
      vertex 0.8786796564403572 21.121320343559642 0
      vertex 1.173715712973838 21.380060020873707 17
      vertex 1.173715712973838 21.380060020873707 0
    endloop
  endfacet
  facet normal -0.5555702330196003 0.8314696123025466 -5.20616482647784e-19
    outer loop
      vertex 1.173715712973838 21.380060020873707 0
      vertex 1.5 21.598076211353316 17
      vertex 1.5 21.598076211353316 0
    endloop
  endfacet
  facet normal -0.44228869021899686 0.8968727415326905 0
    outer loop
      vertex 1.5 21.598076211353316 0
      vertex 1.5 21.598076211353316 17
      vertex 1.8519497029047307 21.771638597533858 0
    endloop
  endfacet
  facet normal -0.32143946530316664 0.9469301294951039 0
    outer loop
      vertex 1.8519497029047307 21.771638597533858 0
      vertex 1.8519497029047307 21.771638597533858 17
      vertex 2.223542864692438 21.897777478867205 0
    endloop
  endfacet
  facet normal -0.19509032201612297 0.9807852804032315 7.071757923308868e-20
    outer loop
      vertex 2.223542864692438 21.897777478867205 0
      vertex 2.6084214233398453 21.97433458412143 17
      vertex 2.6084214233398453 21.97433458412143 0
    endloop
  endfacet
  facet normal -0.06540312923014809 0.9978589232386031 0
    outer loop
      vertex 2.6084214233398453 21.97433458412143 0
      vertex 2.6084214233398453 21.97433458412143 17
      vertex 3 22 0
    endloop
  endfacet
  facet normal 0 1 0
    outer loop
      vertex 3 22 0
      vertex 3 22 17
      vertex 126 22 0
    endloop
  endfacet
  facet normal 0 0 1
    outer loop
      vertex 0 3 17
      vertex 0.025665415878568965 19.391578576660155 17
      vertex 0 19 17
    endloop
  endfacet
  facet normal 0 0 1
    outer loop
      vertex 0 3 17
      vertex 1.25 19.75 17
      vertex 0.025665415878568965 19.391578576660155 17
    endloop
  endfacet
  facet normal -0.9978589232386035 0.0654031292301435 0
    outer loop
      vertex 0.025665415878568965 19.391578576660155 0
      vertex 0 19 17
      vertex 0.025665415878568965 19.391578576660155 17
    endloop
  endfacet
  facet normal -0.9807852804032307 0.1950903220161271 0
    outer loop
      vertex 0.025665415878568965 19.391578576660155 0
      vertex 0.025665415878568965 19.391578576660155 17
      vertex 0.10222252113279495 19.776457135307563 17
    endloop
  endfacet
  facet normal -0.9469301294951054 0.32143946530316225 0
    outer loop
      vertex 0.22836140246614 20.14805029709527 0
      vertex 0.10222252113279495 19.776457135307563 17
      vertex 0.22836140246614 20.14805029709527 17
    endloop
  endfacet
  facet normal -0.8968727415326879 0.44228869021900186 0
    outer loop
      vertex 0.401923788646684 20.5 0
      vertex 0.22836140246614 20.14805029709527 17
      vertex 0.401923788646684 20.5 17
    endloop
  endfacet
  facet normal -0.8314696123025457 0.5555702330196017 0
    outer loop
      vertex 0.401923788646684 20.5 0
      vertex 0.401923788646684 20.5 17
      vertex 0.6199399791262943 20.826284287026162 17
    endloop
  endfacet
  facet normal -0.7518398074789764 0.65934581510007 0
    outer loop
      vertex 0.8786796564403572 21.121320343559642 0
      vertex 0.6199399791262943 20.826284287026162 17
      vertex 0.8786796564403572 21.121320343559642 17
    endloop
  endfacet
  facet normal -0.6593458151000712 0.7518398074789754 0
    outer loop
      vertex 0.8786796564403572 21.121320343559642 0
      vertex 0.8786796564403572 21.121320343559642 17
      vertex 1.173715712973838 21.380060020873707 17
    endloop
  endfacet
  facet normal -0.5555702330196003 0.8314696123025466 0
    outer loop
      vertex 1.173715712973838 21.380060020873707 0
      vertex 1.173715712973838 21.380060020873707 17
      vertex 1.5 21.598076211353316 17
    endloop
  endfacet
  facet normal -0.44228869021899686 0.8968727415326905 0
    outer loop
      vertex 1.8519497029047307 21.771638597533858 0
      vertex 1.5 21.598076211353316 17
      vertex 1.8519497029047307 21.771638597533858 17
    endloop
  endfacet
  facet normal -0.32143946530316664 0.9469301294951039 0
    outer loop
      vertex 2.223542864692438 21.897777478867205 0
      vertex 1.8519497029047307 21.771638597533858 17
      vertex 2.223542864692438 21.897777478867205 17
    endloop
  endfacet
  facet normal -0.19509032201612297 0.9807852804032315 0
    outer loop
      vertex 2.223542864692438 21.897777478867205 0
      vertex 2.223542864692438 21.897777478867205 17
      vertex 2.6084214233398453 21.97433458412143 17
    endloop
  endfacet
  facet normal -0.06540312923014809 0.9978589232386031 0
    outer loop
      vertex 3 22 0
      vertex 2.6084214233398453 21.97433458412143 17
      vertex 3 22 17
    endloop
  endfacet
  facet normal 0 0 1
    outer loop
      vertex 0.025665415878568965 19.391578576660155 17
      vertex 1.25 19.75 17
      vertex 1.2585551386261895 19.880526192220053 17
    endloop
  endfacet
  facet normal 0 0 1
    outer loop
      vertex 0.025665415878568965 19.391578576660155 17
      vertex 1.2585551386261895 19.880526192220053 17
      vertex 1.2840741737109318 20.00881904510252 17
    endloop
  endfacet
  facet normal 0 0 1
    outer loop
      vertex 0.025665415878568965 19.391578576660155 17
      vertex 0.22836140246614 20.14805029709527 17
      vertex 0.10222252113279495 19.776457135307563 17
    endloop
  endfacet
  facet normal 0 0 1
    outer loop
      vertex 0.025665415878568965 19.391578576660155 17
      vertex 1.2840741737109318 20.00881904510252 17
      vertex 1.3261204674887133 20.13268343236509 17
    endloop
  endfacet
  facet normal 0 0 1
    outer loop
      vertex 0.025665415878568965 19.391578576660155 17
      vertex 1.3261204674887133 20.13268343236509 17
      vertex 1.3839745962155614 20.25 17
    endloop
  endfacet
  facet normal 0 0 1
    outer loop
      vertex 0.025665415878568965 19.391578576660155 17
      vertex 1.3839745962155614 20.25 17
      vertex 1.4566466597087648 20.35876142900872 17
    endloop
  endfacet
  facet normal 0 0 1
    outer loop
      vertex 0.025665415878568965 19.391578576660155 17
      vertex 0.8786796564403572 21.121320343559642 17
      vertex 0.22836140246614 20.14805029709527 17
    endloop
  endfacet
  facet normal 0 0 1
    outer loop
      vertex 0.025665415878568965 19.391578576660155 17
      vertex 1.4566466597087648 20.35876142900872 17
      vertex 1.5428932188134525 20.457106781186546 17
    endloop
  endfacet
  facet normal 0 0 1
    outer loop
      vertex 0.22836140246614 20.14805029709527 17
      vertex 0.6199399791262943 20.826284287026162 17
      vertex 0.401923788646684 20.5 17
    endloop
  endfacet
  facet normal 0 0 1
    outer loop
      vertex 0.025665415878568965 19.391578576660155 17
      vertex 1.5428932188134525 20.457106781186546 17
      vertex 3 22 17
    endloop
  endfacet
  facet normal 0 0 1
    outer loop
      vertex 0.22836140246614 20.14805029709527 17
      vertex 0.8786796564403572 21.121320343559642 17
      vertex 0.6199399791262943 20.826284287026162 17
    endloop
  endfacet
  facet normal 0 0 1
    outer loop
      vertex 0.025665415878568965 19.391578576660155 17
      vertex 3 22 17
      vertex 0.8786796564403572 21.121320343559642 17
    endloop
  endfacet
  facet normal 0 0 1
    outer loop
      vertex 1.5428932188134525 20.457106781186546 17
      vertex 1.6412385709912793 20.543353340291237 17
      vertex 3 22 17
    endloop
  endfacet
  facet normal 0 0 1
    outer loop
      vertex 1.6412385709912793 20.543353340291237 17
      vertex 1.75 20.616025403784437 17
      vertex 3 22 17
    endloop
  endfacet
  facet normal 0 0 1
    outer loop
      vertex 1.75 20.616025403784437 17
      vertex 1.8673165676349102 20.673879532511286 17
      vertex 3 22 17
    endloop
  endfacet
  facet normal 0 0 1
    outer loop
      vertex 1.8673165676349102 20.673879532511286 17
      vertex 1.9911809548974793 20.71592582628907 17
      vertex 3 22 17
    endloop
  endfacet
  facet normal 0 0 1
    outer loop
      vertex 1.9911809548974793 20.71592582628907 17
      vertex 2.1194738077799484 20.74144486137381 17
      vertex 3 22 17
    endloop
  endfacet
  facet normal 0 0 1
    outer loop
      vertex 2.1194738077799484 20.74144486137381 17
      vertex 2.25 20.75 17
      vertex 3 22 17
    endloop
  endfacet
  facet normal 0 0 1
    outer loop
      vertex 0.8786796564403572 21.121320343559642 17
      vertex 1.8519497029047307 21.771638597533858 17
      vertex 1.173715712973838 21.380060020873707 17
    endloop
  endfacet
  facet normal 0 0 1
    outer loop
      vertex 1.173715712973838 21.380060020873707 17
      vertex 1.8519497029047307 21.771638597533858 17
      vertex 1.5 21.598076211353316 17
    endloop
  endfacet
  facet normal 0 0 1
    outer loop
      vertex 0.8786796564403572 21.121320343559642 17
      vertex 3 22 17
      vertex 1.8519497029047307 21.771638597533858 17
    endloop
  endfacet
  facet normal 0 0 1
    outer loop
      vertex 1.8519497029047307 21.771638597533858 17
      vertex 3 22 17
      vertex 2.223542864692438 21.897777478867205 17
    endloop
  endfacet
  facet normal 0 0 1
    outer loop
      vertex 2.223542864692438 21.897777478867205 17
      vertex 3 22 17
      vertex 2.6084214233398453 21.97433458412143 17
    endloop
  endfacet
  facet normal 0 0 1
    outer loop
      vertex 2.25 20.75 17
      vertex 126.39157857666015 21.97433458412143 17
      vertex 3 22 17
    endloop
  endfacet
  facet normal 0 0 -1
    outer loop
      vertex 3 0 0
      vertex 129 3 0
      vertex 126 0 0
    endloop
  endfacet
  facet normal 0 -1 0
    outer loop
      vertex 3 0 0
      vertex 126 0 0
      vertex 126 0 17
    endloop
  endfacet
  facet normal 0 0 -1
    outer loop
      vertex 126 0 0
      vertex 126.77645713530757 0.10222252113279495 0
      vertex 126.39157857666015 0.025665415878568965 0
    endloop
  endfacet
  facet normal 0 0 -1
    outer loop
      vertex 126 0 0
      vertex 127.14805029709527 0.22836140246614 0
      vertex 126.77645713530757 0.10222252113279495 0
    endloop
  endfacet
  facet normal 0 0 -1
    outer loop
      vertex 126 0 0
      vertex 128.12132034355963 0.8786796564403572 0
      vertex 127.14805029709527 0.22836140246614 0
    endloop
  endfacet
  facet normal 0 0 -1
    outer loop
      vertex 127.14805029709527 0.22836140246614 0
      vertex 127.82628428702616 0.6199399791262943 0
      vertex 127.5 0.401923788646684 0
    endloop
  endfacet
  facet normal 0 0 -1
    outer loop
      vertex 127.14805029709527 0.22836140246614 0
      vertex 128.12132034355963 0.8786796564403572 0
      vertex 127.82628428702616 0.6199399791262943 0
    endloop
  endfacet
  facet normal 0 0 -1
    outer loop
      vertex 126 0 0
      vertex 129 3 0
      vertex 128.12132034355963 0.8786796564403572 0
    endloop
  endfacet
  facet normal 0 0 -1
    outer loop
      vertex 128.12132034355963 0.8786796564403572 0
      vertex 128.77163859753387 1.8519497029047307 0
      vertex 128.3800600208737 1.173715712973838 0
    endloop
  endfacet
  facet normal 0 0 -1
    outer loop
      vertex 128.3800600208737 1.173715712973838 0
      vertex 128.77163859753387 1.8519497029047307 0
      vertex 128.59807621135332 1.5 0
    endloop
  endfacet
  facet normal 0 0 -1
    outer loop
      vertex 128.12132034355963 0.8786796564403572 0
      vertex 129 3 0
      vertex 128.77163859753387 1.8519497029047307 0
    endloop
  endfacet
  facet normal 0 0 -1
    outer loop
      vertex 128.77163859753387 1.8519497029047307 0
      vertex 129 3 0
      vertex 128.8977774788672 2.223542864692438 0
    endloop
  endfacet
  facet normal 0 0 -1
    outer loop
      vertex 128.8977774788672 2.223542864692438 0
      vertex 129 3 0
      vertex 128.97433458412144 2.6084214233398453 0
    endloop
  endfacet
  facet normal 0.06540312923014409 -0.9978589232386035 -7.389338999108522e-20
    outer loop
      vertex 126 0 0
      vertex 126.39157857666015 0.025665415878568965 0
      vertex 126.39157857666015 0.025665415878568965 17
    endloop
  endfacet
  facet normal 0.19509032201612364 -0.9807852804032314 0
    outer loop
      vertex 126.39157857666015 0.025665415878568965 0
      vertex 126.77645713530757 0.10222252113279495 0
      vertex 126.39157857666015 0.025665415878568965 17
    endloop
  endfacet
  facet normal 0.32143946530316775 -0.9469301294951036 4.571868276826061e-19
    outer loop
      vertex 126.77645713530757 0.10222252113279495 0
      vertex 127.14805029709527 0.22836140246614 0
      vertex 127.14805029709527 0.22836140246614 17
    endloop
  endfacet
  facet normal 0.44228869021899836 -0.8968727415326898 -2.5524610918105177e-19
    outer loop
      vertex 127.14805029709527 0.22836140246614 0
      vertex 127.5 0.401923788646684 0
      vertex 127.5 0.401923788646684 17
    endloop
  endfacet
  facet normal 0.55557023301961 -0.83146961230254 0
    outer loop
      vertex 127.5 0.401923788646684 0
      vertex 127.82628428702616 0.6199399791262943 0
      vertex 127.5 0.401923788646684 17
    endloop
  endfacet
  facet normal 0.6593458151000745 -0.7518398074789726 5.880057577285448e-19
    outer loop
      vertex 127.82628428702616 0.6199399791262943 0
      vertex 128.12132034355963 0.8786796564403572 0
      vertex 128.12132034355963 0.8786796564403572 17
    endloop
  endfacet
  facet normal 0.751839807478953 -0.6593458151000967 -7.697939280222588e-19
    outer loop
      vertex 128.12132034355963 0.8786796564403572 0
      vertex 128.3800600208737 1.173715712973838 0
      vertex 128.3800600208737 1.173715712973838 17
    endloop
  endfacet
  facet normal 0.8314696123025549 -0.5555702330195879 -6.4034684037137295e-19
    outer loop
      vertex 128.3800600208737 1.173715712973838 0
      vertex 128.59807621135332 1.5 0
      vertex 128.59807621135332 1.5 17
    endloop
  endfacet
  facet normal 0.8968727415326833 -0.44228869021901146 0
    outer loop
      vertex 128.59807621135332 1.5 0
      vertex 128.77163859753387 1.8519497029047307 0
      vertex 128.59807621135332 1.5 17
    endloop
  endfacet
  facet normal 0.946930129495115 -0.3214394653031342 -3.7660955556516883e-19
    outer loop
      vertex 128.77163859753387 1.8519497029047307 0
      vertex 128.8977774788672 2.223542864692438 0
      vertex 128.8977774788672 2.223542864692438 17
    endloop
  endfacet
  facet normal 0.9807852804032244 -0.19509032201615778 -2.087802449649275e-19
    outer loop
      vertex 128.8977774788672 2.223542864692438 0
      vertex 128.97433458412144 2.6084214233398453 0
      vertex 128.97433458412144 2.6084214233398453 17
    endloop
  endfacet
  facet normal 0.9978589232386044 -0.06540312923013006 0
    outer loop
      vertex 128.97433458412144 2.6084214233398453 0
      vertex 129 3 0
      vertex 128.97433458412144 2.6084214233398453 17
    endloop
  endfacet
  facet normal 1 0 0
    outer loop
      vertex 129 3 0
      vertex 129 19 0
      vertex 129 3 17
    endloop
  endfacet
  facet normal 0 0 1
    outer loop
      vertex 23.1875 1.25 17
      vertex 126 0 17
      vertex 126.75 1.25 17
    endloop
  endfacet
  facet normal 0.06540312923014409 -0.9978589232386035 0
    outer loop
      vertex 126 0 0
      vertex 126.39157857666015 0.025665415878568965 17
      vertex 126 0 17
    endloop
  endfacet
  facet normal 0.19509032201612364 -0.9807852804032314 0
    outer loop
      vertex 126.77645713530757 0.10222252113279495 0
      vertex 126.77645713530757 0.10222252113279495 17
      vertex 126.39157857666015 0.025665415878568965 17
    endloop
  endfacet
  facet normal 0.32143946530316775 -0.9469301294951036 0
    outer loop
      vertex 126.77645713530757 0.10222252113279495 0
      vertex 127.14805029709527 0.22836140246614 17
      vertex 126.77645713530757 0.10222252113279495 17
    endloop
  endfacet
  facet normal 0.44228869021899836 -0.8968727415326898 0
    outer loop
      vertex 127.14805029709527 0.22836140246614 0
      vertex 127.5 0.401923788646684 17
      vertex 127.14805029709527 0.22836140246614 17
    endloop
  endfacet
  facet normal 0.55557023301961 -0.83146961230254 0
    outer loop
      vertex 127.82628428702616 0.6199399791262943 0
      vertex 127.82628428702616 0.6199399791262943 17
      vertex 127.5 0.401923788646684 17
    endloop
  endfacet
  facet normal 0.6593458151000745 -0.7518398074789726 0
    outer loop
      vertex 127.82628428702616 0.6199399791262943 0
      vertex 128.12132034355963 0.8786796564403572 17
      vertex 127.82628428702616 0.6199399791262943 17
    endloop
  endfacet
  facet normal 0.751839807478953 -0.6593458151000967 0
    outer loop
      vertex 128.12132034355963 0.8786796564403572 0
      vertex 128.3800600208737 1.173715712973838 17
      vertex 128.12132034355963 0.8786796564403572 17
    endloop
  endfacet
  facet normal 0.8314696123025549 -0.5555702330195879 0
    outer loop
      vertex 128.3800600208737 1.173715712973838 0
      vertex 128.59807621135332 1.5 17
      vertex 128.3800600208737 1.173715712973838 17
    endloop
  endfacet
  facet normal 0.8968727415326833 -0.44228869021901146 0
    outer loop
      vertex 128.77163859753387 1.8519497029047307 0
      vertex 128.77163859753387 1.8519497029047307 17
      vertex 128.59807621135332 1.5 17
    endloop
  endfacet
  facet normal 0.946930129495115 -0.3214394653031342 0
    outer loop
      vertex 128.77163859753387 1.8519497029047307 0
      vertex 128.8977774788672 2.223542864692438 17
      vertex 128.77163859753387 1.8519497029047307 17
    endloop
  endfacet
  facet normal 0.9807852804032244 -0.19509032201615778 0
    outer loop
      vertex 128.8977774788672 2.223542864692438 0
      vertex 128.97433458412144 2.6084214233398453 17
      vertex 128.8977774788672 2.223542864692438 17
    endloop
  endfacet
  facet normal 0.9978589232386044 -0.06540312923013006 0
    outer loop
      vertex 129 3 0
      vertex 129 3 17
      vertex 128.97433458412144 2.6084214233398453 17
    endloop
  endfacet
  facet normal 0 0 1
    outer loop
      vertex 126 0 17
      vertex 126.39157857666015 0.025665415878568965 17
      vertex 127.14805029709527 0.22836140246614 17
    endloop
  endfacet
  facet normal 0 0 1
    outer loop
      vertex 126.39157857666015 0.025665415878568965 17
      vertex 126.77645713530757 0.10222252113279495 17
      vertex 127.14805029709527 0.22836140246614 17
    endloop
  endfacet
  facet normal 0 0 1
    outer loop
      vertex 126 0 17
      vertex 127.14805029709527 0.22836140246614 17
      vertex 128.12132034355963 0.8786796564403572 17
    endloop
  endfacet
  facet normal 0 0 1
    outer loop
      vertex 127.14805029709527 0.22836140246614 17
      vertex 127.5 0.401923788646684 17
      vertex 128.12132034355963 0.8786796564403572 17
    endloop
  endfacet
  facet normal 0 0 1
    outer loop
      vertex 127.5 0.401923788646684 17
      vertex 127.82628428702616 0.6199399791262943 17
      vertex 128.12132034355963 0.8786796564403572 17
    endloop
  endfacet
  facet normal 0 0 1
    outer loop
      vertex 126 0 17
      vertex 126.88052619222005 1.2585551386261895 17
      vertex 126.75 1.25 17
    endloop
  endfacet
  facet normal 0 0 1
    outer loop
      vertex 126 0 17
      vertex 127.00881904510253 1.2840741737109318 17
      vertex 126.88052619222005 1.2585551386261895 17
    endloop
  endfacet
  facet normal 0 0 1
    outer loop
      vertex 126 0 17
      vertex 127.13268343236508 1.3261204674887133 17
      vertex 127.00881904510253 1.2840741737109318 17
    endloop
  endfacet
  facet normal 0 0 1
    outer loop
      vertex 126 0 17
      vertex 127.25 1.3839745962155614 17
      vertex 127.13268343236508 1.3261204674887133 17
    endloop
  endfacet
  facet normal 0 0 1
    outer loop
      vertex 126 0 17
      vertex 127.35876142900872 1.4566466597087648 17
      vertex 127.25 1.3839745962155614 17
    endloop
  endfacet
  facet normal 0 0 1
    outer loop
      vertex 126 0 17
      vertex 127.45710678118655 1.5428932188134525 17
      vertex 127.35876142900872 1.4566466597087648 17
    endloop
  endfacet
  facet normal 0 0 1
    outer loop
      vertex 126 0 17
      vertex 128.12132034355963 0.8786796564403572 17
      vertex 129 3 17
    endloop
  endfacet
  facet normal 0 0 1
    outer loop
      vertex 128.12132034355963 0.8786796564403572 17
      vertex 128.3800600208737 1.173715712973838 17
      vertex 128.77163859753387 1.8519497029047307 17
    endloop
  endfacet
  facet normal 0 0 1
    outer loop
      vertex 126 0 17
      vertex 129 3 17
      vertex 127.45710678118655 1.5428932188134525 17
    endloop
  endfacet
  facet normal 0 0 1
    outer loop
      vertex 128.3800600208737 1.173715712973838 17
      vertex 128.59807621135332 1.5 17
      vertex 128.77163859753387 1.8519497029047307 17
    endloop
  endfacet
  facet normal 0 0 1
    outer loop
      vertex 127.45710678118655 1.5428932188134525 17
      vertex 129 3 17
      vertex 127.54335334029123 1.6412385709912793 17
    endloop
  endfacet
  facet normal 0 0 1
    outer loop
      vertex 128.12132034355963 0.8786796564403572 17
      vertex 128.77163859753387 1.8519497029047307 17
      vertex 129 3 17
    endloop
  endfacet
  facet normal 0 0 1
    outer loop
      vertex 127.54335334029123 1.6412385709912793 17
      vertex 129 3 17
      vertex 127.61602540378443 1.75 17
    endloop
  endfacet
  facet normal 0 0 1
    outer loop
      vertex 127.61602540378443 1.75 17
      vertex 129 3 17
      vertex 127.6738795325113 1.8673165676349102 17
    endloop
  endfacet
  facet normal 0 0 1
    outer loop
      vertex 127.6738795325113 1.8673165676349102 17
      vertex 129 3 17
      vertex 127.71592582628907 1.9911809548974793 17
    endloop
  endfacet
  facet normal 0 0 1
    outer loop
      vertex 127.71592582628907 1.9911809548974793 17
      vertex 129 3 17
      vertex 127.74144486137381 2.1194738077799484 17
    endloop
  endfacet
  facet normal 0 0 1
    outer loop
      vertex 128.77163859753387 1.8519497029047307 17
      vertex 128.8977774788672 2.223542864692438 17
      vertex 129 3 17
    endloop
  endfacet
  facet normal 0 0 1
    outer loop
      vertex 127.74144486137381 2.1194738077799484 17
      vertex 129 3 17
      vertex 127.75 2.25 17
    endloop
  endfacet
  facet normal 0 0 1
    outer loop
      vertex 128.8977774788672 2.223542864692438 17
      vertex 128.97433458412144 2.6084214233398453 17
      vertex 129 3 17
    endloop
  endfacet
  facet normal 0 0 1
    outer loop
      vertex 127.75 2.25 17
      vertex 129 3 17
      vertex 128.97433458412144 19.391578576660155 17
    endloop
  endfacet
  facet normal 0 0 -1
    outer loop
      vertex 3 22 0
      vertex 126.39157857666015 21.97433458412143 0
      vertex 129 3 0
    endloop
  endfacet
  facet normal 0 0 -1
    outer loop
      vertex 3 22 0
      vertex 126 22 0
      vertex 126.39157857666015 21.97433458412143 0
    endloop
  endfacet
  facet normal 0 0 -1
    outer loop
      vertex 129 3 0
      vertex 128.97433458412144 19.391578576660155 0
      vertex 129 19 0
    endloop
  endfacet
  facet normal 0 0 -1
    outer loop
      vertex 129 3 0
      vertex 126.39157857666015 21.97433458412143 0
      vertex 128.97433458412144 19.391578576660155 0
    endloop
  endfacet
  facet normal 0 0 -1
    outer loop
      vertex 128.97433458412144 19.391578576660155 0
      vertex 128.77163859753387 20.14805029709527 0
      vertex 128.8977774788672 19.776457135307563 0
    endloop
  endfacet
  facet normal 0 0 -1
    outer loop
      vertex 128.97433458412144 19.391578576660155 0
      vertex 128.12132034355963 21.121320343559642 0
      vertex 128.77163859753387 20.14805029709527 0
    endloop
  endfacet
  facet normal 0 0 -1
    outer loop
      vertex 128.77163859753387 20.14805029709527 0
      vertex 128.3800600208737 20.826284287026162 0
      vertex 128.59807621135332 20.5 0
    endloop
  endfacet
  facet normal 0 0 -1
    outer loop
      vertex 128.97433458412144 19.391578576660155 0
      vertex 126.39157857666015 21.97433458412143 0
      vertex 128.12132034355963 21.121320343559642 0
    endloop
  endfacet
  facet normal 0 0 -1
    outer loop
      vertex 128.77163859753387 20.14805029709527 0
      vertex 128.12132034355963 21.121320343559642 0
      vertex 128.3800600208737 20.826284287026162 0
    endloop
  endfacet
  facet normal 0 0 -1
    outer loop
      vertex 126.39157857666015 21.97433458412143 0
      vertex 126.77645713530757 21.897777478867205 0
      vertex 127.5 21.598076211353316 0
    endloop
  endfacet
  facet normal 0 0 -1
    outer loop
      vertex 128.12132034355963 21.121320343559642 0
      vertex 127.5 21.598076211353316 0
      vertex 127.82628428702616 21.380060020873707 0
    endloop
  endfacet
  facet normal 0 0 -1
    outer loop
      vertex 128.12132034355963 21.121320343559642 0
      vertex 126.39157857666015 21.97433458412143 0
      vertex 127.5 21.598076211353316 0
    endloop
  endfacet
  facet normal 0 0 -1
    outer loop
      vertex 126.77645713530757 21.897777478867205 0
      vertex 127.14805029709527 21.771638597533858 0
      vertex 127.5 21.598076211353316 0
    endloop
  endfacet
  facet normal 0.9978589232386044 0.06540312923012999 -9.080858049775582e-20
    outer loop
      vertex 129 19 0
      vertex 128.97433458412144 19.391578576660155 0
      vertex 128.97433458412144 19.391578576660155 17
    endloop
  endfacet
  facet normal 0.9807852804032247 0.19509032201615759 0
    outer loop
      vertex 128.97433458412144 19.391578576660155 0
      vertex 128.8977774788672 19.776457135307563 0
      vertex 128.97433458412144 19.391578576660155 17
    endloop
  endfacet
  facet normal 0.9469301294951151 0.3214394653031339 3.0079545336217375e-19
    outer loop
      vertex 128.8977774788672 19.776457135307563 0
      vertex 128.77163859753387 20.14805029709527 0
      vertex 128.77163859753387 20.14805029709527 17
    endloop
  endfacet
  facet normal 0.8968727415326826 0.4422886902190128 0
    outer loop
      vertex 128.77163859753387 20.14805029709527 0
      vertex 128.59807621135332 20.5 0
      vertex 128.77163859753387 20.14805029709527 17
    endloop
  endfacet
  facet normal 0.831469612302555 0.5555702330195875 -3.753681055820592e-19
    outer loop
      vertex 128.59807621135332 20.5 0
      vertex 128.3800600208737 20.826284287026162 0
      vertex 128.3800600208737 20.826284287026162 17
    endloop
  endfacet
  facet normal 0.7518398074789517 0.6593458151000982 1.439923627438138e-19
    outer loop
      vertex 128.3800600208737 20.826284287026162 0
      vertex 128.12132034355963 21.121320343559642 0
      vertex 128.12132034355963 21.121320343559642 17
    endloop
  endfacet
  facet normal 0.6593458151000771 0.7518398074789703 0
    outer loop
      vertex 128.12132034355963 21.121320343559642 0
      vertex 127.82628428702616 21.380060020873707 0
      vertex 128.12132034355963 21.121320343559642 17
    endloop
  endfacet
  facet normal 0.0654031292301486 0.9978589232386031 0
    outer loop
      vertex 126 22 0
      vertex 126 22 17
      vertex 126.39157857666015 21.97433458412143 0
    endloop
  endfacet
  facet normal 0.3214394653031718 0.9469301294951021 0
    outer loop
      vertex 126.77645713530757 21.897777478867205 0
      vertex 126.77645713530757 21.897777478867205 17
      vertex 127.14805029709527 21.771638597533858 0
    endloop
  endfacet
  facet normal 0.19509032201611928 0.9807852804032322 0
    outer loop
      vertex 126.39157857666015 21.97433458412143 0
      vertex 126.39157857666015 21.97433458412143 17
      vertex 126.77645713530757 21.897777478867205 0
    endloop
  endfacet
  facet normal 0.4422886902189947 0.8968727415326917 0
    outer loop
      vertex 127.5 21.598076211353316 0
      vertex 127.14805029709527 21.771638597533858 0
      vertex 127.5 21.598076211353316 17
    endloop
  endfacet
  facet normal 0.5555702330196085 0.8314696123025411 8.035978019957602e-19
    outer loop
      vertex 127.82628428702616 21.380060020873707 0
      vertex 127.5 21.598076211353316 0
      vertex 127.5 21.598076211353316 17
    endloop
  endfacet
  facet normal 0 1 0
    outer loop
      vertex 3 22 17
      vertex 126 22 17
      vertex 126 22 0
    endloop
  endfacet
  facet normal 0 0 1
    outer loop
      vertex 2.25 20.75 17
      vertex 126.75 20.75 17
      vertex 126.39157857666015 21.97433458412143 17
    endloop
  endfacet
  facet normal 0 0 1
    outer loop
      vertex 3 22 17
      vertex 126.39157857666015 21.97433458412143 17
      vertex 126 22 17
    endloop
  endfacet
  facet normal 1 0 0
    outer loop
      vertex 129 3 17
      vertex 129 19 0
      vertex 129 19 17
    endloop
  endfacet
  facet normal 0 0 1
    outer loop
      vertex 127.75 2.25 17
      vertex 128.97433458412144 19.391578576660155 17
      vertex 127.75 19.75 17
    endloop
  endfacet
  facet normal 0 0 1
    outer loop
      vertex 129 3 17
      vertex 129 19 17
      vertex 128.97433458412144 19.391578576660155 17
    endloop
  endfacet
  facet normal 0.9978589232386044 0.06540312923012999 0
    outer loop
      vertex 129 19 0
      vertex 128.97433458412144 19.391578576660155 17
      vertex 129 19 17
    endloop
  endfacet
  facet normal 0.9807852804032247 0.19509032201615759 0
    outer loop
      vertex 128.8977774788672 19.776457135307563 0
      vertex 128.8977774788672 19.776457135307563 17
      vertex 128.97433458412144 19.391578576660155 17
    endloop
  endfacet
  facet normal 0.9469301294951151 0.3214394653031339 0
    outer loop
      vertex 128.8977774788672 19.776457135307563 0
      vertex 128.77163859753387 20.14805029709527 17
      vertex 128.8977774788672 19.776457135307563 17
    endloop
  endfacet
  facet normal 0.8968727415326826 0.4422886902190128 0
    outer loop
      vertex 128.59807621135332 20.5 0
      vertex 128.59807621135332 20.5 17
      vertex 128.77163859753387 20.14805029709527 17
    endloop
  endfacet
  facet normal 0.831469612302555 0.5555702330195875 0
    outer loop
      vertex 128.59807621135332 20.5 0
      vertex 128.3800600208737 20.826284287026162 17
      vertex 128.59807621135332 20.5 17
    endloop
  endfacet
  facet normal 0.7518398074789517 0.6593458151000982 0
    outer loop
      vertex 128.3800600208737 20.826284287026162 0
      vertex 128.12132034355963 21.121320343559642 17
      vertex 128.3800600208737 20.826284287026162 17
    endloop
  endfacet
  facet normal 0.6593458151000771 0.7518398074789703 0
    outer loop
      vertex 127.82628428702616 21.380060020873707 0
      vertex 127.82628428702616 21.380060020873707 17
      vertex 128.12132034355963 21.121320343559642 17
    endloop
  endfacet
  facet normal 0.0654031292301486 0.9978589232386031 0
    outer loop
      vertex 126.39157857666015 21.97433458412143 0
      vertex 126 22 17
      vertex 126.39157857666015 21.97433458412143 17
    endloop
  endfacet
  facet normal 0.19509032201611928 0.9807852804032322 0
    outer loop
      vertex 126.77645713530757 21.897777478867205 0
      vertex 126.39157857666015 21.97433458412143 17
      vertex 126.77645713530757 21.897777478867205 17
    endloop
  endfacet
  facet normal 0.5555702330196085 0.8314696123025411 0
    outer loop
      vertex 127.82628428702616 21.380060020873707 0
      vertex 127.5 21.598076211353316 17
      vertex 127.82628428702616 21.380060020873707 17
    endloop
  endfacet
  facet normal 0.4422886902189947 0.8968727415326917 0
    outer loop
      vertex 127.14805029709527 21.771638597533858 0
      vertex 127.14805029709527 21.771638597533858 17
      vertex 127.5 21.598076211353316 17
    endloop
  endfacet
  facet normal 0.3214394653031718 0.9469301294951021 0
    outer loop
      vertex 127.14805029709527 21.771638597533858 0
      vertex 126.77645713530757 21.897777478867205 17
      vertex 127.14805029709527 21.771638597533858 17
    endloop
  endfacet
  facet normal 0 0 1
    outer loop
      vertex 128.97433458412144 19.391578576660155 17
      vertex 127.74144486137381 19.880526192220053 17
      vertex 127.75 19.75 17
    endloop
  endfacet
  facet normal 0 0 1
    outer loop
      vertex 128.97433458412144 19.391578576660155 17
      vertex 127.71592582628907 20.00881904510252 17
      vertex 127.74144486137381 19.880526192220053 17
    endloop
  endfacet
  facet normal 0 0 1
    outer loop
      vertex 128.97433458412144 19.391578576660155 17
      vertex 127.6738795325113 20.13268343236509 17
      vertex 127.71592582628907 20.00881904510252 17
    endloop
  endfacet
  facet normal 0 0 1
    outer loop
      vertex 128.97433458412144 19.391578576660155 17
      vertex 127.61602540378443 20.25 17
      vertex 127.6738795325113 20.13268343236509 17
    endloop
  endfacet
  facet normal 0 0 1
    outer loop
      vertex 128.97433458412144 19.391578576660155 17
      vertex 128.8977774788672 19.776457135307563 17
      vertex 128.77163859753387 20.14805029709527 17
    endloop
  endfacet
  facet normal 0 0 1
    outer loop
      vertex 128.97433458412144 19.391578576660155 17
      vertex 127.45710678118655 20.457106781186546 17
      vertex 127.54335334029123 20.35876142900872 17
    endloop
  endfacet
  facet normal 0 0 1
    outer loop
      vertex 128.97433458412144 19.391578576660155 17
      vertex 127.35876142900872 20.543353340291237 17
      vertex 127.45710678118655 20.457106781186546 17
    endloop
  endfacet
  facet normal 0 0 1
    outer loop
      vertex 128.97433458412144 19.391578576660155 17
      vertex 127.54335334029123 20.35876142900872 17
      vertex 127.61602540378443 20.25 17
    endloop
  endfacet
  facet normal 0 0 1
    outer loop
      vertex 128.97433458412144 19.391578576660155 17
      vertex 128.77163859753387 20.14805029709527 17
      vertex 128.12132034355963 21.121320343559642 17
    endloop
  endfacet
  facet normal 0 0 1
    outer loop
      vertex 128.77163859753387 20.14805029709527 17
      vertex 128.59807621135332 20.5 17
      vertex 128.3800600208737 20.826284287026162 17
    endloop
  endfacet
  facet normal 0 0 1
    outer loop
      vertex 127.25 20.616025403784437 17
      vertex 126.39157857666015 21.97433458412143 17
      vertex 127.13268343236508 20.673879532511286 17
    endloop
  endfacet
  facet normal 0 0 1
    outer loop
      vertex 127.13268343236508 20.673879532511286 17
      vertex 126.39157857666015 21.97433458412143 17
      vertex 127.00881904510253 20.71592582628907 17
    endloop
  endfacet
  facet normal 0 0 1
    outer loop
      vertex 126.75 20.75 17
      vertex 126.88052619222005 20.74144486137381 17
      vertex 126.39157857666015 21.97433458412143 17
    endloop
  endfacet
  facet normal 0 0 1
    outer loop
      vertex 126.88052619222005 20.74144486137381 17
      vertex 127.00881904510253 20.71592582628907 17
      vertex 126.39157857666015 21.97433458412143 17
    endloop
  endfacet
  facet normal 0 0 1
    outer loop
      vertex 128.97433458412144 19.391578576660155 17
      vertex 126.39157857666015 21.97433458412143 17
      vertex 127.35876142900872 20.543353340291237 17
    endloop
  endfacet
  facet normal 0 0 1
    outer loop
      vertex 128.97433458412144 19.391578576660155 17
      vertex 128.12132034355963 21.121320343559642 17
      vertex 126.39157857666015 21.97433458412143 17
    endloop
  endfacet
  facet normal 0 0 1
    outer loop
      vertex 128.77163859753387 20.14805029709527 17
      vertex 128.3800600208737 20.826284287026162 17
      vertex 128.12132034355963 21.121320343559642 17
    endloop
  endfacet
  facet normal 0 0 1
    outer loop
      vertex 127.35876142900872 20.543353340291237 17
      vertex 126.39157857666015 21.97433458412143 17
      vertex 127.25 20.616025403784437 17
    endloop
  endfacet
  facet normal 0 0 1
    outer loop
      vertex 126.39157857666015 21.97433458412143 17
      vertex 127.5 21.598076211353316 17
      vertex 126.77645713530757 21.897777478867205 17
    endloop
  endfacet
  facet normal 0 0 1
    outer loop
      vertex 128.12132034355963 21.121320343559642 17
      vertex 127.82628428702616 21.380060020873707 17
      vertex 127.5 21.598076211353316 17
    endloop
  endfacet
  facet normal 0 0 1
    outer loop
      vertex 128.12132034355963 21.121320343559642 17
      vertex 127.5 21.598076211353316 17
      vertex 126.39157857666015 21.97433458412143 17
    endloop
  endfacet
  facet normal 0 0 1
    outer loop
      vertex 126.77645713530757 21.897777478867205 17
      vertex 127.5 21.598076211353316 17
      vertex 127.14805029709527 21.771638597533858 17
    endloop
  endfacet
  facet normal 0 0 1
    outer loop
      vertex 3.8673165676349104 3.326120467488713 1.5
      vertex 3.6412385709912796 3.456646659708765 1.5
      vertex 3.75 3.3839745962155616 1.5
    endloop
  endfacet
  facet normal 0 0 1
    outer loop
      vertex 3.8673165676349104 3.326120467488713 1.5
      vertex 3.5428932188134525 3.5428932188134525 1.5
      vertex 3.6412385709912796 3.456646659708765 1.5
    endloop
  endfacet
  facet normal 0 0 1
    outer loop
      vertex 3.5428932188134525 3.5428932188134525 1.5
      vertex 3.326120467488713 3.8673165676349104 1.5
      vertex 3.456646659708765 3.6412385709912796 1.5
    endloop
  endfacet
  facet normal 0 0 1
    outer loop
      vertex 3.456646659708765 3.6412385709912796 1.5
      vertex 3.326120467488713 3.8673165676349104 1.5
      vertex 3.3839745962155616 3.75 1.5
    endloop
  endfacet
  facet normal 0 0 1
    outer loop
      vertex 3.5428932188134525 3.5428932188134525 1.5
      vertex 3.25 4.25 1.5
      vertex 3.326120467488713 3.8673165676349104 1.5
    endloop
  endfacet
  facet normal 0 0 1
    outer loop
      vertex 3.326120467488713 3.8673165676349104 1.5
      vertex 3.25 4.25 1.5
      vertex 3.284074173710932 3.9911809548974793 1.5
    endloop
  endfacet
  facet normal 0 0 1
    outer loop
      vertex 3.284074173710932 3.9911809548974793 1.5
      vertex 3.25 4.25 1.5
      vertex 3.2585551386261895 4.119473807779949 1.5
    endloop
  endfacet
  facet normal 0.19509032201614307 0.9807852804032275 -4.440683762779862e-20
    outer loop
      vertex 3.9911809548974793 3.284074173710932 1.5
      vertex 4 3.2823199565715613 4.5
      vertex 4 3.2823199565715613 1.5
    endloop
  endfacet
  facet normal 0.3214394653031599 0.9469301294951062 0
    outer loop
      vertex 3.9911809548974793 3.284074173710932 1.5
      vertex 3.8673165676349104 3.326120467488713 1.5
      vertex 3.9911809548974793 3.284074173710932 6.9
    endloop
  endfacet
  facet normal 0.4422886902190037 0.896872741532687 0
    outer loop
      vertex 3.8673165676349104 3.326120467488713 1.5
      vertex 3.75 3.3839745962155616 1.5
      vertex 3.8673165676349104 3.326120467488713 6.9
    endloop
  endfacet
  facet normal 0.5555702330196026 0.8314696123025449 0
    outer loop
      vertex 3.75 3.3839745962155616 1.5
      vertex 3.6412385709912796 3.456646659708765 1.5
      vertex 3.75 3.3839745962155616 6.9
    endloop
  endfacet
  facet normal 0.7518398074789784 0.6593458151000675 0
    outer loop
      vertex 3.5428932188134525 3.5428932188134525 1.5
      vertex 3.456646659708765 3.6412385709912796 1.5
      vertex 3.5428932188134525 3.5428932188134525 6.9
    endloop
  endfacet
  facet normal 0.6593458151000675 0.7518398074789784 0
    outer loop
      vertex 3.6412385709912796 3.456646659708765 1.5
      vertex 3.5428932188134525 3.5428932188134525 1.5
      vertex 3.6412385709912796 3.456646659708765 6.9
    endloop
  endfacet
  facet normal 0.8314696123025449 0.5555702330196026 0
    outer loop
      vertex 3.456646659708765 3.6412385709912796 1.5
      vertex 3.3839745962155616 3.75 1.5
      vertex 3.456646659708765 3.6412385709912796 6.9
    endloop
  endfacet
  facet normal 0.896872741532687 0.4422886902190037 0
    outer loop
      vertex 3.3839745962155616 3.75 1.5
      vertex 3.326120467488713 3.8673165676349104 1.5
      vertex 3.3839745962155616 3.75 6.9
    endloop
  endfacet
  facet normal 0.9469301294951062 0.3214394653031599 0
    outer loop
      vertex 3.326120467488713 3.8673165676349104 1.5
      vertex 3.284074173710932 3.9911809548974793 1.5
      vertex 3.326120467488713 3.8673165676349104 6.9
    endloop
  endfacet
  facet normal 0.9807852804032303 0.19509032201612883 0
    outer loop
      vertex 3.284074173710932 3.9911809548974793 1.5
      vertex 3.2585551386261895 4.119473807779949 1.5
      vertex 3.284074173710932 3.9911809548974793 6.9
    endloop
  endfacet
  facet normal 0.9978589232386035 0.06540312923014266 0
    outer loop
      vertex 3.2585551386261895 4.119473807779949 1.5
      vertex 3.25 4.25 1.5
      vertex 3.2585551386261895 4.119473807779949 6.9
    endloop
  endfacet
  facet normal 0.19509032201614313 0.9807852804032277 0
    outer loop
      vertex 3.9911809548974793 3.284074173710932 1.5
      vertex 3.9911809548974793 3.284074173710932 6.9
      vertex 4 3.2823199565715613 4.5
    endloop
  endfacet
  facet normal 0.3214394653031599 0.9469301294951062 0
    outer loop
      vertex 3.8673165676349104 3.326120467488713 1.5
      vertex 3.8673165676349104 3.326120467488713 6.9
      vertex 3.9911809548974793 3.284074173710932 6.9
    endloop
  endfacet
  facet normal 0.5555702330196026 0.8314696123025449 0
    outer loop
      vertex 3.6412385709912796 3.456646659708765 1.5
      vertex 3.6412385709912796 3.456646659708765 6.9
      vertex 3.75 3.3839745962155616 6.9
    endloop
  endfacet
  facet normal 0.4422886902190037 0.896872741532687 0
    outer loop
      vertex 3.75 3.3839745962155616 1.5
      vertex 3.75 3.3839745962155616 6.9
      vertex 3.8673165676349104 3.326120467488713 6.9
    endloop
  endfacet
  facet normal 0.7518398074789784 0.6593458151000675 0
    outer loop
      vertex 3.456646659708765 3.6412385709912796 1.5
      vertex 3.456646659708765 3.6412385709912796 6.9
      vertex 3.5428932188134525 3.5428932188134525 6.9
    endloop
  endfacet
  facet normal 0.6593458151000675 0.7518398074789784 0
    outer loop
      vertex 3.5428932188134525 3.5428932188134525 1.5
      vertex 3.5428932188134525 3.5428932188134525 6.9
      vertex 3.6412385709912796 3.456646659708765 6.9
    endloop
  endfacet
  facet normal 0.8314696123025449 0.5555702330196026 0
    outer loop
      vertex 3.3839745962155616 3.75 1.5
      vertex 3.3839745962155616 3.75 6.9
      vertex 3.456646659708765 3.6412385709912796 6.9
    endloop
  endfacet
  facet normal 0.896872741532687 0.4422886902190037 0
    outer loop
      vertex 3.326120467488713 3.8673165676349104 1.5
      vertex 3.326120467488713 3.8673165676349104 6.9
      vertex 3.3839745962155616 3.75 6.9
    endloop
  endfacet
  facet normal 0.9469301294951062 0.3214394653031599 0
    outer loop
      vertex 3.284074173710932 3.9911809548974793 1.5
      vertex 3.284074173710932 3.9911809548974793 6.9
      vertex 3.326120467488713 3.8673165676349104 6.9
    endloop
  endfacet
  facet normal 0.9807852804032303 0.19509032201612883 0
    outer loop
      vertex 3.2585551386261895 4.119473807779949 1.5
      vertex 3.2585551386261895 4.119473807779949 6.9
      vertex 3.284074173710932 3.9911809548974793 6.9
    endloop
  endfacet
  facet normal 0.06540312923014267 0.9978589232386035 0
    outer loop
      vertex 4.25 3.25 6.9
      vertex 4.25 3.25 4.5
      vertex 4.119473807779949 3.2585551386261895 4.5
    endloop
  endfacet
  facet normal 0.1950903220161278 0.9807852804032307 0
    outer loop
      vertex 4.119473807779949 3.2585551386261895 6.9
      vertex 4.119473807779949 3.2585551386261895 4.5
      vertex 4 3.2823199565715613 4.5
    endloop
  endfacet
  facet normal 0 1 0
    outer loop
      vertex 4.5 3.25 5.5
      vertex 4.25 3.25 4.5
      vertex 4.5 3.25 6.9
    endloop
  endfacet
  facet normal 0.06540312923014267 0.9978589232386035 0
    outer loop
      vertex 4.119473807779949 3.2585551386261895 6.9
      vertex 4.25 3.25 6.9
      vertex 4.119473807779949 3.2585551386261895 4.5
    endloop
  endfacet
  facet normal 0 1 0
    outer loop
      vertex 4.25 3.25 6.9
      vertex 4.5 3.25 6.9
      vertex 4.25 3.25 4.5
    endloop
  endfacet
  facet normal 0.19509032201612883 0.9807852804032303 -5.433342651443084e-17
    outer loop
      vertex 3.9911809548974793 3.284074173710932 6.9
      vertex 4.119473807779949 3.2585551386261895 6.9
      vertex 4 3.2823199565715613 4.5
    endloop
  endfacet
  facet normal 0.9978589232386035 0.06540312923014266 0
    outer loop
      vertex 3.25 4.25 1.5
      vertex 3.25 4.25 6.9
      vertex 3.2585551386261895 4.119473807779949 6.9
    endloop
  endfacet
  facet normal 0 1 0
    outer loop
      vertex 4.5 3.25 5.5
      vertex 15.5 3.25 5.5
      vertex 4.25 3.25 4.5
    endloop
  endfacet
  facet normal 0 1 0
    outer loop
      vertex 15.5 3.25 5.5
      vertex 38 3.25 6.9
      vertex 4.25 3.25 4.5
    endloop
  endfacet
  facet normal 0 1 0
    outer loop
      vertex 38 3.25 6.9
      vertex 45.5 3.25 4.5
      vertex 4.25 3.25 4.5
    endloop
  endfacet
  facet normal 0 1 0
    outer loop
      vertex 15.5 3.25 5.5
      vertex 15.5 3.25 6.9
      vertex 38 3.25 6.9
    endloop
  endfacet
  facet normal 0 0 1
    outer loop
      vertex 3.9911809548974793 3.284074173710932 1.5
      vertex 4 3.2823199565715613 1.5
      vertex 4 18.717680043428437 1.5
    endloop
  endfacet
  facet normal 0 0 1
    outer loop
      vertex 3.9911809548974793 3.284074173710932 1.5
      vertex 4 18.717680043428437 1.5
      vertex 3.8673165676349104 3.326120467488713 1.5
    endloop
  endfacet
  facet normal 0 0 1
    outer loop
      vertex 3.8673165676349104 3.326120467488713 1.5
      vertex 4 18.717680043428437 1.5
      vertex 3.5428932188134525 3.5428932188134525 1.5
    endloop
  endfacet
  facet normal 0 0 1
    outer loop
      vertex 3.5428932188134525 3.5428932188134525 1.5
      vertex 4 18.717680043428437 1.5
      vertex 3.25 4.25 1.5
    endloop
  endfacet
  facet normal 1 0 0
    outer loop
      vertex 3.25 4.25 1.5
      vertex 3.25 17.75 1.5
      vertex 3.25 4.25 6.9
    endloop
  endfacet
  facet normal 0 1 0
    outer loop
      vertex 38 3.25 6.9
      vertex 38 3.25 8.5
      vertex 45.5 3.25 6.9
    endloop
  endfacet
  facet normal 0 1 0
    outer loop
      vertex 45.5 3.25 6.9
      vertex 38 3.25 8.5
      vertex 45.5 3.25 8.5
    endloop
  endfacet
  facet normal 0 0 1
    outer loop
      vertex 3.25 4.25 1.5
      vertex 3.2585551386261895 17.880526192220053 1.5
      vertex 3.25 17.75 1.5
    endloop
  endfacet
  facet normal 0 0 1
    outer loop
      vertex 3.25 4.25 1.5
      vertex 4 18.717680043428437 1.5
      vertex 3.2585551386261895 17.880526192220053 1.5
    endloop
  endfacet
  facet normal 1 0 0
    outer loop
      vertex 3.25 4.25 6.9
      vertex 3.25 17.75 1.5
      vertex 3.25 17.75 6.9
    endloop
  endfacet
  facet normal 0 0 1
    outer loop
      vertex 3.2585551386261895 17.880526192220053 1.5
      vertex 3.326120467488713 18.13268343236509 1.5
      vertex 3.284074173710932 18.00881904510252 1.5
    endloop
  endfacet
  facet normal 0 0 1
    outer loop
      vertex 3.2585551386261895 17.880526192220053 1.5
      vertex 3.5428932188134525 18.457106781186546 1.5
      vertex 3.326120467488713 18.13268343236509 1.5
    endloop
  endfacet
  facet normal 0 0 1
    outer loop
      vertex 3.326120467488713 18.13268343236509 1.5
      vertex 3.5428932188134525 18.457106781186546 1.5
      vertex 3.3839745962155616 18.25 1.5
    endloop
  endfacet
  facet normal 0 0 1
    outer loop
      vertex 3.3839745962155616 18.25 1.5
      vertex 3.5428932188134525 18.457106781186546 1.5
      vertex 3.456646659708765 18.358761429008723 1.5
    endloop
  endfacet
  facet normal 0 0 1
    outer loop
      vertex 3.2585551386261895 17.880526192220053 1.5
      vertex 4 18.717680043428437 1.5
      vertex 3.5428932188134525 18.457106781186546 1.5
    endloop
  endfacet
  facet normal 0 0 1
    outer loop
      vertex 3.5428932188134525 18.457106781186546 1.5
      vertex 3.75 18.61602540378444 1.5
      vertex 3.6412385709912796 18.543353340291233 1.5
    endloop
  endfacet
  facet normal 0 0 1
    outer loop
      vertex 3.5428932188134525 18.457106781186546 1.5
      vertex 3.8673165676349104 18.673879532511286 1.5
      vertex 3.75 18.61602540378444 1.5
    endloop
  endfacet
  facet normal 0 0 1
    outer loop
      vertex 3.5428932188134525 18.457106781186546 1.5
      vertex 4 18.717680043428437 1.5
      vertex 3.8673165676349104 18.673879532511286 1.5
    endloop
  endfacet
  facet normal 0 0 1
    outer loop
      vertex 3.8673165676349104 18.673879532511286 1.5
      vertex 4 18.717680043428437 1.5
      vertex 3.9911809548974793 18.715925826289066 1.5
    endloop
  endfacet
  facet normal 0.9978589232386035 -0.06540312923014178 0
    outer loop
      vertex 3.25 17.75 1.5
      vertex 3.2585551386261895 17.880526192220053 1.5
      vertex 3.25 17.75 6.9
    endloop
  endfacet
  facet normal 0.1950903220162381 -0.9807852804032086 2.6792540593194595e-20
    outer loop
      vertex 3.9911809548974793 18.715925826289066 1.5
      vertex 4 18.717680043428437 1.5
      vertex 4 18.717680043428437 4.5
    endloop
  endfacet
  facet normal 0.1950903220161483 -0.9807852804032265 -3.273726081310988e-20
    outer loop
      vertex 4.119473807779949 18.74144486137381 1.5
      vertex 4.112209999134753 18.740000000000002 4.5
      vertex 4.112209999134753 18.740000000000002 1.5
    endloop
  endfacet
  facet normal 0.9807852804032295 -0.19509032201613274 0
    outer loop
      vertex 3.2585551386261895 17.880526192220053 1.5
      vertex 3.284074173710932 18.00881904510252 1.5
      vertex 3.2585551386261895 17.880526192220053 6.9
    endloop
  endfacet
  facet normal 0.9469301294951084 -0.32143946530315376 0
    outer loop
      vertex 3.284074173710932 18.00881904510252 1.5
      vertex 3.326120467488713 18.13268343236509 1.5
      vertex 3.284074173710932 18.00881904510252 6.9
    endloop
  endfacet
  facet normal 0.8968727415326845 -0.4422886902190092 0
    outer loop
      vertex 3.326120467488713 18.13268343236509 1.5
      vertex 3.3839745962155616 18.25 1.5
      vertex 3.326120467488713 18.13268343236509 6.9
    endloop
  endfacet
  facet normal 0.8314696123025512 -0.5555702330195932 0
    outer loop
      vertex 3.3839745962155616 18.25 1.5
      vertex 3.456646659708765 18.358761429008723 1.5
      vertex 3.3839745962155616 18.25 6.9
    endloop
  endfacet
  facet normal 0.7518398074789653 -0.6593458151000828 0
    outer loop
      vertex 3.456646659708765 18.358761429008723 1.5
      vertex 3.5428932188134525 18.457106781186546 1.5
      vertex 3.456646659708765 18.358761429008723 6.9
    endloop
  endfacet
  facet normal 0.6593458151000657 -0.7518398074789802 0
    outer loop
      vertex 3.5428932188134525 18.457106781186546 1.5
      vertex 3.6412385709912796 18.543353340291233 1.5
      vertex 3.5428932188134525 18.457106781186546 6.9
    endloop
  endfacet
  facet normal 0.5555702330196262 -0.8314696123025291 0
    outer loop
      vertex 3.6412385709912796 18.543353340291233 1.5
      vertex 3.75 18.61602540378444 1.5
      vertex 3.6412385709912796 18.543353340291233 6.9
    endloop
  endfacet
  facet normal 0.4422886902189818 -0.8968727415326978 0
    outer loop
      vertex 3.75 18.61602540378444 1.5
      vertex 3.8673165676349104 18.673879532511286 1.5
      vertex 3.75 18.61602540378444 6.9
    endloop
  endfacet
  facet normal 0.32143946530315076 -0.9469301294951092 0
    outer loop
      vertex 3.8673165676349104 18.673879532511286 1.5
      vertex 3.9911809548974793 18.715925826289066 1.5
      vertex 3.8673165676349104 18.673879532511286 6.9
    endloop
  endfacet
  facet normal 0.0654031292301393 -0.9978589232386038 0
    outer loop
      vertex 4.119473807779949 18.74144486137381 1.5
      vertex 4.25 18.75 1.5
      vertex 4.119473807779949 18.74144486137381 6.9
    endloop
  endfacet
  facet normal 0 0 1
    outer loop
      vertex 4.119473807779949 18.74144486137381 1.5
      vertex 45.5 18.740000000000002 1.5
      vertex 4.25 18.75 1.5
    endloop
  endfacet
  facet normal 0 0 1
    outer loop
      vertex 4.119473807779949 18.74144486137381 1.5
      vertex 4.112209999134753 18.740000000000002 1.5
      vertex 45.5 18.740000000000002 1.5
    endloop
  endfacet
  facet normal 0.9978589232386035 -0.06540312923014178 0
    outer loop
      vertex 3.2585551386261895 17.880526192220053 1.5
      vertex 3.2585551386261895 17.880526192220053 6.9
      vertex 3.25 17.75 6.9
    endloop
  endfacet
  facet normal 0.9807852804032295 -0.19509032201613274 0
    outer loop
      vertex 3.284074173710932 18.00881904510252 1.5
      vertex 3.284074173710932 18.00881904510252 6.9
      vertex 3.2585551386261895 17.880526192220053 6.9
    endloop
  endfacet
  facet normal 0.9469301294951084 -0.32143946530315376 0
    outer loop
      vertex 3.326120467488713 18.13268343236509 1.5
      vertex 3.326120467488713 18.13268343236509 6.9
      vertex 3.284074173710932 18.00881904510252 6.9
    endloop
  endfacet
  facet normal 0.8968727415326845 -0.4422886902190092 0
    outer loop
      vertex 3.3839745962155616 18.25 1.5
      vertex 3.3839745962155616 18.25 6.9
      vertex 3.326120467488713 18.13268343236509 6.9
    endloop
  endfacet
  facet normal 0.8314696123025512 -0.5555702330195932 0
    outer loop
      vertex 3.456646659708765 18.358761429008723 1.5
      vertex 3.456646659708765 18.358761429008723 6.9
      vertex 3.3839745962155616 18.25 6.9
    endloop
  endfacet
  facet normal 0.7518398074789653 -0.6593458151000828 0
    outer loop
      vertex 3.5428932188134525 18.457106781186546 1.5
      vertex 3.5428932188134525 18.457106781186546 6.9
      vertex 3.456646659708765 18.358761429008723 6.9
    endloop
  endfacet
  facet normal 0.6593458151000657 -0.7518398074789802 0
    outer loop
      vertex 3.6412385709912796 18.543353340291233 1.5
      vertex 3.6412385709912796 18.543353340291233 6.9
      vertex 3.5428932188134525 18.457106781186546 6.9
    endloop
  endfacet
  facet normal 0.19509032201623808 -0.9807852804032086 0
    outer loop
      vertex 3.9911809548974793 18.715925826289066 1.5
      vertex 4 18.717680043428437 4.5
      vertex 3.9911809548974793 18.715925826289066 6.9
    endloop
  endfacet
  facet normal 0.5555702330196262 -0.8314696123025291 0
    outer loop
      vertex 3.75 18.61602540378444 1.5
      vertex 3.75 18.61602540378444 6.9
      vertex 3.6412385709912796 18.543353340291233 6.9
    endloop
  endfacet
  facet normal 0.4422886902189818 -0.8968727415326978 0
    outer loop
      vertex 3.8673165676349104 18.673879532511286 1.5
      vertex 3.8673165676349104 18.673879532511286 6.9
      vertex 3.75 18.61602540378444 6.9
    endloop
  endfacet
  facet normal 0.32143946530315076 -0.9469301294951092 0
    outer loop
      vertex 3.9911809548974793 18.715925826289066 1.5
      vertex 3.9911809548974793 18.715925826289066 6.9
      vertex 3.8673165676349104 18.673879532511286 6.9
    endloop
  endfacet
  facet normal 0.1950903220161483 -0.9807852804032265 0
    outer loop
      vertex 4.119473807779949 18.74144486137381 1.5
      vertex 4.119473807779949 18.74144486137381 6.9
      vertex 4.112209999134753 18.740000000000002 4.5
    endloop
  endfacet
  facet normal 0.1950903220161414 -0.9807852804032278 -3.6929887605154755e-16
    outer loop
      vertex 3.9911809548974793 18.715925826289066 6.9
      vertex 4 18.717680043428437 4.5
      vertex 4.112209999134753 18.740000000000002 4.5
    endloop
  endfacet
  facet normal 0.0654031292301393 -0.9978589232386038 0
    outer loop
      vertex 4.25 18.75 1.5
      vertex 4.25 18.75 6.9
      vertex 4.119473807779949 18.74144486137381 6.9
    endloop
  endfacet
  facet normal 0.19509032201614843 -0.9807852804032263 -5.453208530712133e-19
    outer loop
      vertex 3.9911809548974793 18.715925826289066 6.9
      vertex 4.112209999134753 18.740000000000002 4.5
      vertex 4.119473807779949 18.74144486137381 6.9
    endloop
  endfacet
  facet normal 0 -1 0
    outer loop
      vertex 4.25 18.75 1.5
      vertex 38 18.75 6.9
      vertex 4.25 18.75 6.9
    endloop
  endfacet
  facet normal 0 -1 0
    outer loop
      vertex 4.25 18.75 1.5
      vertex 45.5 18.75 6.9
      vertex 38 18.75 6.9
    endloop
  endfacet
  facet normal 0 0 1
    outer loop
      vertex 4.25 18.75 1.5
      vertex 45.5 18.740000000000002 1.5
      vertex 124.88052619222005 18.74144486137381 1.5
    endloop
  endfacet
  facet normal 0 -1 0
    outer loop
      vertex 4.25 18.75 1.5
      vertex 69.5 18.75 6.9
      vertex 45.5 18.75 6.9
    endloop
  endfacet
  facet normal 0 -1 0
    outer loop
      vertex 38 18.75 6.9
      vertex 45.5 18.75 6.9
      vertex 45.5 18.75 8.5
    endloop
  endfacet
  facet normal 0 -1 0
    outer loop
      vertex 38 18.75 6.9
      vertex 45.5 18.75 8.5
      vertex 38 18.75 8.5
    endloop
  endfacet
  facet normal 0 1 0
    outer loop
      vertex 124.75 3.25 1.5
      vertex 45.5 3.25 1.5
      vertex 45.5 3.25 4.5
    endloop
  endfacet
  facet normal 0 1 0
    outer loop
      vertex 38 3.25 6.9
      vertex 124.75 3.25 1.5
      vertex 45.5 3.25 4.5
    endloop
  endfacet
  facet normal 0 1 0
    outer loop
      vertex 38 3.25 6.9
      vertex 45.5 3.25 6.9
      vertex 124.75 3.25 1.5
    endloop
  endfacet
  facet normal 0 1 0
    outer loop
      vertex 45.5 3.25 6.9
      vertex 69.5 3.25 6.9
      vertex 124.75 3.25 1.5
    endloop
  endfacet
  facet normal 0 1 0
    outer loop
      vertex 69.5 3.25 6.9
      vertex 69.5 3.25 8.5
      vertex 124.75 3.25 1.5
    endloop
  endfacet
  facet normal 0 0 1
    outer loop
      vertex 124.75 3.25 1.5
      vertex 125.75 4.25 1.5
      vertex 45.5 3.25 1.5
    endloop
  endfacet
  facet normal 0 0 1
    outer loop
      vertex 124.75 3.25 1.5
      vertex 124.88052619222005 3.2585551386261895 1.5
      vertex 125.00881904510253 3.284074173710932 1.5
    endloop
  endfacet
  facet normal 0 0 1
    outer loop
      vertex 124.75 3.25 1.5
      vertex 125.00881904510253 3.284074173710932 1.5
      vertex 125.13268343236508 3.326120467488713 1.5
    endloop
  endfacet
  facet normal 0 0 1
    outer loop
      vertex 124.75 3.25 1.5
      vertex 125.13268343236508 3.326120467488713 1.5
      vertex 125.45710678118655 3.5428932188134525 1.5
    endloop
  endfacet
  facet normal 0 0 1
    outer loop
      vertex 125.13268343236508 3.326120467488713 1.5
      vertex 125.25 3.3839745962155616 1.5
      vertex 125.45710678118655 3.5428932188134525 1.5
    endloop
  endfacet
  facet normal 0 0 1
    outer loop
      vertex 125.25 3.3839745962155616 1.5
      vertex 125.35876142900872 3.456646659708765 1.5
      vertex 125.45710678118655 3.5428932188134525 1.5
    endloop
  endfacet
  facet normal 0 0 1
    outer loop
      vertex 124.75 3.25 1.5
      vertex 125.45710678118655 3.5428932188134525 1.5
      vertex 125.75 4.25 1.5
    endloop
  endfacet
  facet normal 0 0 1
    outer loop
      vertex 125.45710678118655 3.5428932188134525 1.5
      vertex 125.54335334029123 3.6412385709912796 1.5
      vertex 125.6738795325113 3.8673165676349104 1.5
    endloop
  endfacet
  facet normal 0 0 1
    outer loop
      vertex 125.54335334029123 3.6412385709912796 1.5
      vertex 125.61602540378443 3.75 1.5
      vertex 125.6738795325113 3.8673165676349104 1.5
    endloop
  endfacet
  facet normal 0 0 1
    outer loop
      vertex 125.45710678118655 3.5428932188134525 1.5
      vertex 125.6738795325113 3.8673165676349104 1.5
      vertex 125.75 4.25 1.5
    endloop
  endfacet
  facet normal 0 0 1
    outer loop
      vertex 125.6738795325113 3.8673165676349104 1.5
      vertex 125.71592582628907 3.9911809548974793 1.5
      vertex 125.74144486137381 4.119473807779949 1.5
    endloop
  endfacet
  facet normal 0 0 1
    outer loop
      vertex 125.6738795325113 3.8673165676349104 1.5
      vertex 125.74144486137381 4.119473807779949 1.5
      vertex 125.75 4.25 1.5
    endloop
  endfacet
  facet normal -0.06540312923014534 0.9978589232386034 0
    outer loop
      vertex 124.75 3.25 1.5
      vertex 124.75 3.25 8.5
      vertex 124.88052619222005 3.2585551386261895 1.5
    endloop
  endfacet
  facet normal -0.19509032201611198 0.9807852804032338 0
    outer loop
      vertex 124.88052619222005 3.2585551386261895 1.5
      vertex 124.88052619222005 3.2585551386261895 8.5
      vertex 125.00881904510253 3.284074173710932 1.5
    endloop
  endfacet
  facet normal -0.32143946530318673 0.946930129495097 0
    outer loop
      vertex 125.00881904510253 3.284074173710932 1.5
      vertex 125.00881904510253 3.284074173710932 8.5
      vertex 125.13268343236508 3.326120467488713 1.5
    endloop
  endfacet
  facet normal -0.4422886902189876 0.8968727415326951 0
    outer loop
      vertex 125.13268343236508 3.326120467488713 1.5
      vertex 125.13268343236508 3.326120467488713 8.5
      vertex 125.25 3.3839745962155616 1.5
    endloop
  endfacet
  facet normal -0.5555702330195933 0.8314696123025512 0
    outer loop
      vertex 125.25 3.3839745962155616 1.5
      vertex 125.25 3.3839745962155616 8.5
      vertex 125.35876142900872 3.456646659708765 1.5
    endloop
  endfacet
  facet normal -0.6593458151000559 0.7518398074789888 0
    outer loop
      vertex 125.35876142900872 3.456646659708765 1.5
      vertex 125.35876142900872 3.456646659708765 8.5
      vertex 125.45710678118655 3.5428932188134525 1.5
    endloop
  endfacet
  facet normal -0.7518398074790071 0.659345815100035 0
    outer loop
      vertex 125.45710678118655 3.5428932188134525 1.5
      vertex 125.45710678118655 3.5428932188134525 8.5
      vertex 125.54335334029123 3.6412385709912796 1.5
    endloop
  endfacet
  facet normal -0.8314696123025543 0.5555702330195886 0
    outer loop
      vertex 125.54335334029123 3.6412385709912796 1.5
      vertex 125.54335334029123 3.6412385709912796 8.5
      vertex 125.61602540378443 3.75 1.5
    endloop
  endfacet
  facet normal -0.8968727415326548 0.4422886902190693 0
    outer loop
      vertex 125.61602540378443 3.75 1.5
      vertex 125.61602540378443 3.75 8.5
      vertex 125.6738795325113 3.8673165676349104 1.5
    endloop
  endfacet
  facet normal -0.9469301294951259 0.3214394653031021 0
    outer loop
      vertex 125.6738795325113 3.8673165676349104 1.5
      vertex 125.6738795325113 3.8673165676349104 8.5
      vertex 125.71592582628907 3.9911809548974793 1.5
    endloop
  endfacet
  facet normal -0.9807852804032317 0.19509032201612234 0
    outer loop
      vertex 125.71592582628907 3.9911809548974793 1.5
      vertex 125.71592582628907 3.9911809548974793 8.5
      vertex 125.74144486137381 4.119473807779949 1.5
    endloop
  endfacet
  facet normal -0.997858923238602 0.06540312923016633 0
    outer loop
      vertex 125.74144486137381 4.119473807779949 1.5
      vertex 125.74144486137381 4.119473807779949 8.5
      vertex 125.75 4.25 1.5
    endloop
  endfacet
  facet normal 0 1 0
    outer loop
      vertex 124.75 3.25 1.5
      vertex 69.5 3.25 8.5
      vertex 124.75 3.25 8.5
    endloop
  endfacet
  facet normal -0.06540312923014534 0.9978589232386034 0
    outer loop
      vertex 124.88052619222005 3.2585551386261895 1.5
      vertex 124.75 3.25 8.5
      vertex 124.88052619222005 3.2585551386261895 8.5
    endloop
  endfacet
  facet normal -0.19509032201611198 0.9807852804032338 0
    outer loop
      vertex 125.00881904510253 3.284074173710932 1.5
      vertex 124.88052619222005 3.2585551386261895 8.5
      vertex 125.00881904510253 3.284074173710932 8.5
    endloop
  endfacet
  facet normal -0.32143946530318673 0.946930129495097 0
    outer loop
      vertex 125.13268343236508 3.326120467488713 1.5
      vertex 125.00881904510253 3.284074173710932 8.5
      vertex 125.13268343236508 3.326120467488713 8.5
    endloop
  endfacet
  facet normal -0.4422886902189876 0.8968727415326951 0
    outer loop
      vertex 125.25 3.3839745962155616 1.5
      vertex 125.13268343236508 3.326120467488713 8.5
      vertex 125.25 3.3839745962155616 8.5
    endloop
  endfacet
  facet normal -0.5555702330195933 0.8314696123025512 0
    outer loop
      vertex 125.35876142900872 3.456646659708765 1.5
      vertex 125.25 3.3839745962155616 8.5
      vertex 125.35876142900872 3.456646659708765 8.5
    endloop
  endfacet
  facet normal -0.6593458151000559 0.7518398074789888 0
    outer loop
      vertex 125.45710678118655 3.5428932188134525 1.5
      vertex 125.35876142900872 3.456646659708765 8.5
      vertex 125.45710678118655 3.5428932188134525 8.5
    endloop
  endfacet
  facet normal -0.7518398074790071 0.659345815100035 0
    outer loop
      vertex 125.54335334029123 3.6412385709912796 1.5
      vertex 125.45710678118655 3.5428932188134525 8.5
      vertex 125.54335334029123 3.6412385709912796 8.5
    endloop
  endfacet
  facet normal -0.8314696123025543 0.5555702330195886 0
    outer loop
      vertex 125.61602540378443 3.75 1.5
      vertex 125.54335334029123 3.6412385709912796 8.5
      vertex 125.61602540378443 3.75 8.5
    endloop
  endfacet
  facet normal -0.8968727415326548 0.4422886902190693 0
    outer loop
      vertex 125.6738795325113 3.8673165676349104 1.5
      vertex 125.61602540378443 3.75 8.5
      vertex 125.6738795325113 3.8673165676349104 8.5
    endloop
  endfacet
  facet normal -0.9469301294951259 0.3214394653031021 0
    outer loop
      vertex 125.71592582628907 3.9911809548974793 1.5
      vertex 125.6738795325113 3.8673165676349104 8.5
      vertex 125.71592582628907 3.9911809548974793 8.5
    endloop
  endfacet
  facet normal -0.9807852804032317 0.19509032201612234 0
    outer loop
      vertex 125.74144486137381 4.119473807779949 1.5
      vertex 125.71592582628907 3.9911809548974793 8.5
      vertex 125.74144486137381 4.119473807779949 8.5
    endloop
  endfacet
  facet normal -0.997858923238602 0.06540312923016633 0
    outer loop
      vertex 125.75 4.25 1.5
      vertex 125.74144486137381 4.119473807779949 8.5
      vertex 125.75 4.25 8.5
    endloop
  endfacet
  facet normal 0 0 1
    outer loop
      vertex 125.75 4.25 1.5
      vertex 124.88052619222005 18.74144486137381 1.5
      vertex 45.5 3.25 1.5
    endloop
  endfacet
  facet normal -1 0 0
    outer loop
      vertex 125.75 4.25 1.5
      vertex 125.75 4.25 8.5
      vertex 125.75 17.75 1.5
    endloop
  endfacet
  facet normal 0 0 1
    outer loop
      vertex 124.88052619222005 18.74144486137381 1.5
      vertex 45.5 18.740000000000002 1.5
      vertex 45.5 3.25 1.5
    endloop
  endfacet
  facet normal 0 0 1
    outer loop
      vertex 4.25 18.75 1.5
      vertex 124.88052619222005 18.74144486137381 1.5
      vertex 124.75 18.75 1.5
    endloop
  endfacet
  facet normal 0 -1 0
    outer loop
      vertex 4.25 18.75 1.5
      vertex 124.75 18.75 1.5
      vertex 124.75 18.75 8.5
    endloop
  endfacet
  facet normal 0 -1 0
    outer loop
      vertex 4.25 18.75 1.5
      vertex 124.75 18.75 8.5
      vertex 69.5 18.75 6.9
    endloop
  endfacet
  facet normal 0 -1 0
    outer loop
      vertex 69.5 18.75 6.9
      vertex 124.75 18.75 8.5
      vertex 69.5 18.75 8.5
    endloop
  endfacet
  facet normal 0 0 1
    outer loop
      vertex 125.75 4.25 1.5
      vertex 125.75 17.75 1.5
      vertex 124.88052619222005 18.74144486137381 1.5
    endloop
  endfacet
  facet normal -1 0 0
    outer loop
      vertex 125.75 4.25 8.5
      vertex 125.75 17.75 8.5
      vertex 125.75 17.75 1.5
    endloop
  endfacet
  facet normal 0 0 1
    outer loop
      vertex 125.75 17.75 1.5
      vertex 125.74144486137381 17.880526192220053 1.5
      vertex 125.6738795325113 18.13268343236509 1.5
    endloop
  endfacet
  facet normal 0 0 1
    outer loop
      vertex 125.74144486137381 17.880526192220053 1.5
      vertex 125.71592582628907 18.00881904510252 1.5
      vertex 125.6738795325113 18.13268343236509 1.5
    endloop
  endfacet
  facet normal 0 0 1
    outer loop
      vertex 125.75 17.75 1.5
      vertex 125.6738795325113 18.13268343236509 1.5
      vertex 125.45710678118655 18.457106781186546 1.5
    endloop
  endfacet
  facet normal 0 0 1
    outer loop
      vertex 125.75 17.75 1.5
      vertex 125.45710678118655 18.457106781186546 1.5
      vertex 124.88052619222005 18.74144486137381 1.5
    endloop
  endfacet
  facet normal 0 0 1
    outer loop
      vertex 125.6738795325113 18.13268343236509 1.5
      vertex 125.61602540378443 18.25 1.5
      vertex 125.54335334029123 18.358761429008723 1.5
    endloop
  endfacet
  facet normal 0 0 1
    outer loop
      vertex 125.6738795325113 18.13268343236509 1.5
      vertex 125.54335334029123 18.358761429008723 1.5
      vertex 125.45710678118655 18.457106781186546 1.5
    endloop
  endfacet
  facet normal 0 0 1
    outer loop
      vertex 125.45710678118655 18.457106781186546 1.5
      vertex 125.35876142900872 18.543353340291233 1.5
      vertex 125.25 18.61602540378444 1.5
    endloop
  endfacet
  facet normal 0 0 1
    outer loop
      vertex 124.88052619222005 18.74144486137381 1.5
      vertex 125.45710678118655 18.457106781186546 1.5
      vertex 125.25 18.61602540378444 1.5
    endloop
  endfacet
  facet normal 0 0 1
    outer loop
      vertex 124.88052619222005 18.74144486137381 1.5
      vertex 125.25 18.61602540378444 1.5
      vertex 125.13268343236508 18.673879532511286 1.5
    endloop
  endfacet
  facet normal 0 0 1
    outer loop
      vertex 124.88052619222005 18.74144486137381 1.5
      vertex 125.13268343236508 18.673879532511286 1.5
      vertex 125.00881904510253 18.715925826289066 1.5
    endloop
  endfacet
  facet normal -0.997858923238602 -0.06540312923016545 0
    outer loop
      vertex 125.75 17.75 1.5
      vertex 125.75 17.75 8.5
      vertex 125.74144486137381 17.880526192220053 1.5
    endloop
  endfacet
  facet normal -0.19509032201613155 -0.9807852804032298 2.201974736955115e-19
    outer loop
      vertex 124.88052619222005 18.74144486137381 1.5
      vertex 125.00881904510253 18.715925826289066 1.5
      vertex 125.00881904510253 18.715925826289066 8.5
    endloop
  endfacet
  facet normal -0.06540312923014195 -0.9978589232386036 5.509250363154641e-20
    outer loop
      vertex 124.75 18.75 1.5
      vertex 124.88052619222005 18.74144486137381 1.5
      vertex 124.88052619222005 18.74144486137381 8.5
    endloop
  endfacet
  facet normal -0.9807852804032309 -0.19509032201612622 0
    outer loop
      vertex 125.74144486137381 17.880526192220053 1.5
      vertex 125.74144486137381 17.880526192220053 8.5
      vertex 125.71592582628907 18.00881904510252 1.5
    endloop
  endfacet
  facet normal -0.946930129495128 -0.32143946530309586 0
    outer loop
      vertex 125.71592582628907 18.00881904510252 1.5
      vertex 125.71592582628907 18.00881904510252 8.5
      vertex 125.6738795325113 18.13268343236509 1.5
    endloop
  endfacet
  facet normal -0.8968727415326521 -0.44228869021907463 0
    outer loop
      vertex 125.6738795325113 18.13268343236509 1.5
      vertex 125.6738795325113 18.13268343236509 8.5
      vertex 125.61602540378443 18.25 1.5
    endloop
  endfacet
  facet normal -0.8314696123025606 -0.5555702330195792 0
    outer loop
      vertex 125.61602540378443 18.25 1.5
      vertex 125.61602540378443 18.25 8.5
      vertex 125.54335334029123 18.358761429008723 1.5
    endloop
  endfacet
  facet normal -0.659345815100054 -0.7518398074789905 0
    outer loop
      vertex 125.45710678118655 18.457106781186546 1.5
      vertex 125.45710678118655 18.457106781186546 8.5
      vertex 125.35876142900872 18.543353340291233 1.5
    endloop
  endfacet
  facet normal -0.7518398074789938 -0.6593458151000502 0
    outer loop
      vertex 125.54335334029123 18.358761429008723 1.5
      vertex 125.54335334029123 18.358761429008723 8.5
      vertex 125.45710678118655 18.457106781186546 1.5
    endloop
  endfacet
  facet normal -0.4422886902189658 -0.8968727415327059 0
    outer loop
      vertex 125.25 18.61602540378444 1.5
      vertex 125.25 18.61602540378444 8.5
      vertex 125.13268343236508 18.673879532511286 1.5
    endloop
  endfacet
  facet normal -0.5555702330196167 -0.8314696123025355 0
    outer loop
      vertex 125.35876142900872 18.543353340291233 1.5
      vertex 125.35876142900872 18.543353340291233 8.5
      vertex 125.25 18.61602540378444 1.5
    endloop
  endfacet
  facet normal -0.32143946530317763 -0.9469301294951001 0
    outer loop
      vertex 125.13268343236508 18.673879532511286 1.5
      vertex 125.13268343236508 18.673879532511286 8.5
      vertex 125.00881904510253 18.715925826289066 1.5
    endloop
  endfacet
  facet normal -0.997858923238602 -0.06540312923016545 0
    outer loop
      vertex 125.74144486137381 17.880526192220053 1.5
      vertex 125.75 17.75 8.5
      vertex 125.74144486137381 17.880526192220053 8.5
    endloop
  endfacet
  facet normal -0.19509032201613155 -0.9807852804032298 0
    outer loop
      vertex 124.88052619222005 18.74144486137381 1.5
      vertex 125.00881904510253 18.715925826289066 8.5
      vertex 124.88052619222005 18.74144486137381 8.5
    endloop
  endfacet
  facet normal -0.06540312923014195 -0.9978589232386036 0
    outer loop
      vertex 124.75 18.75 1.5
      vertex 124.88052619222005 18.74144486137381 8.5
      vertex 124.75 18.75 8.5
    endloop
  endfacet
  facet normal -0.9807852804032309 -0.19509032201612622 0
    outer loop
      vertex 125.71592582628907 18.00881904510252 1.5
      vertex 125.74144486137381 17.880526192220053 8.5
      vertex 125.71592582628907 18.00881904510252 8.5
    endloop
  endfacet
  facet normal -0.946930129495128 -0.32143946530309586 0
    outer loop
      vertex 125.6738795325113 18.13268343236509 1.5
      vertex 125.71592582628907 18.00881904510252 8.5
      vertex 125.6738795325113 18.13268343236509 8.5
    endloop
  endfacet
  facet normal -0.8968727415326521 -0.44228869021907463 0
    outer loop
      vertex 125.61602540378443 18.25 1.5
      vertex 125.6738795325113 18.13268343236509 8.5
      vertex 125.61602540378443 18.25 8.5
    endloop
  endfacet
  facet normal -0.8314696123025606 -0.5555702330195792 0
    outer loop
      vertex 125.54335334029123 18.358761429008723 1.5
      vertex 125.61602540378443 18.25 8.5
      vertex 125.54335334029123 18.358761429008723 8.5
    endloop
  endfacet
  facet normal -0.659345815100054 -0.7518398074789905 0
    outer loop
      vertex 125.35876142900872 18.543353340291233 1.5
      vertex 125.45710678118655 18.457106781186546 8.5
      vertex 125.35876142900872 18.543353340291233 8.5
    endloop
  endfacet
  facet normal -0.7518398074789938 -0.6593458151000502 0
    outer loop
      vertex 125.45710678118655 18.457106781186546 1.5
      vertex 125.54335334029123 18.358761429008723 8.5
      vertex 125.45710678118655 18.457106781186546 8.5
    endloop
  endfacet
  facet normal -0.5555702330196167 -0.8314696123025355 0
    outer loop
      vertex 125.25 18.61602540378444 1.5
      vertex 125.35876142900872 18.543353340291233 8.5
      vertex 125.25 18.61602540378444 8.5
    endloop
  endfacet
  facet normal -0.4422886902189658 -0.8968727415327059 0
    outer loop
      vertex 125.13268343236508 18.673879532511286 1.5
      vertex 125.25 18.61602540378444 8.5
      vertex 125.13268343236508 18.673879532511286 8.5
    endloop
  endfacet
  facet normal -0.32143946530317763 -0.9469301294951001 0
    outer loop
      vertex 125.00881904510253 18.715925826289066 1.5
      vertex 125.13268343236508 18.673879532511286 8.5
      vertex 125.00881904510253 18.715925826289066 8.5
    endloop
  endfacet
  facet normal 0.3214394653031609 0.9469301294951059 -3.6195786975237793e-19
    outer loop
      vertex 1.9911809548974793 1.2840741737109318 8.51
      vertex 1.8673165676349102 1.3261204674887133 8.51
      vertex 1.8673165676349102 1.3261204674887133 17
    endloop
  endfacet
  facet normal 0.44228869021900163 0.896872741532688 -3.0229076269610408e-19
    outer loop
      vertex 1.8673165676349102 1.3261204674887133 8.51
      vertex 1.75 1.3839745962155614 8.51
      vertex 1.75 1.3839745962155614 17
    endloop
  endfacet
  facet normal 0.19509032201612952 0.9807852804032302 0
    outer loop
      vertex 1.9911809548974793 1.2840741737109318 8.51
      vertex 1.9911809548974793 1.2840741737109318 17
      vertex 2.1194738077799484 1.2585551386261895 8.51
    endloop
  endfacet
  facet normal 0.06540312923014245 0.9978589232386035 0
    outer loop
      vertex 2.1194738077799484 1.2585551386261895 8.51
      vertex 2.1194738077799484 1.2585551386261895 17
      vertex 2.25 1.25 8.51
    endloop
  endfacet
  facet normal 0 1 0
    outer loop
      vertex 2.25 1.25 8.51
      vertex 2.25 1.25 17
      vertex 4.5 1.25 8.51
    endloop
  endfacet
  facet normal 0.5555702330196018 0.8314696123025455 6.846186924353123e-19
    outer loop
      vertex 1.75 1.3839745962155614 8.51
      vertex 1.6412385709912793 1.4566466597087648 8.51
      vertex 1.6412385709912793 1.4566466597087648 17
    endloop
  endfacet
  facet normal 0.6593458151000694 0.7518398074789769 4.719519655303557e-19
    outer loop
      vertex 1.6412385709912793 1.4566466597087648 8.51
      vertex 1.5428932188134525 1.5428932188134525 8.51
      vertex 1.5428932188134525 1.5428932188134525 17
    endloop
  endfacet
  facet normal 0.7518398074789769 0.6593458151000694 4.719519655303557e-19
    outer loop
      vertex 1.5428932188134525 1.5428932188134525 8.51
      vertex 1.4566466597087648 1.6412385709912793 8.51
      vertex 1.4566466597087648 1.6412385709912793 17
    endloop
  endfacet
  facet normal 0.8314696123025455 0.5555702330196018 6.846186924353123e-19
    outer loop
      vertex 1.4566466597087648 1.6412385709912793 8.51
      vertex 1.3839745962155614 1.75 8.51
      vertex 1.3839745962155614 1.75 17
    endloop
  endfacet
  facet normal 0.896872741532688 0.44228869021900163 -3.0229076269610408e-19
    outer loop
      vertex 1.3839745962155614 1.75 8.51
      vertex 1.3261204674887133 1.8673165676349102 8.51
      vertex 1.3261204674887133 1.8673165676349102 17
    endloop
  endfacet
  facet normal 0.9469301294951059 0.3214394653031609 -3.6195786975237793e-19
    outer loop
      vertex 1.3261204674887133 1.8673165676349102 8.51
      vertex 1.2840741737109318 1.9911809548974793 8.51
      vertex 1.2840741737109318 1.9911809548974793 17
    endloop
  endfacet
  facet normal 0.9807852804032302 0.19509032201612952 9.625326852691225e-20
    outer loop
      vertex 1.2840741737109318 1.9911809548974793 8.51
      vertex 1.2585551386261895 2.1194738077799484 8.51
      vertex 1.2585551386261895 2.1194738077799484 17
    endloop
  endfacet
  facet normal 0.9978589232386035 0.06540312923014245 2.7918571379551685e-20
    outer loop
      vertex 1.2585551386261895 2.1194738077799484 8.51
      vertex 1.25 2.25 8.51
      vertex 1.25 2.25 17
    endloop
  endfacet
  facet normal 0.3214394653031609 0.9469301294951059 0
    outer loop
      vertex 1.9911809548974793 1.2840741737109318 8.51
      vertex 1.8673165676349102 1.3261204674887133 17
      vertex 1.9911809548974793 1.2840741737109318 17
    endloop
  endfacet
  facet normal 0.44228869021900163 0.896872741532688 0
    outer loop
      vertex 1.8673165676349102 1.3261204674887133 8.51
      vertex 1.75 1.3839745962155614 17
      vertex 1.8673165676349102 1.3261204674887133 17
    endloop
  endfacet
  facet normal 0.19509032201612952 0.9807852804032302 0
    outer loop
      vertex 2.1194738077799484 1.2585551386261895 8.51
      vertex 1.9911809548974793 1.2840741737109318 17
      vertex 2.1194738077799484 1.2585551386261895 17
    endloop
  endfacet
  facet normal 0.06540312923014245 0.9978589232386035 0
    outer loop
      vertex 2.25 1.25 8.51
      vertex 2.1194738077799484 1.2585551386261895 17
      vertex 2.25 1.25 17
    endloop
  endfacet
  facet normal 0 1 0
    outer loop
      vertex 4.5 1.25 8.51
      vertex 2.25 1.25 17
      vertex 4.5 1.25 17
    endloop
  endfacet
  facet normal 0.5555702330196018 0.8314696123025455 0
    outer loop
      vertex 1.75 1.3839745962155614 8.51
      vertex 1.6412385709912793 1.4566466597087648 17
      vertex 1.75 1.3839745962155614 17
    endloop
  endfacet
  facet normal 0.6593458151000694 0.7518398074789769 0
    outer loop
      vertex 1.6412385709912793 1.4566466597087648 8.51
      vertex 1.5428932188134525 1.5428932188134525 17
      vertex 1.6412385709912793 1.4566466597087648 17
    endloop
  endfacet
  facet normal 0.8314696123025455 0.5555702330196018 0
    outer loop
      vertex 1.4566466597087648 1.6412385709912793 8.51
      vertex 1.3839745962155614 1.75 17
      vertex 1.4566466597087648 1.6412385709912793 17
    endloop
  endfacet
  facet normal 0.7518398074789769 0.6593458151000694 0
    outer loop
      vertex 1.5428932188134525 1.5428932188134525 8.51
      vertex 1.4566466597087648 1.6412385709912793 17
      vertex 1.5428932188134525 1.5428932188134525 17
    endloop
  endfacet
  facet normal 0.896872741532688 0.44228869021900163 0
    outer loop
      vertex 1.3839745962155614 1.75 8.51
      vertex 1.3261204674887133 1.8673165676349102 17
      vertex 1.3839745962155614 1.75 17
    endloop
  endfacet
  facet normal 0.9469301294951059 0.3214394653031609 0
    outer loop
      vertex 1.3261204674887133 1.8673165676349102 8.51
      vertex 1.2840741737109318 1.9911809548974793 17
      vertex 1.3261204674887133 1.8673165676349102 17
    endloop
  endfacet
  facet normal 0.9807852804032302 0.19509032201612952 0
    outer loop
      vertex 1.2840741737109318 1.9911809548974793 8.51
      vertex 1.2585551386261895 2.1194738077799484 17
      vertex 1.2840741737109318 1.9911809548974793 17
    endloop
  endfacet
  facet normal 0.9978589232386035 0.06540312923014245 0
    outer loop
      vertex 1.2585551386261895 2.1194738077799484 8.51
      vertex 1.25 2.25 17
      vertex 1.2585551386261895 2.1194738077799484 17
    endloop
  endfacet
  facet normal 0 1 0
    outer loop
      vertex 15.5 1.25 8.5
      vertex 15.5 1.25 17
      vertex 46.25 1.25 13
    endloop
  endfacet
  facet normal 0 1 0
    outer loop
      vertex 15.5 1.25 17
      vertex 23.1875 1.25 17
      vertex 46.25 1.25 13
    endloop
  endfacet
  facet normal 1 0 0
    outer loop
      vertex 1.25 2.25 8.5
      vertex 1.25 19.75 17
      vertex 1.25 2.25 8.51
    endloop
  endfacet
  facet normal 1 0 0
    outer loop
      vertex 1.25 2.25 8.51
      vertex 1.25 19.75 17
      vertex 1.25 2.25 17
    endloop
  endfacet
  facet normal 0 0 1
    outer loop
      vertex 38 1.25 8.5
      vertex 45.5 1.75 8.5
      vertex 38 3.25 8.5
    endloop
  endfacet
  facet normal 0 0 1
    outer loop
      vertex 45.5 1.75 8.5
      vertex 45.5 3.25 8.5
      vertex 38 3.25 8.5
    endloop
  endfacet
  facet normal 0 0 1
    outer loop
      vertex 38 1.25 8.5
      vertex 69.5 1.75 8.5
      vertex 45.5 1.75 8.5
    endloop
  endfacet
  facet normal 0 1 0
    outer loop
      vertex 15.5 1.25 8.5
      vertex 124.75 1.25 8.8
      vertex 38 1.25 8.5
    endloop
  endfacet
  facet normal 0 1 0
    outer loop
      vertex 15.5 1.25 8.5
      vertex 46.25 1.25 13
      vertex 118.25 1.25 8.8
    endloop
  endfacet
  facet normal 0 1 0
    outer loop
      vertex 23.1875 1.25 17
      vertex 46.25 1.25 14
      vertex 46.25 1.25 13
    endloop
  endfacet
  facet normal 0 1 0
    outer loop
      vertex 23.1875 1.25 17
      vertex 53.75 1.25 14
      vertex 46.25 1.25 14
    endloop
  endfacet
  facet normal 1 0 0
    outer loop
      vertex 1.25 2.25 8.5
      vertex 1.25 19.75 8.5
      vertex 1.25 19.75 8.51
    endloop
  endfacet
  facet normal 1 0 0
    outer loop
      vertex 1.25 2.25 8.5
      vertex 1.25 19.75 8.51
      vertex 1.25 19.75 17
    endloop
  endfacet
  facet normal 0.9978589232386037 -0.0654031292301418 8.196589919746722e-20
    outer loop
      vertex 1.25 19.75 8.51
      vertex 1.2585551386261895 19.880526192220053 8.51
      vertex 1.2585551386261895 19.880526192220053 17
    endloop
  endfacet
  facet normal 0.9807852804032295 -0.19509032201613277 3.751275236893896e-20
    outer loop
      vertex 1.2585551386261895 19.880526192220053 8.51
      vertex 1.2840741737109318 20.00881904510252 8.51
      vertex 1.2840741737109318 20.00881904510252 17
    endloop
  endfacet
  facet normal 0.9469301294951078 -0.32143946530315526 -1.0481039535880151e-19
    outer loop
      vertex 1.2840741737109318 20.00881904510252 8.51
      vertex 1.3261204674887133 20.13268343236509 8.51
      vertex 1.3261204674887133 20.13268343236509 17
    endloop
  endfacet
  facet normal 0.8968727415326857 -0.44228869021900635 -2.245865916339299e-19
    outer loop
      vertex 1.3261204674887133 20.13268343236509 8.51
      vertex 1.3839745962155614 20.25 8.51
      vertex 1.3839745962155614 20.25 17
    endloop
  endfacet
  facet normal 0.8314696123025429 -0.5555702330196058 8.059580219984352e-20
    outer loop
      vertex 1.3839745962155614 20.25 8.51
      vertex 1.4566466597087648 20.35876142900872 8.51
      vertex 1.4566466597087648 20.35876142900872 17
    endloop
  endfacet
  facet normal 0.7518398074789762 -0.6593458151000702 -5.337458581670577e-19
    outer loop
      vertex 1.4566466597087648 20.35876142900872 8.51
      vertex 1.5428932188134525 20.457106781186546 8.51
      vertex 1.5428932188134525 20.457106781186546 17
    endloop
  endfacet
  facet normal 0.6593458151000818 -0.751839807478966 5.381706293171519e-19
    outer loop
      vertex 1.5428932188134525 20.457106781186546 8.51
      vertex 1.6412385709912793 20.543353340291237 8.51
      vertex 1.6412385709912793 20.543353340291237 17
    endloop
  endfacet
  facet normal 0.5555702330195879 -0.8314696123025549 -7.745222295952549e-19
    outer loop
      vertex 1.6412385709912793 20.543353340291237 8.51
      vertex 1.75 20.616025403784437 8.51
      vertex 1.75 20.616025403784437 17
    endloop
  endfacet
  facet normal 0.4422886902190044 -0.8968727415326868 3.5390284241509916e-19
    outer loop
      vertex 1.75 20.616025403784437 8.51
      vertex 1.8673165676349102 20.673879532511286 8.51
      vertex 1.8673165676349102 20.673879532511286 17
    endloop
  endfacet
  facet normal 0.3214394653031746 -0.9469301294951011 -1.1950537039131904e-19
    outer loop
      vertex 1.8673165676349102 20.673879532511286 8.51
      vertex 1.9911809548974793 20.71592582628907 8.51
      vertex 1.9911809548974793 20.71592582628907 17
    endloop
  endfacet
  facet normal 0.19509032201612297 -0.9807852804032314 3.8103939645776986e-21
    outer loop
      vertex 1.9911809548974793 20.71592582628907 8.51
      vertex 2.1194738077799484 20.74144486137381 8.51
      vertex 2.1194738077799484 20.74144486137381 17
    endloop
  endfacet
  facet normal 0.06540312923013906 -0.9978589232386037 -8.993996509431125e-20
    outer loop
      vertex 2.1194738077799484 20.74144486137381 8.51
      vertex 2.25 20.75 8.51
      vertex 2.25 20.75 17
    endloop
  endfacet
  facet normal 0 -1 0
    outer loop
      vertex 2.25 20.75 8.5
      vertex 46.25 20.75 13
      vertex 2.25 20.75 8.51
    endloop
  endfacet
  facet normal 0 -1 0
    outer loop
      vertex 2.25 20.75 8.51
      vertex 46.25 20.75 13
      vertex 46.25 20.75 14
    endloop
  endfacet
  facet normal 0.9978589232386037 -0.0654031292301418 0
    outer loop
      vertex 1.25 19.75 8.51
      vertex 1.2585551386261895 19.880526192220053 17
      vertex 1.25 19.75 17
    endloop
  endfacet
  facet normal 0.9807852804032295 -0.19509032201613277 0
    outer loop
      vertex 1.2585551386261895 19.880526192220053 8.51
      vertex 1.2840741737109318 20.00881904510252 17
      vertex 1.2585551386261895 19.880526192220053 17
    endloop
  endfacet
  facet normal 0.9469301294951078 -0.32143946530315526 0
    outer loop
      vertex 1.2840741737109318 20.00881904510252 8.51
      vertex 1.3261204674887133 20.13268343236509 17
      vertex 1.2840741737109318 20.00881904510252 17
    endloop
  endfacet
  facet normal 0.8968727415326857 -0.44228869021900635 0
    outer loop
      vertex 1.3261204674887133 20.13268343236509 8.51
      vertex 1.3839745962155614 20.25 17
      vertex 1.3261204674887133 20.13268343236509 17
    endloop
  endfacet
  facet normal 0.8314696123025429 -0.5555702330196058 0
    outer loop
      vertex 1.3839745962155614 20.25 8.51
      vertex 1.4566466597087648 20.35876142900872 17
      vertex 1.3839745962155614 20.25 17
    endloop
  endfacet
  facet normal 0.7518398074789762 -0.6593458151000702 0
    outer loop
      vertex 1.4566466597087648 20.35876142900872 8.51
      vertex 1.5428932188134525 20.457106781186546 17
      vertex 1.4566466597087648 20.35876142900872 17
    endloop
  endfacet
  facet normal 0.6593458151000818 -0.751839807478966 0
    outer loop
      vertex 1.5428932188134525 20.457106781186546 8.51
      vertex 1.6412385709912793 20.543353340291237 17
      vertex 1.5428932188134525 20.457106781186546 17
    endloop
  endfacet
  facet normal 0.5555702330195879 -0.8314696123025549 0
    outer loop
      vertex 1.6412385709912793 20.543353340291237 8.51
      vertex 1.75 20.616025403784437 17
      vertex 1.6412385709912793 20.543353340291237 17
    endloop
  endfacet
  facet normal 0.4422886902190044 -0.8968727415326868 0
    outer loop
      vertex 1.75 20.616025403784437 8.51
      vertex 1.8673165676349102 20.673879532511286 17
      vertex 1.75 20.616025403784437 17
    endloop
  endfacet
  facet normal 0.3214394653031746 -0.9469301294951011 0
    outer loop
      vertex 1.8673165676349102 20.673879532511286 8.51
      vertex 1.9911809548974793 20.71592582628907 17
      vertex 1.8673165676349102 20.673879532511286 17
    endloop
  endfacet
  facet normal 0.19509032201612297 -0.9807852804032314 0
    outer loop
      vertex 1.9911809548974793 20.71592582628907 8.51
      vertex 2.1194738077799484 20.74144486137381 17
      vertex 1.9911809548974793 20.71592582628907 17
    endloop
  endfacet
  facet normal 0.06540312923013906 -0.9978589232386037 0
    outer loop
      vertex 2.1194738077799484 20.74144486137381 8.51
      vertex 2.25 20.75 17
      vertex 2.1194738077799484 20.74144486137381 17
    endloop
  endfacet
  facet normal 0 -1 0
    outer loop
      vertex 2.25 20.75 8.51
      vertex 46.25 20.75 14
      vertex 2.25 20.75 17
    endloop
  endfacet
  facet normal 0 0 1
    outer loop
      vertex 38 18.75 8.5
      vertex 45.5 18.75 8.5
      vertex 38 20.75 8.5
    endloop
  endfacet
  facet normal 0 0 1
    outer loop
      vertex 45.5 18.75 8.5
      vertex 45.5 20.25 8.5
      vertex 38 20.75 8.5
    endloop
  endfacet
  facet normal 0 0 1
    outer loop
      vertex 38 20.75 8.5
      vertex 45.5 20.25 8.5
      vertex 69.5 20.25 8.5
    endloop
  endfacet
  facet normal 0 -1 0
    outer loop
      vertex 2.25 20.75 8.5
      vertex 38 20.75 8.5
      vertex 118.25 20.75 8.8
    endloop
  endfacet
  facet normal 0 -1 0
    outer loop
      vertex 2.25 20.75 8.5
      vertex 118.25 20.75 8.8
      vertex 46.25 20.75 13
    endloop
  endfacet
  facet normal 0 -1 0
    outer loop
      vertex 2.25 20.75 17
      vertex 46.25 20.75 14
      vertex 53.75 20.75 14
    endloop
  endfacet
  facet normal 0 -1 0
    outer loop
      vertex 2.25 20.75 17
      vertex 53.75 20.75 14
      vertex 126.75 20.75 17
    endloop
  endfacet
  facet normal 0 0 1
    outer loop
      vertex 38 1.25 8.5
      vertex 126.75 1.25 8.5
      vertex 69.5 1.75 8.5
    endloop
  endfacet
  facet normal 0 1 0
    outer loop
      vertex 46.25 1.25 13
      vertex 53.75 1.25 13
      vertex 118.25 1.25 8.8
    endloop
  endfacet
  facet normal 0 1 0
    outer loop
      vertex 53.75 1.25 13
      vertex 53.75 1.25 14
      vertex 118.25 1.25 8.8
    endloop
  endfacet
  facet normal 0 1 0
    outer loop
      vertex 15.5 1.25 8.5
      vertex 118.25 1.25 8.8
      vertex 124.75 1.25 8.8
    endloop
  endfacet
  facet normal 0 0 1
    outer loop
      vertex 69.5 1.75 8.5
      vertex 126.75 1.25 8.5
      vertex 69.5 3.25 8.5
    endloop
  endfacet
  facet normal 0 1 0
    outer loop
      vertex 38 1.25 8.5
      vertex 124.75 1.25 8.8
      vertex 126.75 1.25 8.5
    endloop
  endfacet
  facet normal 0 1 0
    outer loop
      vertex 23.1875 1.25 17
      vertex 118.25 1.25 9.7
      vertex 118.25 1.25 8.8
    endloop
  endfacet
  facet normal 0 1 0
    outer loop
      vertex 23.1875 1.25 17
      vertex 124.75 1.25 9.7
      vertex 118.25 1.25 9.7
    endloop
  endfacet
  facet normal 0 1 0
    outer loop
      vertex 23.1875 1.25 17
      vertex 118.25 1.25 8.8
      vertex 53.75 1.25 14
    endloop
  endfacet
  facet normal 0 1 0
    outer loop
      vertex 23.1875 1.25 17
      vertex 126.75 1.25 17
      vertex 124.75 1.25 9.7
    endloop
  endfacet
  facet normal 0 0 1
    outer loop
      vertex 69.5 3.25 8.5
      vertex 126.75 1.25 8.5
      vertex 127.75 2.25 8.5
    endloop
  endfacet
  facet normal 0 0 1
    outer loop
      vertex 69.5 3.25 8.5
      vertex 127.75 2.25 8.5
      vertex 124.75 3.25 8.5
    endloop
  endfacet
  facet normal 0 0 1
    outer loop
      vertex 126.75 1.25 8.5
      vertex 126.88052619222005 1.2585551386261895 8.5
      vertex 127.00881904510253 1.2840741737109318 8.5
    endloop
  endfacet
  facet normal 0 0 1
    outer loop
      vertex 126.75 1.25 8.5
      vertex 127.00881904510253 1.2840741737109318 8.5
      vertex 127.13268343236508 1.3261204674887133 8.5
    endloop
  endfacet
  facet normal 0 1 0
    outer loop
      vertex 124.75 1.25 8.8
      vertex 124.75 1.25 9.7
      vertex 126.75 1.25 8.5
    endloop
  endfacet
  facet normal 0 0 1
    outer loop
      vertex 126.75 1.25 8.5
      vertex 127.13268343236508 1.3261204674887133 8.5
      vertex 127.45710678118655 1.5428932188134525 8.5
    endloop
  endfacet
  facet normal 0 0 1
    outer loop
      vertex 127.13268343236508 1.3261204674887133 8.5
      vertex 127.25 1.3839745962155614 8.5
      vertex 127.35876142900872 1.4566466597087648 8.5
    endloop
  endfacet
  facet normal 0 0 1
    outer loop
      vertex 127.13268343236508 1.3261204674887133 8.5
      vertex 127.35876142900872 1.4566466597087648 8.5
      vertex 127.45710678118655 1.5428932188134525 8.5
    endloop
  endfacet
  facet normal 0 0 1
    outer loop
      vertex 126.75 1.25 8.5
      vertex 127.45710678118655 1.5428932188134525 8.5
      vertex 127.75 2.25 8.5
    endloop
  endfacet
  facet normal 0 0 1
    outer loop
      vertex 127.45710678118655 1.5428932188134525 8.5
      vertex 127.54335334029123 1.6412385709912793 8.5
      vertex 127.6738795325113 1.8673165676349102 8.5
    endloop
  endfacet
  facet normal 0 0 1
    outer loop
      vertex 127.54335334029123 1.6412385709912793 8.5
      vertex 127.61602540378443 1.75 8.5
      vertex 127.6738795325113 1.8673165676349102 8.5
    endloop
  endfacet
  facet normal 0 0 1
    outer loop
      vertex 127.45710678118655 1.5428932188134525 8.5
      vertex 127.6738795325113 1.8673165676349102 8.5
      vertex 127.75 2.25 8.5
    endloop
  endfacet
  facet normal 0 0 1
    outer loop
      vertex 127.6738795325113 1.8673165676349102 8.5
      vertex 127.71592582628907 1.9911809548974793 8.5
      vertex 127.74144486137381 2.1194738077799484 8.5
    endloop
  endfacet
  facet normal 0 0 1
    outer loop
      vertex 127.6738795325113 1.8673165676349102 8.5
      vertex 127.74144486137381 2.1194738077799484 8.5
      vertex 127.75 2.25 8.5
    endloop
  endfacet
  facet normal -0.06540312923014532 0.9978589232386033 0
    outer loop
      vertex 126.75 1.25 8.5
      vertex 126.75 1.25 17
      vertex 126.88052619222005 1.2585551386261895 8.5
    endloop
  endfacet
  facet normal -0.19509032201611198 0.9807852804032338 0
    outer loop
      vertex 126.88052619222005 1.2585551386261895 8.5
      vertex 126.88052619222005 1.2585551386261895 17
      vertex 127.00881904510253 1.2840741737109318 8.5
    endloop
  endfacet
  facet normal -0.3214394653031883 0.9469301294950966 0
    outer loop
      vertex 127.00881904510253 1.2840741737109318 8.5
      vertex 127.00881904510253 1.2840741737109318 17
      vertex 127.13268343236508 1.3261204674887133 8.5
    endloop
  endfacet
  facet normal -0.44228869021898487 0.8968727415326964 0
    outer loop
      vertex 127.13268343236508 1.3261204674887133 8.5
      vertex 127.13268343236508 1.3261204674887133 17
      vertex 127.25 1.3839745962155614 8.5
    endloop
  endfacet
  facet normal 0 1 0
    outer loop
      vertex 126.75 1.25 8.5
      vertex 124.75 1.25 9.7
      vertex 126.75 1.25 17
    endloop
  endfacet
  facet normal -0.5555702330195933 0.8314696123025512 0
    outer loop
      vertex 127.25 1.3839745962155614 8.5
      vertex 127.25 1.3839745962155614 17
      vertex 127.35876142900872 1.4566466597087648 8.5
    endloop
  endfacet
  facet normal -0.6593458151000569 0.751839807478988 0
    outer loop
      vertex 127.35876142900872 1.4566466597087648 8.5
      vertex 127.35876142900872 1.4566466597087648 17
      vertex 127.45710678118655 1.5428932188134525 8.5
    endloop
  endfacet
  facet normal -0.7518398074790064 0.6593458151000359 0
    outer loop
      vertex 127.45710678118655 1.5428932188134525 8.5
      vertex 127.45710678118655 1.5428932188134525 17
      vertex 127.54335334029123 1.6412385709912793 8.5
    endloop
  endfacet
  facet normal -0.8314696123025549 0.5555702330195879 0
    outer loop
      vertex 127.54335334029123 1.6412385709912793 8.5
      vertex 127.54335334029123 1.6412385709912793 17
      vertex 127.61602540378443 1.75 8.5
    endloop
  endfacet
  facet normal -0.8968727415326545 0.44228869021906997 0
    outer loop
      vertex 127.61602540378443 1.75 8.5
      vertex 127.61602540378443 1.75 17
      vertex 127.6738795325113 1.8673165676349102 8.5
    endloop
  endfacet
  facet normal -0.9469301294951259 0.3214394653031015 0
    outer loop
      vertex 127.6738795325113 1.8673165676349102 8.5
      vertex 127.6738795325113 1.8673165676349102 17
      vertex 127.71592582628907 1.9911809548974793 8.5
    endloop
  endfacet
  facet normal -0.9807852804032314 0.19509032201612295 0
    outer loop
      vertex 127.71592582628907 1.9911809548974793 8.5
      vertex 127.71592582628907 1.9911809548974793 17
      vertex 127.74144486137381 2.1194738077799484 8.5
    endloop
  endfacet
  facet normal -0.997858923238602 0.06540312923016611 0
    outer loop
      vertex 127.74144486137381 2.1194738077799484 8.5
      vertex 127.74144486137381 2.1194738077799484 17
      vertex 127.75 2.25 8.5
    endloop
  endfacet
  facet normal 0 0 1
    outer loop
      vertex 127.75 2.25 8.5
      vertex 124.88052619222005 3.2585551386261895 8.5
      vertex 124.75 3.25 8.5
    endloop
  endfacet
  facet normal 0 0 1
    outer loop
      vertex 127.75 2.25 8.5
      vertex 125.00881904510253 3.284074173710932 8.5
      vertex 124.88052619222005 3.2585551386261895 8.5
    endloop
  endfacet
  facet normal 0 0 1
    outer loop
      vertex 127.75 2.25 8.5
      vertex 125.13268343236508 3.326120467488713 8.5
      vertex 125.00881904510253 3.284074173710932 8.5
    endloop
  endfacet
  facet normal 0 0 1
    outer loop
      vertex 127.75 2.25 8.5
      vertex 125.25 3.3839745962155616 8.5
      vertex 125.13268343236508 3.326120467488713 8.5
    endloop
  endfacet
  facet normal 0 0 1
    outer loop
      vertex 127.75 2.25 8.5
      vertex 125.35876142900872 3.456646659708765 8.5
      vertex 125.25 3.3839745962155616 8.5
    endloop
  endfacet
  facet normal 0 0 1
    outer loop
      vertex 127.75 2.25 8.5
      vertex 125.45710678118655 3.5428932188134525 8.5
      vertex 125.35876142900872 3.456646659708765 8.5
    endloop
  endfacet
  facet normal 0 0 1
    outer loop
      vertex 127.75 2.25 8.5
      vertex 125.54335334029123 3.6412385709912796 8.5
      vertex 125.45710678118655 3.5428932188134525 8.5
    endloop
  endfacet
  facet normal 0 0 1
    outer loop
      vertex 127.75 2.25 8.5
      vertex 125.61602540378443 3.75 8.5
      vertex 125.54335334029123 3.6412385709912796 8.5
    endloop
  endfacet
  facet normal 0 0 1
    outer loop
      vertex 127.75 2.25 8.5
      vertex 125.6738795325113 3.8673165676349104 8.5
      vertex 125.61602540378443 3.75 8.5
    endloop
  endfacet
  facet normal 0 0 1
    outer loop
      vertex 127.75 2.25 8.5
      vertex 125.71592582628907 3.9911809548974793 8.5
      vertex 125.6738795325113 3.8673165676349104 8.5
    endloop
  endfacet
  facet normal 0 0 1
    outer loop
      vertex 127.75 2.25 8.5
      vertex 125.74144486137381 4.119473807779949 8.5
      vertex 125.71592582628907 3.9911809548974793 8.5
    endloop
  endfacet
  facet normal -0.06540312923014532 0.9978589232386033 0
    outer loop
      vertex 126.88052619222005 1.2585551386261895 8.5
      vertex 126.75 1.25 17
      vertex 126.88052619222005 1.2585551386261895 17
    endloop
  endfacet
  facet normal -0.19509032201611198 0.9807852804032338 0
    outer loop
      vertex 127.00881904510253 1.2840741737109318 8.5
      vertex 126.88052619222005 1.2585551386261895 17
      vertex 127.00881904510253 1.2840741737109318 17
    endloop
  endfacet
  facet normal -0.3214394653031883 0.9469301294950966 0
    outer loop
      vertex 127.13268343236508 1.3261204674887133 8.5
      vertex 127.00881904510253 1.2840741737109318 17
      vertex 127.13268343236508 1.3261204674887133 17
    endloop
  endfacet
  facet normal -0.44228869021898487 0.8968727415326964 0
    outer loop
      vertex 127.25 1.3839745962155614 8.5
      vertex 127.13268343236508 1.3261204674887133 17
      vertex 127.25 1.3839745962155614 17
    endloop
  endfacet
  facet normal -0.5555702330195933 0.8314696123025512 0
    outer loop
      vertex 127.35876142900872 1.4566466597087648 8.5
      vertex 127.25 1.3839745962155614 17
      vertex 127.35876142900872 1.4566466597087648 17
    endloop
  endfacet
  facet normal -0.6593458151000569 0.751839807478988 0
    outer loop
      vertex 127.45710678118655 1.5428932188134525 8.5
      vertex 127.35876142900872 1.4566466597087648 17
      vertex 127.45710678118655 1.5428932188134525 17
    endloop
  endfacet
  facet normal -0.7518398074790064 0.6593458151000359 0
    outer loop
      vertex 127.54335334029123 1.6412385709912793 8.5
      vertex 127.45710678118655 1.5428932188134525 17
      vertex 127.54335334029123 1.6412385709912793 17
    endloop
  endfacet
  facet normal -0.8314696123025549 0.5555702330195879 0
    outer loop
      vertex 127.61602540378443 1.75 8.5
      vertex 127.54335334029123 1.6412385709912793 17
      vertex 127.61602540378443 1.75 17
    endloop
  endfacet
  facet normal -0.8968727415326545 0.44228869021906997 0
    outer loop
      vertex 127.6738795325113 1.8673165676349102 8.5
      vertex 127.61602540378443 1.75 17
      vertex 127.6738795325113 1.8673165676349102 17
    endloop
  endfacet
  facet normal -0.9469301294951259 0.3214394653031015 0
    outer loop
      vertex 127.71592582628907 1.9911809548974793 8.5
      vertex 127.6738795325113 1.8673165676349102 17
      vertex 127.71592582628907 1.9911809548974793 17
    endloop
  endfacet
  facet normal -0.9807852804032314 0.19509032201612295 0
    outer loop
      vertex 127.74144486137381 2.1194738077799484 8.5
      vertex 127.71592582628907 1.9911809548974793 17
      vertex 127.74144486137381 2.1194738077799484 17
    endloop
  endfacet
  facet normal -0.997858923238602 0.06540312923016611 0
    outer loop
      vertex 127.75 2.25 8.5
      vertex 127.74144486137381 2.1194738077799484 17
      vertex 127.75 2.25 17
    endloop
  endfacet
  facet normal -1 0 0
    outer loop
      vertex 127.75 2.25 8.5
      vertex 127.75 2.25 17
      vertex 127.75 19.75 8.5
    endloop
  endfacet
  facet normal 0 0 1
    outer loop
      vertex 127.75 2.25 8.5
      vertex 126.88052619222005 20.74144486137381 8.5
      vertex 125.74144486137381 4.119473807779949 8.5
    endloop
  endfacet
  facet normal 0 0 1
    outer loop
      vertex 125.74144486137381 4.119473807779949 8.5
      vertex 126.88052619222005 20.74144486137381 8.5
      vertex 125.75 4.25 8.5
    endloop
  endfacet
  facet normal 0 0 1
    outer loop
      vertex 38 20.75 8.5
      vertex 69.5 20.25 8.5
      vertex 126.88052619222005 20.74144486137381 8.5
    endloop
  endfacet
  facet normal 0 -1 0
    outer loop
      vertex 46.25 20.75 13
      vertex 118.25 20.75 8.8
      vertex 53.75 20.75 13
    endloop
  endfacet
  facet normal 0 -1 0
    outer loop
      vertex 53.75 20.75 13
      vertex 118.25 20.75 9.7
      vertex 53.75 20.75 14
    endloop
  endfacet
  facet normal 0 0 1
    outer loop
      vertex 69.5 18.75 8.5
      vertex 124.75 18.75 8.5
      vertex 69.5 20.25 8.5
    endloop
  endfacet
  facet normal 0 -1 0
    outer loop
      vertex 38 20.75 8.5
      vertex 126.75 20.75 8.5
      vertex 118.25 20.75 8.8
    endloop
  endfacet
  facet normal 0 0 1
    outer loop
      vertex 125.75 4.25 8.5
      vertex 126.88052619222005 20.74144486137381 8.5
      vertex 125.75 17.75 8.5
    endloop
  endfacet
  facet normal 0 0 1
    outer loop
      vertex 127.75 2.25 8.5
      vertex 127.75 19.75 8.5
      vertex 126.88052619222005 20.74144486137381 8.5
    endloop
  endfacet
  facet normal -1 0 0
    outer loop
      vertex 127.75 2.25 17
      vertex 127.75 19.75 17
      vertex 127.75 19.75 8.5
    endloop
  endfacet
  facet normal 0 0 1
    outer loop
      vertex 38 20.75 8.5
      vertex 126.88052619222005 20.74144486137381 8.5
      vertex 126.75 20.75 8.5
    endloop
  endfacet
  facet normal 0 -1 0
    outer loop
      vertex 53.75 20.75 13
      vertex 118.25 20.75 8.8
      vertex 118.25 20.75 9.7
    endloop
  endfacet
  facet normal 0 0 1
    outer loop
      vertex 69.5 20.25 8.5
      vertex 124.75 18.75 8.5
      vertex 126.88052619222005 20.74144486137381 8.5
    endloop
  endfacet
  facet normal 0 0 1
    outer loop
      vertex 125.75 17.75 8.5
      vertex 126.88052619222005 20.74144486137381 8.5
      vertex 125.74144486137381 17.880526192220053 8.5
    endloop
  endfacet
  facet normal 0 0 1
    outer loop
      vertex 125.74144486137381 17.880526192220053 8.5
      vertex 126.88052619222005 20.74144486137381 8.5
      vertex 125.71592582628907 18.00881904510252 8.5
    endloop
  endfacet
  facet normal 0 0 1
    outer loop
      vertex 125.54335334029123 18.358761429008723 8.5
      vertex 126.88052619222005 20.74144486137381 8.5
      vertex 125.45710678118655 18.457106781186546 8.5
    endloop
  endfacet
  facet normal 0 0 1
    outer loop
      vertex 125.45710678118655 18.457106781186546 8.5
      vertex 126.88052619222005 20.74144486137381 8.5
      vertex 125.35876142900872 18.543353340291233 8.5
    endloop
  endfacet
  facet normal 0 0 1
    outer loop
      vertex 125.71592582628907 18.00881904510252 8.5
      vertex 126.88052619222005 20.74144486137381 8.5
      vertex 125.6738795325113 18.13268343236509 8.5
    endloop
  endfacet
  facet normal 0 0 1
    outer loop
      vertex 125.6738795325113 18.13268343236509 8.5
      vertex 126.88052619222005 20.74144486137381 8.5
      vertex 125.61602540378443 18.25 8.5
    endloop
  endfacet
  facet normal 0 0 1
    outer loop
      vertex 125.61602540378443 18.25 8.5
      vertex 126.88052619222005 20.74144486137381 8.5
      vertex 125.54335334029123 18.358761429008723 8.5
    endloop
  endfacet
  facet normal 0 0 1
    outer loop
      vertex 125.35876142900872 18.543353340291233 8.5
      vertex 126.88052619222005 20.74144486137381 8.5
      vertex 125.25 18.61602540378444 8.5
    endloop
  endfacet
  facet normal 0 0 1
    outer loop
      vertex 125.13268343236508 18.673879532511286 8.5
      vertex 126.88052619222005 20.74144486137381 8.5
      vertex 125.00881904510253 18.715925826289066 8.5
    endloop
  endfacet
  facet normal 0 0 1
    outer loop
      vertex 124.88052619222005 18.74144486137381 8.5
      vertex 125.00881904510253 18.715925826289066 8.5
      vertex 126.88052619222005 20.74144486137381 8.5
    endloop
  endfacet
  facet normal 0 0 1
    outer loop
      vertex 124.75 18.75 8.5
      vertex 124.88052619222005 18.74144486137381 8.5
      vertex 126.88052619222005 20.74144486137381 8.5
    endloop
  endfacet
  facet normal 0 0 1
    outer loop
      vertex 125.25 18.61602540378444 8.5
      vertex 126.88052619222005 20.74144486137381 8.5
      vertex 125.13268343236508 18.673879532511286 8.5
    endloop
  endfacet
  facet normal 0 0 1
    outer loop
      vertex 127.75 19.75 8.5
      vertex 127.74144486137381 19.880526192220053 8.5
      vertex 127.71592582628907 20.00881904510252 8.5
    endloop
  endfacet
  facet normal 0 0 1
    outer loop
      vertex 127.75 19.75 8.5
      vertex 127.71592582628907 20.00881904510252 8.5
      vertex 127.54335334029123 20.35876142900872 8.5
    endloop
  endfacet
  facet normal 0 0 1
    outer loop
      vertex 127.71592582628907 20.00881904510252 8.5
      vertex 127.6738795325113 20.13268343236509 8.5
      vertex 127.54335334029123 20.35876142900872 8.5
    endloop
  endfacet
  facet normal 0 0 1
    outer loop
      vertex 127.6738795325113 20.13268343236509 8.5
      vertex 127.61602540378443 20.25 8.5
      vertex 127.54335334029123 20.35876142900872 8.5
    endloop
  endfacet
  facet normal 0 0 1
    outer loop
      vertex 127.75 19.75 8.5
      vertex 127.54335334029123 20.35876142900872 8.5
      vertex 126.88052619222005 20.74144486137381 8.5
    endloop
  endfacet
  facet normal 0 0 1
    outer loop
      vertex 127.54335334029123 20.35876142900872 8.5
      vertex 127.45710678118655 20.457106781186546 8.5
      vertex 127.35876142900872 20.543353340291237 8.5
    endloop
  endfacet
  facet normal 0 0 1
    outer loop
      vertex 127.54335334029123 20.35876142900872 8.5
      vertex 127.35876142900872 20.543353340291237 8.5
      vertex 127.25 20.616025403784437 8.5
    endloop
  endfacet
  facet normal 0 0 1
    outer loop
      vertex 127.54335334029123 20.35876142900872 8.5
      vertex 127.25 20.616025403784437 8.5
      vertex 126.88052619222005 20.74144486137381 8.5
    endloop
  endfacet
  facet normal 0 -1 0
    outer loop
      vertex 118.25 20.75 8.8
      vertex 126.75 20.75 8.5
      vertex 124.75 20.75 8.8
    endloop
  endfacet
  facet normal 0 -1 0
    outer loop
      vertex 124.75 20.75 8.8
      vertex 126.75 20.75 8.5
      vertex 124.75 20.75 9.7
    endloop
  endfacet
  facet normal 0 0 1
    outer loop
      vertex 127.25 20.616025403784437 8.5
      vertex 127.13268343236508 20.673879532511286 8.5
      vertex 126.88052619222005 20.74144486137381 8.5
    endloop
  endfacet
  facet normal 0 0 1
    outer loop
      vertex 126.88052619222005 20.74144486137381 8.5
      vertex 127.13268343236508 20.673879532511286 8.5
      vertex 127.00881904510253 20.71592582628907 8.5
    endloop
  endfacet
  facet normal -0.9978589232386023 -0.06540312923016546 0
    outer loop
      vertex 127.75 19.75 8.5
      vertex 127.75 19.75 17
      vertex 127.74144486137381 19.880526192220053 8.5
    endloop
  endfacet
  facet normal -0.9807852804032309 -0.19509032201612622 0
    outer loop
      vertex 127.74144486137381 19.880526192220053 8.5
      vertex 127.74144486137381 19.880526192220053 17
      vertex 127.71592582628907 20.00881904510252 8.5
    endloop
  endfacet
  facet normal -0.9469301294951279 -0.3214394653030958 0
    outer loop
      vertex 127.71592582628907 20.00881904510252 8.5
      vertex 127.71592582628907 20.00881904510252 17
      vertex 127.6738795325113 20.13268343236509 8.5
    endloop
  endfacet
  facet normal -0.8968727415326521 -0.4422886902190747 0
    outer loop
      vertex 127.6738795325113 20.13268343236509 8.5
      vertex 127.6738795325113 20.13268343236509 17
      vertex 127.61602540378443 20.25 8.5
    endloop
  endfacet
  facet normal -0.8314696123025523 -0.5555702330195917 0
    outer loop
      vertex 127.61602540378443 20.25 8.5
      vertex 127.61602540378443 20.25 17
      vertex 127.54335334029123 20.35876142900872 8.5
    endloop
  endfacet
  facet normal -0.7518398074790056 -0.6593458151000366 0
    outer loop
      vertex 127.54335334029123 20.35876142900872 8.5
      vertex 127.54335334029123 20.35876142900872 17
      vertex 127.45710678118655 20.457106781186546 8.5
    endloop
  endfacet
  facet normal -0.6593458151000693 -0.751839807478977 0
    outer loop
      vertex 127.45710678118655 20.457106781186546 8.5
      vertex 127.45710678118655 20.457106781186546 17
      vertex 127.35876142900872 20.543353340291237 8.5
    endloop
  endfacet
  facet normal -0.5555702330195792 -0.8314696123025606 0
    outer loop
      vertex 127.35876142900872 20.543353340291237 8.5
      vertex 127.35876142900872 20.543353340291237 17
      vertex 127.25 20.616025403784437 8.5
    endloop
  endfacet
  facet normal -0.06540312923014195 -0.9978589232386035 4.5370297108332334e-20
    outer loop
      vertex 126.75 20.75 8.5
      vertex 126.88052619222005 20.74144486137381 8.5
      vertex 126.88052619222005 20.74144486137381 17
    endloop
  endfacet
  facet normal -0.19509032201610543 -0.980785280403235 1.7160760894557594e-19
    outer loop
      vertex 126.88052619222005 20.74144486137381 8.5
      vertex 127.00881904510253 20.71592582628907 8.5
      vertex 127.00881904510253 20.71592582628907 17
    endloop
  endfacet
  facet normal -0.44228869021898765 -0.8968727415326951 0
    outer loop
      vertex 127.25 20.616025403784437 8.5
      vertex 127.25 20.616025403784437 17
      vertex 127.13268343236508 20.673879532511286 8.5
    endloop
  endfacet
  facet normal -0.32143946530320194 -0.9469301294950918 0
    outer loop
      vertex 127.13268343236508 20.673879532511286 8.5
      vertex 127.13268343236508 20.673879532511286 17
      vertex 127.00881904510253 20.71592582628907 8.5
    endloop
  endfacet
  facet normal 0 -1 0
    outer loop
      vertex 118.25 20.75 9.7
      vertex 124.75 20.75 9.7
      vertex 126.75 20.75 17
    endloop
  endfacet
  facet normal 0 -1 0
    outer loop
      vertex 126.75 20.75 8.5
      vertex 126.75 20.75 17
      vertex 124.75 20.75 9.7
    endloop
  endfacet
  facet normal 0 -1 0
    outer loop
      vertex 53.75 20.75 14
      vertex 118.25 20.75 9.7
      vertex 126.75 20.75 17
    endloop
  endfacet
  facet normal -0.9978589232386023 -0.06540312923016546 0
    outer loop
      vertex 127.74144486137381 19.880526192220053 8.5
      vertex 127.75 19.75 17
      vertex 127.74144486137381 19.880526192220053 17
    endloop
  endfacet
  facet normal -0.9807852804032309 -0.19509032201612622 0
    outer loop
      vertex 127.71592582628907 20.00881904510252 8.5
      vertex 127.74144486137381 19.880526192220053 17
      vertex 127.71592582628907 20.00881904510252 17
    endloop
  endfacet
  facet normal -0.9469301294951279 -0.3214394653030958 0
    outer loop
      vertex 127.6738795325113 20.13268343236509 8.5
      vertex 127.71592582628907 20.00881904510252 17
      vertex 127.6738795325113 20.13268343236509 17
    endloop
  endfacet
  facet normal -0.8968727415326521 -0.4422886902190747 0
    outer loop
      vertex 127.61602540378443 20.25 8.5
      vertex 127.6738795325113 20.13268343236509 17
      vertex 127.61602540378443 20.25 17
    endloop
  endfacet
  facet normal -0.7518398074790056 -0.6593458151000366 0
    outer loop
      vertex 127.45710678118655 20.457106781186546 8.5
      vertex 127.54335334029123 20.35876142900872 17
      vertex 127.45710678118655 20.457106781186546 17
    endloop
  endfacet
  facet normal -0.8314696123025523 -0.5555702330195917 0
    outer loop
      vertex 127.54335334029123 20.35876142900872 8.5
      vertex 127.61602540378443 20.25 17
      vertex 127.54335334029123 20.35876142900872 17
    endloop
  endfacet
  facet normal -0.6593458151000693 -0.751839807478977 0
    outer loop
      vertex 127.35876142900872 20.543353340291237 8.5
      vertex 127.45710678118655 20.457106781186546 17
      vertex 127.35876142900872 20.543353340291237 17
    endloop
  endfacet
  facet normal -0.5555702330195792 -0.8314696123025606 0
    outer loop
      vertex 127.25 20.616025403784437 8.5
      vertex 127.35876142900872 20.543353340291237 17
      vertex 127.25 20.616025403784437 17
    endloop
  endfacet
  facet normal -0.06540312923014195 -0.9978589232386035 0
    outer loop
      vertex 126.75 20.75 8.5
      vertex 126.88052619222005 20.74144486137381 17
      vertex 126.75 20.75 17
    endloop
  endfacet
  facet normal -0.19509032201610543 -0.980785280403235 0
    outer loop
      vertex 126.88052619222005 20.74144486137381 8.5
      vertex 127.00881904510253 20.71592582628907 17
      vertex 126.88052619222005 20.74144486137381 17
    endloop
  endfacet
  facet normal -0.44228869021898765 -0.8968727415326951 0
    outer loop
      vertex 127.13268343236508 20.673879532511286 8.5
      vertex 127.25 20.616025403784437 17
      vertex 127.13268343236508 20.673879532511286 17
    endloop
  endfacet
  facet normal -0.32143946530320194 -0.9469301294950918 0
    outer loop
      vertex 127.00881904510253 20.71592582628907 8.5
      vertex 127.13268343236508 20.673879532511286 17
      vertex 127.00881904510253 20.71592582628907 17
    endloop
  endfacet
  facet normal 1 0 0
    outer loop
      vertex 46.25 0.7670370868554659 13.37059047744874
      vertex 46.25 0.7670370868554659 13.62940952255126
      vertex 46.25 0.7542775693130948 13.434736903889974
    endloop
  endfacet
  facet normal 1 0 0
    outer loop
      vertex 46.25 0.7542775693130948 13.434736903889974
      vertex 46.25 0.7542775693130948 13.565263096110026
      vertex 46.25 0.75 13.5
    endloop
  endfacet
  facet normal 1 0 0
    outer loop
      vertex 46.25 0.7542775693130948 13.434736903889974
      vertex 46.25 0.7670370868554659 13.62940952255126
      vertex 46.25 0.7542775693130948 13.565263096110026
    endloop
  endfacet
  facet normal 1 0 0
    outer loop
      vertex 46.25 0.8169872981077807 13.25
      vertex 46.25 0.8169872981077807 13.75
      vertex 46.25 0.7880602337443566 13.308658283817454
    endloop
  endfacet
  facet normal 1 0 0
    outer loop
      vertex 46.25 0.7670370868554659 13.37059047744874
      vertex 46.25 0.7880602337443566 13.308658283817454
      vertex 46.25 0.7880602337443566 13.691341716182546
    endloop
  endfacet
  facet normal 1 0 0
    outer loop
      vertex 46.25 0.8533233298543824 13.19561928549564
      vertex 46.25 0.8533233298543824 13.80438071450436
      vertex 46.25 0.8169872981077807 13.25
    endloop
  endfacet
  facet normal 1 0 0
    outer loop
      vertex 46.25 0.8533233298543824 13.19561928549564
      vertex 46.25 0.8964466094067263 13.146446609406727
      vertex 46.25 0.8964466094067263 13.853553390593273
    endloop
  endfacet
  facet normal 1 0 0
    outer loop
      vertex 46.25 0.8964466094067263 13.146446609406727
      vertex 46.25 0.9456192854956397 13.103323329854382
      vertex 46.25 0.9456192854956397 13.896676670145618
    endloop
  endfacet
  facet normal 1 0 0
    outer loop
      vertex 46.25 1 13.066987298107781
      vertex 46.25 1 13.933012701892219
      vertex 46.25 0.9456192854956397 13.103323329854382
    endloop
  endfacet
  facet normal 1 0 0
    outer loop
      vertex 46.25 0.7670370868554659 13.37059047744874
      vertex 46.25 0.7880602337443566 13.691341716182546
      vertex 46.25 0.7670370868554659 13.62940952255126
    endloop
  endfacet
  facet normal 1 0 0
    outer loop
      vertex 46.25 0.7880602337443566 13.308658283817454
      vertex 46.25 0.8169872981077807 13.75
      vertex 46.25 0.7880602337443566 13.691341716182546
    endloop
  endfacet
  facet normal 1 0 0
    outer loop
      vertex 46.25 0.8169872981077807 13.25
      vertex 46.25 0.8533233298543824 13.80438071450436
      vertex 46.25 0.8169872981077807 13.75
    endloop
  endfacet
  facet normal 1 0 0
    outer loop
      vertex 46.25 0.8533233298543824 13.19561928549564
      vertex 46.25 0.8964466094067263 13.853553390593273
      vertex 46.25 0.8533233298543824 13.80438071450436
    endloop
  endfacet
  facet normal 1 0 0
    outer loop
      vertex 46.25 0.8964466094067263 13.146446609406727
      vertex 46.25 0.9456192854956397 13.896676670145618
      vertex 46.25 0.8964466094067263 13.853553390593273
    endloop
  endfacet
  facet normal 1 0 0
    outer loop
      vertex 46.25 0.9456192854956397 13.103323329854382
      vertex 46.25 1 13.933012701892219
      vertex 46.25 0.9456192854956397 13.896676670145618
    endloop
  endfacet
  facet normal 1 0 0
    outer loop
      vertex 46.25 1 13.066987298107781
      vertex 46.25 1.0586582838174552 13.961939766255643
      vertex 46.25 1 13.933012701892219
    endloop
  endfacet
  facet normal 1 0 0
    outer loop
      vertex 46.25 1.0586582838174552 13.038060233744357
      vertex 46.25 1.1205904774487396 13.017037086855465
      vertex 46.25 1.1205904774487396 13.982962913144535
    endloop
  endfacet
  facet normal 1 0 0
    outer loop
      vertex 46.25 1 13.066987298107781
      vertex 46.25 1.0586582838174552 13.038060233744357
      vertex 46.25 1.0586582838174552 13.961939766255643
    endloop
  endfacet
  facet normal 1 0 0
    outer loop
      vertex 46.25 1.1847369038899742 13.004277569313095
      vertex 46.25 1.1847369038899742 13.995722430686905
      vertex 46.25 1.1205904774487396 13.017037086855465
    endloop
  endfacet
  facet normal 1 0 0
    outer loop
      vertex 46.25 1.1847369038899742 13.004277569313095
      vertex 46.25 1.25 13
      vertex 46.25 1.25 14
    endloop
  endfacet
  facet normal 1 0 0
    outer loop
      vertex 46.25 1.0586582838174552 13.038060233744357
      vertex 46.25 1.1205904774487396 13.982962913144535
      vertex 46.25 1.0586582838174552 13.961939766255643
    endloop
  endfacet
  facet normal 1 0 0
    outer loop
      vertex 46.25 1.1205904774487396 13.017037086855465
      vertex 46.25 1.1847369038899742 13.995722430686905
      vertex 46.25 1.1205904774487396 13.982962913144535
    endloop
  endfacet
  facet normal 1 0 0
    outer loop
      vertex 46.25 1.1847369038899742 13.004277569313095
      vertex 46.25 1.25 14
      vertex 46.25 1.1847369038899742 13.995722430686905
    endloop
  endfacet
  facet normal -4.561722404511143e-20 0.8314696123025428 0.5555702330196057
    outer loop
      vertex 46.25 0.8533233298543824 13.19561928549564
      vertex 46.25 0.8169872981077807 13.25
      vertex 53.75 0.8169872981077807 13.25
    endloop
  endfacet
  facet normal -3.04604576193508e-19 0.659345815100082 0.751839807478966
    outer loop
      vertex 46.25 0.8964466094067263 13.146446609406727
      vertex 53.75 0.9456192854956397 13.103323329854382
      vertex 46.25 0.9456192854956397 13.103323329854382
    endloop
  endfacet
  facet normal 0 0.5555702330195879 0.8314696123025549
    outer loop
      vertex 46.25 1 13.066987298107781
      vertex 46.25 0.9456192854956397 13.103323329854382
      vertex 53.75 1 13.066987298107781
    endloop
  endfacet
  facet normal 0 0.7518398074789762 0.6593458151000703
    outer loop
      vertex 46.25 0.8533233298543824 13.19561928549564
      vertex 53.75 0.8533233298543824 13.19561928549564
      vertex 46.25 0.8964466094067263 13.146446609406727
    endloop
  endfacet
  facet normal 0 0.19509032201612297 0.9807852804032314
    outer loop
      vertex 46.25 1.1847369038899742 13.004277569313095
      vertex 46.25 1.1205904774487396 13.017037086855465
      vertex 53.75 1.1847369038899742 13.004277569313095
    endloop
  endfacet
  facet normal 5.0906020243380174e-20 0.06540312923013906 0.9978589232386037
    outer loop
      vertex 46.25 1.1847369038899742 13.004277569313095
      vertex 53.75 1.25 13
      vertex 46.25 1.25 13
    endloop
  endfacet
  facet normal -1.166081648645717e-19 0.44228869021900374 0.8968727415326871
    outer loop
      vertex 46.25 1 13.066987298107781
      vertex 53.75 1.0586582838174552 13.038060233744357
      vertex 46.25 1.0586582838174552 13.038060233744357
    endloop
  endfacet
  facet normal -3.675171746744119e-20 0.32143946530317513 0.946930129495101
    outer loop
      vertex 46.25 1.0586582838174552 13.038060233744357
      vertex 53.75 1.1205904774487396 13.017037086855465
      vertex 46.25 1.1205904774487396 13.017037086855465
    endloop
  endfacet
  facet normal 0 0.8314696123025428 0.5555702330196057
    outer loop
      vertex 46.25 0.8533233298543824 13.19561928549564
      vertex 53.75 0.8169872981077807 13.25
      vertex 53.75 0.8533233298543824 13.19561928549564
    endloop
  endfacet
  facet normal 0 0.8968727415326858 0.4422886902190064
    outer loop
      vertex 46.25 0.8169872981077807 13.25
      vertex 53.75 0.7880602337443566 13.308658283817454
      vertex 53.75 0.8169872981077807 13.25
    endloop
  endfacet
  facet normal 0 0.659345815100082 0.751839807478966
    outer loop
      vertex 46.25 0.8964466094067263 13.146446609406727
      vertex 53.75 0.8964466094067263 13.146446609406727
      vertex 53.75 0.9456192854956397 13.103323329854382
    endloop
  endfacet
  facet normal 0 0.44228869021900374 0.8968727415326871
    outer loop
      vertex 46.25 1 13.066987298107781
      vertex 53.75 1 13.066987298107781
      vertex 53.75 1.0586582838174552 13.038060233744357
    endloop
  endfacet
  facet normal 0 0.5555702330195879 0.8314696123025549
    outer loop
      vertex 46.25 0.9456192854956397 13.103323329854382
      vertex 53.75 0.9456192854956397 13.103323329854382
      vertex 53.75 1 13.066987298107781
    endloop
  endfacet
  facet normal 0 0.7518398074789762 0.6593458151000703
    outer loop
      vertex 46.25 0.8964466094067263 13.146446609406727
      vertex 53.75 0.8533233298543824 13.19561928549564
      vertex 53.75 0.8964466094067263 13.146446609406727
    endloop
  endfacet
  facet normal 0 0.19509032201612297 0.9807852804032314
    outer loop
      vertex 46.25 1.1205904774487396 13.017037086855465
      vertex 53.75 1.1205904774487396 13.017037086855465
      vertex 53.75 1.1847369038899742 13.004277569313095
    endloop
  endfacet
  facet normal 0 0.06540312923013906 0.9978589232386037
    outer loop
      vertex 46.25 1.1847369038899742 13.004277569313095
      vertex 53.75 1.1847369038899742 13.004277569313095
      vertex 53.75 1.25 13
    endloop
  endfacet
  facet normal 0 0.32143946530317513 0.946930129495101
    outer loop
      vertex 46.25 1.0586582838174552 13.038060233744357
      vertex 53.75 1.0586582838174552 13.038060233744357
      vertex 53.75 1.1205904774487396 13.017037086855465
    endloop
  endfacet
  facet normal -2.123221784081945e-20 0.9807852804032294 0.19509032201613274
    outer loop
      vertex 46.25 0.7670370868554659 13.37059047744874
      vertex 46.25 0.7542775693130948 13.434736903889974
      vertex 53.75 0.7542775693130948 13.434736903889974
    endloop
  endfacet
  facet normal 1.2711601086480435e-19 0.8968727415326858 0.4422886902190064
    outer loop
      vertex 46.25 0.8169872981077807 13.25
      vertex 46.25 0.7880602337443566 13.308658283817454
      vertex 53.75 0.7880602337443566 13.308658283817454
    endloop
  endfacet
  facet normal 0 0.9469301294951078 0.3214394653031552
    outer loop
      vertex 46.25 0.7670370868554659 13.37059047744874
      vertex 53.75 0.7670370868554659 13.37059047744874
      vertex 46.25 0.7880602337443566 13.308658283817454
    endloop
  endfacet
  facet normal -4.639269894576644e-20 0.9978589232386036 0.06540312923014178
    outer loop
      vertex 46.25 0.7542775693130948 13.434736903889974
      vertex 46.25 0.75 13.5
      vertex 53.75 0.75 13.5
    endloop
  endfacet
  facet normal 4.639269894576644e-20 0.9978589232386036 -0.06540312923014178
    outer loop
      vertex 46.25 0.75 13.5
      vertex 46.25 0.7542775693130948 13.565263096110026
      vertex 53.75 0.7542775693130948 13.565263096110026
    endloop
  endfacet
  facet normal 2.123221784081945e-20 0.9807852804032294 -0.19509032201613274
    outer loop
      vertex 46.25 0.7542775693130948 13.565263096110026
      vertex 46.25 0.7670370868554659 13.62940952255126
      vertex 53.75 0.7670370868554659 13.62940952255126
    endloop
  endfacet
  facet normal -5.932268377308166e-20 0.9469301294951078 -0.3214394653031552
    outer loop
      vertex 46.25 0.7670370868554659 13.62940952255126
      vertex 46.25 0.7880602337443566 13.691341716182546
      vertex 53.75 0.7880602337443566 13.691341716182546
    endloop
  endfacet
  facet normal -1.2711601086480435e-19 0.8968727415326858 -0.4422886902190064
    outer loop
      vertex 46.25 0.7880602337443566 13.691341716182546
      vertex 46.25 0.8169872981077807 13.75
      vertex 53.75 0.8169872981077807 13.75
    endloop
  endfacet
  facet normal 4.561722404511143e-20 0.8314696123025428 -0.5555702330196057
    outer loop
      vertex 46.25 0.8169872981077807 13.75
      vertex 46.25 0.8533233298543824 13.80438071450436
      vertex 53.75 0.8533233298543824 13.80438071450436
    endloop
  endfacet
  facet normal 0 0.9807852804032294 0.19509032201613274
    outer loop
      vertex 46.25 0.7670370868554659 13.37059047744874
      vertex 53.75 0.7542775693130948 13.434736903889974
      vertex 53.75 0.7670370868554659 13.37059047744874
    endloop
  endfacet
  facet normal 0 0.9469301294951078 0.3214394653031552
    outer loop
      vertex 46.25 0.7880602337443566 13.308658283817454
      vertex 53.75 0.7670370868554659 13.37059047744874
      vertex 53.75 0.7880602337443566 13.308658283817454
    endloop
  endfacet
  facet normal 0 0.9978589232386036 0.06540312923014178
    outer loop
      vertex 46.25 0.7542775693130948 13.434736903889974
      vertex 53.75 0.75 13.5
      vertex 53.75 0.7542775693130948 13.434736903889974
    endloop
  endfacet
  facet normal 0 0.9978589232386036 -0.06540312923014178
    outer loop
      vertex 46.25 0.75 13.5
      vertex 53.75 0.7542775693130948 13.565263096110026
      vertex 53.75 0.75 13.5
    endloop
  endfacet
  facet normal 0 0.9807852804032294 -0.19509032201613274
    outer loop
      vertex 46.25 0.7542775693130948 13.565263096110026
      vertex 53.75 0.7670370868554659 13.62940952255126
      vertex 53.75 0.7542775693130948 13.565263096110026
    endloop
  endfacet
  facet normal 0 0.9469301294951078 -0.3214394653031552
    outer loop
      vertex 46.25 0.7670370868554659 13.62940952255126
      vertex 53.75 0.7880602337443566 13.691341716182546
      vertex 53.75 0.7670370868554659 13.62940952255126
    endloop
  endfacet
  facet normal 0 0.8968727415326858 -0.4422886902190064
    outer loop
      vertex 46.25 0.7880602337443566 13.691341716182546
      vertex 53.75 0.8169872981077807 13.75
      vertex 53.75 0.7880602337443566 13.691341716182546
    endloop
  endfacet
  facet normal 0 0.8314696123025428 -0.5555702330196057
    outer loop
      vertex 46.25 0.8169872981077807 13.75
      vertex 53.75 0.8533233298543824 13.80438071450436
      vertex 53.75 0.8169872981077807 13.75
    endloop
  endfacet
  facet normal -1 0 0
    outer loop
      vertex 53.75 0.8533233298543824 13.19561928549564
      vertex 53.75 0.8169872981077807 13.25
      vertex 53.75 0.8169872981077807 13.75
    endloop
  endfacet
  facet normal -1 0 0
    outer loop
      vertex 53.75 0.7670370868554659 13.37059047744874
      vertex 53.75 0.7542775693130948 13.434736903889974
      vertex 53.75 0.7542775693130948 13.565263096110026
    endloop
  endfacet
  facet normal -1 0 0
    outer loop
      vertex 53.75 0.7542775693130948 13.434736903889974
      vertex 53.75 0.75 13.5
      vertex 53.75 0.7542775693130948 13.565263096110026
    endloop
  endfacet
  facet normal -1 0 0
    outer loop
      vertex 53.75 0.7670370868554659 13.37059047744874
      vertex 53.75 0.7542775693130948 13.565263096110026
      vertex 53.75 0.7670370868554659 13.62940952255126
    endloop
  endfacet
  facet normal -1 0 0
    outer loop
      vertex 53.75 0.7670370868554659 13.37059047744874
      vertex 53.75 0.7670370868554659 13.62940952255126
      vertex 53.75 0.7880602337443566 13.308658283817454
    endloop
  endfacet
  facet normal -1 0 0
    outer loop
      vertex 53.75 0.8169872981077807 13.25
      vertex 53.75 0.7880602337443566 13.308658283817454
      vertex 53.75 0.7880602337443566 13.691341716182546
    endloop
  endfacet
  facet normal -1 0 0
    outer loop
      vertex 53.75 0.7880602337443566 13.308658283817454
      vertex 53.75 0.7670370868554659 13.62940952255126
      vertex 53.75 0.7880602337443566 13.691341716182546
    endloop
  endfacet
  facet normal -1 0 0
    outer loop
      vertex 53.75 0.8533233298543824 13.19561928549564
      vertex 53.75 0.8533233298543824 13.80438071450436
      vertex 53.75 0.8964466094067263 13.146446609406727
    endloop
  endfacet
  facet normal -1 0 0
    outer loop
      vertex 53.75 0.8964466094067263 13.146446609406727
      vertex 53.75 0.8964466094067263 13.853553390593273
      vertex 53.75 0.9456192854956397 13.103323329854382
    endloop
  endfacet
  facet normal -1 0 0
    outer loop
      vertex 53.75 1 13.066987298107781
      vertex 53.75 1 13.933012701892219
      vertex 53.75 1.0586582838174552 13.038060233744357
    endloop
  endfacet
  facet normal -1 0 0
    outer loop
      vertex 53.75 1 13.066987298107781
      vertex 53.75 0.9456192854956397 13.103323329854382
      vertex 53.75 0.9456192854956397 13.896676670145618
    endloop
  endfacet
  facet normal -1 0 0
    outer loop
      vertex 53.75 0.8169872981077807 13.25
      vertex 53.75 0.7880602337443566 13.691341716182546
      vertex 53.75 0.8169872981077807 13.75
    endloop
  endfacet
  facet normal -1 0 0
    outer loop
      vertex 53.75 0.8533233298543824 13.19561928549564
      vertex 53.75 0.8169872981077807 13.75
      vertex 53.75 0.8533233298543824 13.80438071450436
    endloop
  endfacet
  facet normal -1 0 0
    outer loop
      vertex 53.75 0.8964466094067263 13.146446609406727
      vertex 53.75 0.8533233298543824 13.80438071450436
      vertex 53.75 0.8964466094067263 13.853553390593273
    endloop
  endfacet
  facet normal -1 0 0
    outer loop
      vertex 53.75 0.9456192854956397 13.103323329854382
      vertex 53.75 0.8964466094067263 13.853553390593273
      vertex 53.75 0.9456192854956397 13.896676670145618
    endloop
  endfacet
  facet normal -1 0 0
    outer loop
      vertex 53.75 1 13.066987298107781
      vertex 53.75 0.9456192854956397 13.896676670145618
      vertex 53.75 1 13.933012701892219
    endloop
  endfacet
  facet normal -1 0 0
    outer loop
      vertex 53.75 1.0586582838174552 13.038060233744357
      vertex 53.75 1.0586582838174552 13.961939766255643
      vertex 53.75 1.1205904774487396 13.017037086855465
    endloop
  endfacet
  facet normal -1 0 0
    outer loop
      vertex 53.75 1.1847369038899742 13.004277569313095
      vertex 53.75 1.1205904774487396 13.017037086855465
      vertex 53.75 1.1205904774487396 13.982962913144535
    endloop
  endfacet
  facet normal -1 0 0
    outer loop
      vertex 53.75 1.1847369038899742 13.004277569313095
      vertex 53.75 1.1847369038899742 13.995722430686905
      vertex 53.75 1.25 13
    endloop
  endfacet
  facet normal -1 0 0
    outer loop
      vertex 53.75 1.0586582838174552 13.038060233744357
      vertex 53.75 1 13.933012701892219
      vertex 53.75 1.0586582838174552 13.961939766255643
    endloop
  endfacet
  facet normal -1 0 0
    outer loop
      vertex 53.75 1.1205904774487396 13.017037086855465
      vertex 53.75 1.0586582838174552 13.961939766255643
      vertex 53.75 1.1205904774487396 13.982962913144535
    endloop
  endfacet
  facet normal -1 0 0
    outer loop
      vertex 53.75 1.1847369038899742 13.004277569313095
      vertex 53.75 1.1205904774487396 13.982962913144535
      vertex 53.75 1.1847369038899742 13.995722430686905
    endloop
  endfacet
  facet normal -1 0 0
    outer loop
      vertex 53.75 1.25 13
      vertex 53.75 1.1847369038899742 13.995722430686905
      vertex 53.75 1.25 14
    endloop
  endfacet
  facet normal -3.021001557225547e-19 0.7518398074789762 -0.6593458151000703
    outer loop
      vertex 46.25 0.8533233298543824 13.80438071450436
      vertex 46.25 0.8964466094067263 13.853553390593273
      vertex 53.75 0.8964466094067263 13.853553390593273
    endloop
  endfacet
  facet normal 0 0.659345815100082 -0.751839807478966
    outer loop
      vertex 46.25 0.8964466094067263 13.853553390593273
      vertex 46.25 0.9456192854956397 13.896676670145618
      vertex 53.75 0.8964466094067263 13.853553390593273
    endloop
  endfacet
  facet normal 0 0.5555702330195879 -0.8314696123025549
    outer loop
      vertex 46.25 0.9456192854956397 13.896676670145618
      vertex 46.25 1 13.933012701892219
      vertex 53.75 0.9456192854956397 13.896676670145618
    endloop
  endfacet
  facet normal 0 0.44228869021900374 -0.8968727415326871
    outer loop
      vertex 46.25 1 13.933012701892219
      vertex 46.25 1.0586582838174552 13.961939766255643
      vertex 53.75 1 13.933012701892219
    endloop
  endfacet
  facet normal 0 0.32143946530317513 -0.946930129495101
    outer loop
      vertex 46.25 1.0586582838174552 13.961939766255643
      vertex 46.25 1.1205904774487396 13.982962913144535
      vertex 53.75 1.0586582838174552 13.961939766255643
    endloop
  endfacet
  facet normal 0 0.19509032201612297 -0.9807852804032314
    outer loop
      vertex 46.25 1.1205904774487396 13.982962913144535
      vertex 46.25 1.1847369038899742 13.995722430686905
      vertex 53.75 1.1205904774487396 13.982962913144535
    endloop
  endfacet
  facet normal 0 0.06540312923013906 -0.9978589232386037
    outer loop
      vertex 46.25 1.1847369038899742 13.995722430686905
      vertex 46.25 1.25 14
      vertex 53.75 1.1847369038899742 13.995722430686905
    endloop
  endfacet
  facet normal 0 0.7518398074789762 -0.6593458151000703
    outer loop
      vertex 46.25 0.8533233298543824 13.80438071450436
      vertex 53.75 0.8964466094067263 13.853553390593273
      vertex 53.75 0.8533233298543824 13.80438071450436
    endloop
  endfacet
  facet normal 0 0.659345815100082 -0.751839807478966
    outer loop
      vertex 46.25 0.9456192854956397 13.896676670145618
      vertex 53.75 0.9456192854956397 13.896676670145618
      vertex 53.75 0.8964466094067263 13.853553390593273
    endloop
  endfacet
  facet normal 0 0.5555702330195879 -0.8314696123025549
    outer loop
      vertex 46.25 1 13.933012701892219
      vertex 53.75 1 13.933012701892219
      vertex 53.75 0.9456192854956397 13.896676670145618
    endloop
  endfacet
  facet normal 0 0.44228869021900374 -0.8968727415326871
    outer loop
      vertex 46.25 1.0586582838174552 13.961939766255643
      vertex 53.75 1.0586582838174552 13.961939766255643
      vertex 53.75 1 13.933012701892219
    endloop
  endfacet
  facet normal 0 0.32143946530317513 -0.946930129495101
    outer loop
      vertex 46.25 1.1205904774487396 13.982962913144535
      vertex 53.75 1.1205904774487396 13.982962913144535
      vertex 53.75 1.0586582838174552 13.961939766255643
    endloop
  endfacet
  facet normal 0 0.19509032201612297 -0.9807852804032314
    outer loop
      vertex 46.25 1.1847369038899742 13.995722430686905
      vertex 53.75 1.1847369038899742 13.995722430686905
      vertex 53.75 1.1205904774487396 13.982962913144535
    endloop
  endfacet
  facet normal 0 0.06540312923013906 -0.9978589232386037
    outer loop
      vertex 46.25 1.25 14
      vertex 53.75 1.25 14
      vertex 53.75 1.1847369038899742 13.995722430686905
    endloop
  endfacet
  facet normal 1 0 0
    outer loop
      vertex 46.25 20.75 13
      vertex 46.25 20.815263096110026 13.004277569313095
      vertex 46.25 20.815263096110026 13.995722430686905
    endloop
  endfacet
  facet normal 1 0 0
    outer loop
      vertex 46.25 20.815263096110026 13.004277569313095
      vertex 46.25 20.87940952255126 13.017037086855465
      vertex 46.25 20.87940952255126 13.982962913144535
    endloop
  endfacet
  facet normal 1 0 0
    outer loop
      vertex 46.25 20.87940952255126 13.017037086855465
      vertex 46.25 20.941341716182546 13.038060233744357
      vertex 46.25 20.941341716182546 13.961939766255643
    endloop
  endfacet
  facet normal 1 0 0
    outer loop
      vertex 46.25 20.75 13
      vertex 46.25 20.815263096110026 13.995722430686905
      vertex 46.25 20.75 14
    endloop
  endfacet
  facet normal 1 0 0
    outer loop
      vertex 46.25 20.815263096110026 13.004277569313095
      vertex 46.25 20.87940952255126 13.982962913144535
      vertex 46.25 20.815263096110026 13.995722430686905
    endloop
  endfacet
  facet normal 1 0 0
    outer loop
      vertex 46.25 20.87940952255126 13.017037086855465
      vertex 46.25 20.941341716182546 13.961939766255643
      vertex 46.25 20.87940952255126 13.982962913144535
    endloop
  endfacet
  facet normal 1 0 0
    outer loop
      vertex 46.25 20.941341716182546 13.038060233744357
      vertex 46.25 21 13.933012701892219
      vertex 46.25 20.941341716182546 13.961939766255643
    endloop
  endfacet
  facet normal 1 0 0
    outer loop
      vertex 46.25 20.941341716182546 13.038060233744357
      vertex 46.25 21 13.066987298107781
      vertex 46.25 21 13.933012701892219
    endloop
  endfacet
  facet normal 1 0 0
    outer loop
      vertex 46.25 21 13.066987298107781
      vertex 46.25 21.05438071450436 13.103323329854382
      vertex 46.25 21.05438071450436 13.896676670145618
    endloop
  endfacet
  facet normal 1 0 0
    outer loop
      vertex 46.25 21.05438071450436 13.103323329854382
      vertex 46.25 21.103553390593273 13.146446609406727
      vertex 46.25 21.103553390593273 13.853553390593273
    endloop
  endfacet
  facet normal 1 0 0
    outer loop
      vertex 46.25 21.103553390593273 13.146446609406727
      vertex 46.25 21.146676670145617 13.19561928549564
      vertex 46.25 21.146676670145617 13.80438071450436
    endloop
  endfacet
  facet normal 1 0 0
    outer loop
      vertex 46.25 21.146676670145617 13.19561928549564
      vertex 46.25 21.18301270189222 13.25
      vertex 46.25 21.18301270189222 13.75
    endloop
  endfacet
  facet normal 1 0 0
    outer loop
      vertex 46.25 21.18301270189222 13.25
      vertex 46.25 21.211939766255643 13.308658283817454
      vertex 46.25 21.211939766255643 13.691341716182546
    endloop
  endfacet
  facet normal 1 0 0
    outer loop
      vertex 46.25 21.211939766255643 13.308658283817454
      vertex 46.25 21.232962913144533 13.37059047744874
      vertex 46.25 21.232962913144533 13.62940952255126
    endloop
  endfacet
  facet normal 1 0 0
    outer loop
      vertex 46.25 21.211939766255643 13.308658283817454
      vertex 46.25 21.232962913144533 13.62940952255126
      vertex 46.25 21.211939766255643 13.691341716182546
    endloop
  endfacet
  facet normal 1 0 0
    outer loop
      vertex 46.25 21.232962913144533 13.37059047744874
      vertex 46.25 21.245722430686904 13.434736903889974
      vertex 46.25 21.245722430686904 13.565263096110026
    endloop
  endfacet
  facet normal 1 0 0
    outer loop
      vertex 46.25 21.245722430686904 13.434736903889974
      vertex 46.25 21.25 13.5
      vertex 46.25 21.245722430686904 13.565263096110026
    endloop
  endfacet
  facet normal 1 0 0
    outer loop
      vertex 46.25 21.232962913144533 13.37059047744874
      vertex 46.25 21.245722430686904 13.565263096110026
      vertex 46.25 21.232962913144533 13.62940952255126
    endloop
  endfacet
  facet normal 1 0 0
    outer loop
      vertex 46.25 21 13.066987298107781
      vertex 46.25 21.05438071450436 13.896676670145618
      vertex 46.25 21 13.933012701892219
    endloop
  endfacet
  facet normal 1 0 0
    outer loop
      vertex 46.25 21.103553390593273 13.146446609406727
      vertex 46.25 21.146676670145617 13.80438071450436
      vertex 46.25 21.103553390593273 13.853553390593273
    endloop
  endfacet
  facet normal 1 0 0
    outer loop
      vertex 46.25 21.05438071450436 13.103323329854382
      vertex 46.25 21.103553390593273 13.853553390593273
      vertex 46.25 21.05438071450436 13.896676670145618
    endloop
  endfacet
  facet normal 1 0 0
    outer loop
      vertex 46.25 21.146676670145617 13.19561928549564
      vertex 46.25 21.18301270189222 13.75
      vertex 46.25 21.146676670145617 13.80438071450436
    endloop
  endfacet
  facet normal 1 0 0
    outer loop
      vertex 46.25 21.18301270189222 13.25
      vertex 46.25 21.211939766255643 13.691341716182546
      vertex 46.25 21.18301270189222 13.75
    endloop
  endfacet
  facet normal 1.1288590102911352e-20 -0.0654031292301384 0.9978589232386038
    outer loop
      vertex 46.25 20.75 13
      vertex 53.75 20.815263096110026 13.004277569313095
      vertex 46.25 20.815263096110026 13.004277569313095
    endloop
  endfacet
  facet normal 7.786825081200892e-20 -0.19509032201612622 0.9807852804032308
    outer loop
      vertex 46.25 20.815263096110026 13.004277569313095
      vertex 53.75 20.87940952255126 13.017037086855465
      vertex 46.25 20.87940952255126 13.017037086855465
    endloop
  endfacet
  facet normal 1.1022836738195446e-19 -0.3214394653031689 0.9469301294951031
    outer loop
      vertex 46.25 20.87940952255126 13.017037086855465
      vertex 53.75 20.941341716182546 13.038060233744357
      vertex 46.25 20.941341716182546 13.038060233744357
    endloop
  endfacet
  facet normal -9.790357374420419e-20 -0.4422886902190091 0.8968727415326844
    outer loop
      vertex 46.25 20.941341716182546 13.038060233744357
      vertex 53.75 21 13.066987298107781
      vertex 46.25 21 13.066987298107781
    endloop
  endfacet
  facet normal -1.5345878446704287e-19 -0.5555702330195792 0.8314696123025607
    outer loop
      vertex 46.25 21 13.066987298107781
      vertex 53.75 21.05438071450436 13.103323329854382
      vertex 46.25 21.05438071450436 13.103323329854382
    endloop
  endfacet
  facet normal -2.899762587623836e-19 -0.6593458151000963 0.7518398074789534
    outer loop
      vertex 46.25 21.05438071450436 13.103323329854382
      vertex 53.75 21.103553390593273 13.146446609406727
      vertex 46.25 21.103553390593273 13.146446609406727
    endloop
  endfacet
  facet normal 0 -0.7518398074789787 0.6593458151000674
    outer loop
      vertex 46.25 21.103553390593273 13.146446609406727
      vertex 53.75 21.103553390593273 13.146446609406727
      vertex 46.25 21.146676670145617 13.19561928549564
    endloop
  endfacet
  facet normal 0 -0.8314696123025271 0.5555702330196293
    outer loop
      vertex 46.25 21.146676670145617 13.19561928549564
      vertex 53.75 21.146676670145617 13.19561928549564
      vertex 46.25 21.18301270189222 13.25
    endloop
  endfacet
  facet normal 0 -0.8968727415326953 0.4422886902189873
    outer loop
      vertex 46.25 21.18301270189222 13.25
      vertex 53.75 21.18301270189222 13.25
      vertex 46.25 21.211939766255643 13.308658283817454
    endloop
  endfacet
  facet normal 0 -0.0654031292301384 0.9978589232386038
    outer loop
      vertex 46.25 20.75 13
      vertex 53.75 20.75 13
      vertex 53.75 20.815263096110026 13.004277569313095
    endloop
  endfacet
  facet normal 0 -0.19509032201612622 0.9807852804032308
    outer loop
      vertex 46.25 20.815263096110026 13.004277569313095
      vertex 53.75 20.815263096110026 13.004277569313095
      vertex 53.75 20.87940952255126 13.017037086855465
    endloop
  endfacet
  facet normal 0 -0.3214394653031689 0.9469301294951031
    outer loop
      vertex 46.25 20.87940952255126 13.017037086855465
      vertex 53.75 20.87940952255126 13.017037086855465
      vertex 53.75 20.941341716182546 13.038060233744357
    endloop
  endfacet
  facet normal 0 -0.4422886902190091 0.8968727415326844
    outer loop
      vertex 46.25 20.941341716182546 13.038060233744357
      vertex 53.75 20.941341716182546 13.038060233744357
      vertex 53.75 21 13.066987298107781
    endloop
  endfacet
  facet normal 0 -0.5555702330195792 0.8314696123025607
    outer loop
      vertex 46.25 21 13.066987298107781
      vertex 53.75 21 13.066987298107781
      vertex 53.75 21.05438071450436 13.103323329854382
    endloop
  endfacet
  facet normal 0 -0.6593458151000963 0.7518398074789534
    outer loop
      vertex 46.25 21.05438071450436 13.103323329854382
      vertex 53.75 21.05438071450436 13.103323329854382
      vertex 53.75 21.103553390593273 13.146446609406727
    endloop
  endfacet
  facet normal 0 -0.7518398074789787 0.6593458151000674
    outer loop
      vertex 46.25 21.146676670145617 13.19561928549564
      vertex 53.75 21.103553390593273 13.146446609406727
      vertex 53.75 21.146676670145617 13.19561928549564
    endloop
  endfacet
  facet normal 0 -0.8314696123025271 0.5555702330196293
    outer loop
      vertex 46.25 21.18301270189222 13.25
      vertex 53.75 21.146676670145617 13.19561928549564
      vertex 53.75 21.18301270189222 13.25
    endloop
  endfacet
  facet normal 0 -0.9469301294951115 0.32143946530314454
    outer loop
      vertex 46.25 21.211939766255643 13.308658283817454
      vertex 53.75 21.211939766255643 13.308658283817454
      vertex 46.25 21.232962913144533 13.37059047744874
    endloop
  endfacet
  facet normal 0 -0.9807852804032308 0.19509032201612622
    outer loop
      vertex 46.25 21.232962913144533 13.37059047744874
      vertex 53.75 21.232962913144533 13.37059047744874
      vertex 46.25 21.245722430686904 13.434736903889974
    endloop
  endfacet
  facet normal 0 -0.9978589232386019 0.06540312923016545
    outer loop
      vertex 46.25 21.245722430686904 13.434736903889974
      vertex 53.75 21.245722430686904 13.434736903889974
      vertex 46.25 21.25 13.5
    endloop
  endfacet
  facet normal 0 -0.9978589232386019 -0.06540312923016545
    outer loop
      vertex 46.25 21.25 13.5
      vertex 53.75 21.25 13.5
      vertex 46.25 21.245722430686904 13.565263096110026
    endloop
  endfacet
  facet normal 0 -0.9469301294951115 -0.32143946530314454
    outer loop
      vertex 46.25 21.232962913144533 13.62940952255126
      vertex 53.75 21.232962913144533 13.62940952255126
      vertex 46.25 21.211939766255643 13.691341716182546
    endloop
  endfacet
  facet normal 0 -0.9807852804032308 -0.19509032201612622
    outer loop
      vertex 46.25 21.245722430686904 13.565263096110026
      vertex 53.75 21.245722430686904 13.565263096110026
      vertex 46.25 21.232962913144533 13.62940952255126
    endloop
  endfacet
  facet normal 0 -0.8968727415326953 -0.4422886902189873
    outer loop
      vertex 46.25 21.211939766255643 13.691341716182546
      vertex 53.75 21.211939766255643 13.691341716182546
      vertex 46.25 21.18301270189222 13.75
    endloop
  endfacet
  facet normal 0 -0.8314696123025271 -0.5555702330196293
    outer loop
      vertex 46.25 21.18301270189222 13.75
      vertex 53.75 21.18301270189222 13.75
      vertex 46.25 21.146676670145617 13.80438071450436
    endloop
  endfacet
  facet normal 0 -0.8968727415326953 0.4422886902189873
    outer loop
      vertex 46.25 21.211939766255643 13.308658283817454
      vertex 53.75 21.18301270189222 13.25
      vertex 53.75 21.211939766255643 13.308658283817454
    endloop
  endfacet
  facet normal 0 -0.9469301294951115 0.32143946530314454
    outer loop
      vertex 46.25 21.232962913144533 13.37059047744874
      vertex 53.75 21.211939766255643 13.308658283817454
      vertex 53.75 21.232962913144533 13.37059047744874
    endloop
  endfacet
  facet normal 0 -0.9807852804032308 0.19509032201612622
    outer loop
      vertex 46.25 21.245722430686904 13.434736903889974
      vertex 53.75 21.232962913144533 13.37059047744874
      vertex 53.75 21.245722430686904 13.434736903889974
    endloop
  endfacet
  facet normal 0 -0.9978589232386019 0.06540312923016545
    outer loop
      vertex 46.25 21.25 13.5
      vertex 53.75 21.245722430686904 13.434736903889974
      vertex 53.75 21.25 13.5
    endloop
  endfacet
  facet normal 0 -0.9978589232386019 -0.06540312923016545
    outer loop
      vertex 46.25 21.245722430686904 13.565263096110026
      vertex 53.75 21.25 13.5
      vertex 53.75 21.245722430686904 13.565263096110026
    endloop
  endfacet
  facet normal 0 -0.9469301294951115 -0.32143946530314454
    outer loop
      vertex 46.25 21.211939766255643 13.691341716182546
      vertex 53.75 21.232962913144533 13.62940952255126
      vertex 53.75 21.211939766255643 13.691341716182546
    endloop
  endfacet
  facet normal 0 -0.9807852804032308 -0.19509032201612622
    outer loop
      vertex 46.25 21.232962913144533 13.62940952255126
      vertex 53.75 21.245722430686904 13.565263096110026
      vertex 53.75 21.232962913144533 13.62940952255126
    endloop
  endfacet
  facet normal 0 -0.8968727415326953 -0.4422886902189873
    outer loop
      vertex 46.25 21.18301270189222 13.75
      vertex 53.75 21.211939766255643 13.691341716182546
      vertex 53.75 21.18301270189222 13.75
    endloop
  endfacet
  facet normal 0 -0.8314696123025271 -0.5555702330196293
    outer loop
      vertex 46.25 21.146676670145617 13.80438071450436
      vertex 53.75 21.18301270189222 13.75
      vertex 53.75 21.146676670145617 13.80438071450436
    endloop
  endfacet
  facet normal -1 0 0
    outer loop
      vertex 53.75 20.75 13
      vertex 53.75 20.75 14
      vertex 53.75 20.815263096110026 13.004277569313095
    endloop
  endfacet
  facet normal -1 0 0
    outer loop
      vertex 53.75 20.815263096110026 13.004277569313095
      vertex 53.75 20.815263096110026 13.995722430686905
      vertex 53.75 20.87940952255126 13.017037086855465
    endloop
  endfacet
  facet normal -1 0 0
    outer loop
      vertex 53.75 20.87940952255126 13.017037086855465
      vertex 53.75 20.87940952255126 13.982962913144535
      vertex 53.75 20.941341716182546 13.038060233744357
    endloop
  endfacet
  facet normal -1 0 0
    outer loop
      vertex 53.75 20.941341716182546 13.038060233744357
      vertex 53.75 20.941341716182546 13.961939766255643
      vertex 53.75 21 13.066987298107781
    endloop
  endfacet
  facet normal -1 0 0
    outer loop
      vertex 53.75 20.815263096110026 13.004277569313095
      vertex 53.75 20.75 14
      vertex 53.75 20.815263096110026 13.995722430686905
    endloop
  endfacet
  facet normal -1 0 0
    outer loop
      vertex 53.75 20.87940952255126 13.017037086855465
      vertex 53.75 20.815263096110026 13.995722430686905
      vertex 53.75 20.87940952255126 13.982962913144535
    endloop
  endfacet
  facet normal -1 0 0
    outer loop
      vertex 53.75 20.941341716182546 13.038060233744357
      vertex 53.75 20.87940952255126 13.982962913144535
      vertex 53.75 20.941341716182546 13.961939766255643
    endloop
  endfacet
  facet normal -1 0 0
    outer loop
      vertex 53.75 21 13.066987298107781
      vertex 53.75 21 13.933012701892219
      vertex 53.75 21.05438071450436 13.103323329854382
    endloop
  endfacet
  facet normal -1 0 0
    outer loop
      vertex 53.75 21.05438071450436 13.103323329854382
      vertex 53.75 21.05438071450436 13.896676670145618
      vertex 53.75 21.103553390593273 13.146446609406727
    endloop
  endfacet
  facet normal -1 0 0
    outer loop
      vertex 53.75 21.103553390593273 13.146446609406727
      vertex 53.75 21.103553390593273 13.853553390593273
      vertex 53.75 21.146676670145617 13.19561928549564
    endloop
  endfacet
  facet normal -1 0 0
    outer loop
      vertex 53.75 21.146676670145617 13.19561928549564
      vertex 53.75 21.146676670145617 13.80438071450436
      vertex 53.75 21.18301270189222 13.25
    endloop
  endfacet
  facet normal -1 0 0
    outer loop
      vertex 53.75 21.18301270189222 13.25
      vertex 53.75 21.18301270189222 13.75
      vertex 53.75 21.211939766255643 13.308658283817454
    endloop
  endfacet
  facet normal -1 0 0
    outer loop
      vertex 53.75 21.211939766255643 13.308658283817454
      vertex 53.75 21.211939766255643 13.691341716182546
      vertex 53.75 21.232962913144533 13.37059047744874
    endloop
  endfacet
  facet normal -1 0 0
    outer loop
      vertex 53.75 21.232962913144533 13.37059047744874
      vertex 53.75 21.232962913144533 13.62940952255126
      vertex 53.75 21.245722430686904 13.434736903889974
    endloop
  endfacet
  facet normal -1 0 0
    outer loop
      vertex 53.75 21.245722430686904 13.434736903889974
      vertex 53.75 21.245722430686904 13.565263096110026
      vertex 53.75 21.25 13.5
    endloop
  endfacet
  facet normal -1 0 0
    outer loop
      vertex 53.75 21.245722430686904 13.434736903889974
      vertex 53.75 21.232962913144533 13.62940952255126
      vertex 53.75 21.245722430686904 13.565263096110026
    endloop
  endfacet
  facet normal -1 0 0
    outer loop
      vertex 53.75 21 13.066987298107781
      vertex 53.75 20.941341716182546 13.961939766255643
      vertex 53.75 21 13.933012701892219
    endloop
  endfacet
  facet normal -1 0 0
    outer loop
      vertex 53.75 21.05438071450436 13.103323329854382
      vertex 53.75 21 13.933012701892219
      vertex 53.75 21.05438071450436 13.896676670145618
    endloop
  endfacet
  facet normal -1 0 0
    outer loop
      vertex 53.75 21.103553390593273 13.146446609406727
      vertex 53.75 21.05438071450436 13.896676670145618
      vertex 53.75 21.103553390593273 13.853553390593273
    endloop
  endfacet
  facet normal -1 0 0
    outer loop
      vertex 53.75 21.146676670145617 13.19561928549564
      vertex 53.75 21.103553390593273 13.853553390593273
      vertex 53.75 21.146676670145617 13.80438071450436
    endloop
  endfacet
  facet normal -1 0 0
    outer loop
      vertex 53.75 21.18301270189222 13.25
      vertex 53.75 21.146676670145617 13.80438071450436
      vertex 53.75 21.18301270189222 13.75
    endloop
  endfacet
  facet normal -1 0 0
    outer loop
      vertex 53.75 21.232962913144533 13.37059047744874
      vertex 53.75 21.211939766255643 13.691341716182546
      vertex 53.75 21.232962913144533 13.62940952255126
    endloop
  endfacet
  facet normal -1 0 0
    outer loop
      vertex 53.75 21.211939766255643 13.308658283817454
      vertex 53.75 21.18301270189222 13.75
      vertex 53.75 21.211939766255643 13.691341716182546
    endloop
  endfacet
  facet normal 0 -0.0654031292301384 -0.9978589232386038
    outer loop
      vertex 46.25 20.75 14
      vertex 46.25 20.815263096110026 13.995722430686905
      vertex 53.75 20.75 14
    endloop
  endfacet
  facet normal 0 -0.19509032201612622 -0.9807852804032308
    outer loop
      vertex 46.25 20.815263096110026 13.995722430686905
      vertex 46.25 20.87940952255126 13.982962913144535
      vertex 53.75 20.815263096110026 13.995722430686905
    endloop
  endfacet
  facet normal 0 -0.3214394653031689 -0.9469301294951031
    outer loop
      vertex 46.25 20.87940952255126 13.982962913144535
      vertex 46.25 20.941341716182546 13.961939766255643
      vertex 53.75 20.87940952255126 13.982962913144535
    endloop
  endfacet
  facet normal 0 -0.4422886902190091 -0.8968727415326844
    outer loop
      vertex 46.25 20.941341716182546 13.961939766255643
      vertex 46.25 21 13.933012701892219
      vertex 53.75 20.941341716182546 13.961939766255643
    endloop
  endfacet
  facet normal 0 -0.5555702330195792 -0.8314696123025607
    outer loop
      vertex 46.25 21 13.933012701892219
      vertex 46.25 21.05438071450436 13.896676670145618
      vertex 53.75 21 13.933012701892219
    endloop
  endfacet
  facet normal 0 -0.7518398074789787 -0.6593458151000674
    outer loop
      vertex 46.25 21.146676670145617 13.80438071450436
      vertex 53.75 21.146676670145617 13.80438071450436
      vertex 46.25 21.103553390593273 13.853553390593273
    endloop
  endfacet
  facet normal 0 -0.6593458151000963 -0.7518398074789534
    outer loop
      vertex 46.25 21.05438071450436 13.896676670145618
      vertex 46.25 21.103553390593273 13.853553390593273
      vertex 53.75 21.05438071450436 13.896676670145618
    endloop
  endfacet
  facet normal 0 -0.0654031292301384 -0.9978589232386038
    outer loop
      vertex 46.25 20.815263096110026 13.995722430686905
      vertex 53.75 20.815263096110026 13.995722430686905
      vertex 53.75 20.75 14
    endloop
  endfacet
  facet normal 0 -0.19509032201612622 -0.9807852804032308
    outer loop
      vertex 46.25 20.87940952255126 13.982962913144535
      vertex 53.75 20.87940952255126 13.982962913144535
      vertex 53.75 20.815263096110026 13.995722430686905
    endloop
  endfacet
  facet normal 0 -0.3214394653031689 -0.9469301294951031
    outer loop
      vertex 46.25 20.941341716182546 13.961939766255643
      vertex 53.75 20.941341716182546 13.961939766255643
      vertex 53.75 20.87940952255126 13.982962913144535
    endloop
  endfacet
  facet normal 0 -0.4422886902190091 -0.8968727415326844
    outer loop
      vertex 46.25 21 13.933012701892219
      vertex 53.75 21 13.933012701892219
      vertex 53.75 20.941341716182546 13.961939766255643
    endloop
  endfacet
  facet normal 0 -0.5555702330195792 -0.8314696123025607
    outer loop
      vertex 46.25 21.05438071450436 13.896676670145618
      vertex 53.75 21.05438071450436 13.896676670145618
      vertex 53.75 21 13.933012701892219
    endloop
  endfacet
  facet normal 0 -0.6593458151000963 -0.7518398074789534
    outer loop
      vertex 46.25 21.103553390593273 13.853553390593273
      vertex 53.75 21.103553390593273 13.853553390593273
      vertex 53.75 21.05438071450436 13.896676670145618
    endloop
  endfacet
  facet normal 0 -0.7518398074789787 -0.6593458151000674
    outer loop
      vertex 46.25 21.103553390593273 13.853553390593273
      vertex 53.75 21.146676670145617 13.80438071450436
      vertex 53.75 21.103553390593273 13.853553390593273
    endloop
  endfacet
  facet normal 1.557076206140979e-19 0.5555702330195973 0.8314696123025486
    outer loop
      vertex 118.25 0.9760573569460758 8.892990996868944
      vertex 124.75 1.025 8.860288568297003
      vertex 118.25 1.025 8.860288568297003
    endloop
  endfacet
  facet normal -1.6557269052779236e-19 0.7518398074789707 0.6593458151000766
    outer loop
      vertex 118.25 0.9318019484660536 8.931801948466054
      vertex 118.25 0.8929909968689442 8.976057356946075
      vertex 124.75 0.8929909968689442 8.976057356946075
    endloop
  endfacet
  facet normal 1.8378148019646465e-20 0.8314696123025488 0.5555702330195968
    outer loop
      vertex 118.25 0.8929909968689442 8.976057356946075
      vertex 118.25 0.8602885682970026 9.025
      vertex 124.75 0.8602885682970026 9.025
    endloop
  endfacet
  facet normal 0 0.6593458151000757 0.7518398074789714
    outer loop
      vertex 118.25 0.9760573569460758 8.892990996868944
      vertex 118.25 0.9318019484660536 8.931801948466054
      vertex 124.75 0.9760573569460758 8.892990996868944
    endloop
  endfacet
  facet normal -7.652834542959897e-20 0.32143946530315076 0.9469301294951094
    outer loop
      vertex 118.25 1.0777924554357097 8.83425421036992
      vertex 124.75 1.1335314297038657 8.81533337816992
      vertex 118.25 1.1335314297038657 8.81533337816992
    endloop
  endfacet
  facet normal -2.563690175334827e-20 0.4422886902190153 0.8968727415326814
    outer loop
      vertex 118.25 1.025 8.860288568297003
      vertex 124.75 1.0777924554357097 8.83425421036992
      vertex 118.25 1.0777924554357097 8.83425421036992
    endloop
  endfacet
  facet normal 2.2688468401648403e-20 0.19509032201614016 0.980785280403228
    outer loop
      vertex 118.25 1.1335314297038657 8.81533337816992
      vertex 124.75 1.1912632135009769 8.803849812381785
      vertex 118.25 1.1912632135009769 8.803849812381785
    endloop
  endfacet
  facet normal -1.6340507974258348e-20 0.06540312923011812 0.9978589232386053
    outer loop
      vertex 118.25 1.1912632135009769 8.803849812381785
      vertex 124.75 1.25 8.8
      vertex 118.25 1.25 8.8
    endloop
  endfacet
  facet normal 1 0 0
    outer loop
      vertex 118.25 0.8153333781699192 9.133531429703865
      vertex 118.25 0.8153333781699192 9.366468570296135
      vertex 118.25 0.8038498123817853 9.191263213500976
    endloop
  endfacet
  facet normal 1 0 0
    outer loop
      vertex 118.25 0.8602885682970026 9.025
      vertex 118.25 0.8602885682970026 9.475
      vertex 118.25 0.834254210369921 9.07779245543571
    endloop
  endfacet
  facet normal 1 0 0
    outer loop
      vertex 118.25 0.834254210369921 9.07779245543571
      vertex 118.25 0.834254210369921 9.42220754456429
      vertex 118.25 0.8153333781699192 9.133531429703865
    endloop
  endfacet
  facet normal 1 0 0
    outer loop
      vertex 118.25 0.8038498123817853 9.191263213500976
      vertex 118.25 0.8038498123817853 9.308736786499024
      vertex 118.25 0.8 9.25
    endloop
  endfacet
  facet normal 1 0 0
    outer loop
      vertex 118.25 0.8038498123817853 9.191263213500976
      vertex 118.25 0.8153333781699192 9.366468570296135
      vertex 118.25 0.8038498123817853 9.308736786499024
    endloop
  endfacet
  facet normal 1 0 0
    outer loop
      vertex 118.25 0.9318019484660536 8.931801948466054
      vertex 118.25 0.9318019484660536 9.568198051533946
      vertex 118.25 0.8929909968689442 8.976057356946075
    endloop
  endfacet
  facet normal 1 0 0
    outer loop
      vertex 118.25 0.9760573569460758 8.892990996868944
      vertex 118.25 0.9760573569460758 9.607009003131056
      vertex 118.25 0.9318019484660536 8.931801948466054
    endloop
  endfacet
  facet normal 1 0 0
    outer loop
      vertex 118.25 0.9760573569460758 8.892990996868944
      vertex 118.25 1.025 8.860288568297003
      vertex 118.25 1.025 9.639711431702997
    endloop
  endfacet
  facet normal 1 0 0
    outer loop
      vertex 118.25 0.8929909968689442 8.976057356946075
      vertex 118.25 0.8929909968689442 9.523942643053925
      vertex 118.25 0.8602885682970026 9.025
    endloop
  endfacet
  facet normal 1 0 0
    outer loop
      vertex 118.25 0.8153333781699192 9.133531429703865
      vertex 118.25 0.834254210369921 9.42220754456429
      vertex 118.25 0.8153333781699192 9.366468570296135
    endloop
  endfacet
  facet normal 1 0 0
    outer loop
      vertex 118.25 0.834254210369921 9.07779245543571
      vertex 118.25 0.8602885682970026 9.475
      vertex 118.25 0.834254210369921 9.42220754456429
    endloop
  endfacet
  facet normal 1 0 0
    outer loop
      vertex 118.25 0.8602885682970026 9.025
      vertex 118.25 0.8929909968689442 9.523942643053925
      vertex 118.25 0.8602885682970026 9.475
    endloop
  endfacet
  facet normal 1 0 0
    outer loop
      vertex 118.25 0.8929909968689442 8.976057356946075
      vertex 118.25 0.9318019484660536 9.568198051533946
      vertex 118.25 0.8929909968689442 9.523942643053925
    endloop
  endfacet
  facet normal 1 0 0
    outer loop
      vertex 118.25 0.9318019484660536 8.931801948466054
      vertex 118.25 0.9760573569460758 9.607009003131056
      vertex 118.25 0.9318019484660536 9.568198051533946
    endloop
  endfacet
  facet normal 1 0 0
    outer loop
      vertex 118.25 0.9760573569460758 8.892990996868944
      vertex 118.25 1.025 9.639711431702997
      vertex 118.25 0.9760573569460758 9.607009003131056
    endloop
  endfacet
  facet normal 1 0 0
    outer loop
      vertex 118.25 1.025 8.860288568297003
      vertex 118.25 1.0777924554357097 8.83425421036992
      vertex 118.25 1.0777924554357097 9.66574578963008
    endloop
  endfacet
  facet normal 1 0 0
    outer loop
      vertex 118.25 1.0777924554357097 8.83425421036992
      vertex 118.25 1.1335314297038657 8.81533337816992
      vertex 118.25 1.1335314297038657 9.68466662183008
    endloop
  endfacet
  facet normal 1 0 0
    outer loop
      vertex 118.25 1.1335314297038657 8.81533337816992
      vertex 118.25 1.1912632135009769 8.803849812381785
      vertex 118.25 1.1912632135009769 9.696150187618215
    endloop
  endfacet
  facet normal 1 0 0
    outer loop
      vertex 118.25 1.1912632135009769 8.803849812381785
      vertex 118.25 1.25 8.8
      vertex 118.25 1.25 9.7
    endloop
  endfacet
  facet normal 1 0 0
    outer loop
      vertex 118.25 1.025 8.860288568297003
      vertex 118.25 1.0777924554357097 9.66574578963008
      vertex 118.25 1.025 9.639711431702997
    endloop
  endfacet
  facet normal 1 0 0
    outer loop
      vertex 118.25 1.0777924554357097 8.83425421036992
      vertex 118.25 1.1335314297038657 9.68466662183008
      vertex 118.25 1.0777924554357097 9.66574578963008
    endloop
  endfacet
  facet normal 1 0 0
    outer loop
      vertex 118.25 1.1335314297038657 8.81533337816992
      vertex 118.25 1.1912632135009769 9.696150187618215
      vertex 118.25 1.1335314297038657 9.68466662183008
    endloop
  endfacet
  facet normal 1 0 0
    outer loop
      vertex 118.25 1.1912632135009769 8.803849812381785
      vertex 118.25 1.25 9.7
      vertex 118.25 1.1912632135009769 9.696150187618215
    endloop
  endfacet
  facet normal -6.298416363399479e-20 0.8968727415326859 0.4422886902190061
    outer loop
      vertex 118.25 0.8602885682970026 9.025
      vertex 118.25 0.834254210369921 9.07779245543571
      vertex 124.75 0.834254210369921 9.07779245543571
    endloop
  endfacet
  facet normal 2.671718084075559e-19 0.946930129495105 0.3214394653031638
    outer loop
      vertex 118.25 0.834254210369921 9.07779245543571
      vertex 118.25 0.8153333781699192 9.133531429703865
      vertex 124.75 0.8153333781699192 9.133531429703865
    endloop
  endfacet
  facet normal -2.7914207056199083e-20 0.9807852804032307 0.1950903220161275
    outer loop
      vertex 118.25 0.8153333781699192 9.133531429703865
      vertex 118.25 0.8038498123817853 9.191263213500976
      vertex 124.75 0.8038498123817853 9.191263213500976
    endloop
  endfacet
  facet normal -3.259161141863987e-20 0.9978589232386036 0.06540312923014178
    outer loop
      vertex 118.25 0.8038498123817853 9.191263213500976
      vertex 118.25 0.8 9.25
      vertex 124.75 0.8 9.25
    endloop
  endfacet
  facet normal 3.259161141863987e-20 0.9978589232386036 -0.06540312923014178
    outer loop
      vertex 118.25 0.8 9.25
      vertex 118.25 0.8038498123817853 9.308736786499024
      vertex 124.75 0.8038498123817853 9.308736786499024
    endloop
  endfacet
  facet normal 2.7914207056199083e-20 0.9807852804032307 -0.1950903220161275
    outer loop
      vertex 118.25 0.8038498123817853 9.308736786499024
      vertex 118.25 0.8153333781699192 9.366468570296135
      vertex 124.75 0.8153333781699192 9.366468570296135
    endloop
  endfacet
  facet normal -2.671718084075559e-19 0.946930129495105 -0.3214394653031638
    outer loop
      vertex 118.25 0.8153333781699192 9.366468570296135
      vertex 118.25 0.834254210369921 9.42220754456429
      vertex 124.75 0.834254210369921 9.42220754456429
    endloop
  endfacet
  facet normal 6.298416363399479e-20 0.8968727415326859 -0.4422886902190061
    outer loop
      vertex 118.25 0.834254210369921 9.42220754456429
      vertex 118.25 0.8602885682970026 9.475
      vertex 124.75 0.8602885682970026 9.475
    endloop
  endfacet
  facet normal -1.8378148019646465e-20 0.8314696123025488 -0.5555702330195968
    outer loop
      vertex 118.25 0.8602885682970026 9.475
      vertex 118.25 0.8929909968689442 9.523942643053925
      vertex 124.75 0.8929909968689442 9.523942643053925
    endloop
  endfacet
  facet normal 1.6557269052779236e-19 0.7518398074789707 -0.6593458151000766
    outer loop
      vertex 118.25 0.8929909968689442 9.523942643053925
      vertex 118.25 0.9318019484660536 9.568198051533946
      vertex 124.75 0.9318019484660536 9.568198051533946
    endloop
  endfacet
  facet normal 0 0.6593458151000757 -0.7518398074789714
    outer loop
      vertex 118.25 0.9318019484660536 9.568198051533946
      vertex 118.25 0.9760573569460758 9.607009003131056
      vertex 124.75 0.9318019484660536 9.568198051533946
    endloop
  endfacet
  facet normal 0 0.5555702330195973 -0.8314696123025486
    outer loop
      vertex 118.25 0.9760573569460758 9.607009003131056
      vertex 118.25 1.025 9.639711431702997
      vertex 124.75 0.9760573569460758 9.607009003131056
    endloop
  endfacet
  facet normal 0 0.4422886902190153 -0.8968727415326814
    outer loop
      vertex 118.25 1.025 9.639711431702997
      vertex 118.25 1.0777924554357097 9.66574578963008
      vertex 124.75 1.025 9.639711431702997
    endloop
  endfacet
  facet normal 0 0.32143946530315076 -0.9469301294951094
    outer loop
      vertex 118.25 1.0777924554357097 9.66574578963008
      vertex 118.25 1.1335314297038657 9.68466662183008
      vertex 124.75 1.0777924554357097 9.66574578963008
    endloop
  endfacet
  facet normal 0 0.19509032201614016 -0.980785280403228
    outer loop
      vertex 118.25 1.1335314297038657 9.68466662183008
      vertex 118.25 1.1912632135009769 9.696150187618215
      vertex 124.75 1.1335314297038657 9.68466662183008
    endloop
  endfacet
  facet normal 0 0.06540312923011812 -0.9978589232386053
    outer loop
      vertex 118.25 1.1912632135009769 9.696150187618215
      vertex 118.25 1.25 9.7
      vertex 124.75 1.1912632135009769 9.696150187618215
    endloop
  endfacet
  facet normal 0 0.5555702330195973 0.8314696123025486
    outer loop
      vertex 118.25 0.9760573569460758 8.892990996868944
      vertex 124.75 0.9760573569460758 8.892990996868944
      vertex 124.75 1.025 8.860288568297003
    endloop
  endfacet
  facet normal 0 0.7518398074789707 0.6593458151000766
    outer loop
      vertex 118.25 0.9318019484660536 8.931801948466054
      vertex 124.75 0.8929909968689442 8.976057356946075
      vertex 124.75 0.9318019484660536 8.931801948466054
    endloop
  endfacet
  facet normal 0 0.8314696123025488 0.5555702330195968
    outer loop
      vertex 118.25 0.8929909968689442 8.976057356946075
      vertex 124.75 0.8602885682970026 9.025
      vertex 124.75 0.8929909968689442 8.976057356946075
    endloop
  endfacet
  facet normal 0 0.6593458151000757 0.7518398074789714
    outer loop
      vertex 118.25 0.9318019484660536 8.931801948466054
      vertex 124.75 0.9318019484660536 8.931801948466054
      vertex 124.75 0.9760573569460758 8.892990996868944
    endloop
  endfacet
  facet normal 0 0.32143946530315076 0.9469301294951094
    outer loop
      vertex 118.25 1.0777924554357097 8.83425421036992
      vertex 124.75 1.0777924554357097 8.83425421036992
      vertex 124.75 1.1335314297038657 8.81533337816992
    endloop
  endfacet
  facet normal 0 0.4422886902190153 0.8968727415326814
    outer loop
      vertex 118.25 1.025 8.860288568297003
      vertex 124.75 1.025 8.860288568297003
      vertex 124.75 1.0777924554357097 8.83425421036992
    endloop
  endfacet
  facet normal 0 0.19509032201614016 0.980785280403228
    outer loop
      vertex 118.25 1.1335314297038657 8.81533337816992
      vertex 124.75 1.1335314297038657 8.81533337816992
      vertex 124.75 1.1912632135009769 8.803849812381785
    endloop
  endfacet
  facet normal 0 0.06540312923011812 0.9978589232386053
    outer loop
      vertex 118.25 1.1912632135009769 8.803849812381785
      vertex 124.75 1.1912632135009769 8.803849812381785
      vertex 124.75 1.25 8.8
    endloop
  endfacet
  facet normal 0 0.8968727415326859 0.4422886902190061
    outer loop
      vertex 118.25 0.8602885682970026 9.025
      vertex 124.75 0.834254210369921 9.07779245543571
      vertex 124.75 0.8602885682970026 9.025
    endloop
  endfacet
  facet normal 0 0.946930129495105 0.3214394653031638
    outer loop
      vertex 118.25 0.834254210369921 9.07779245543571
      vertex 124.75 0.8153333781699192 9.133531429703865
      vertex 124.75 0.834254210369921 9.07779245543571
    endloop
  endfacet
  facet normal 0 0.9807852804032307 0.1950903220161275
    outer loop
      vertex 118.25 0.8153333781699192 9.133531429703865
      vertex 124.75 0.8038498123817853 9.191263213500976
      vertex 124.75 0.8153333781699192 9.133531429703865
    endloop
  endfacet
  facet normal 0 0.9978589232386036 0.06540312923014178
    outer loop
      vertex 118.25 0.8038498123817853 9.191263213500976
      vertex 124.75 0.8 9.25
      vertex 124.75 0.8038498123817853 9.191263213500976
    endloop
  endfacet
  facet normal 0 0.9978589232386036 -0.06540312923014178
    outer loop
      vertex 118.25 0.8 9.25
      vertex 124.75 0.8038498123817853 9.308736786499024
      vertex 124.75 0.8 9.25
    endloop
  endfacet
  facet normal 0 0.9807852804032307 -0.1950903220161275
    outer loop
      vertex 118.25 0.8038498123817853 9.308736786499024
      vertex 124.75 0.8153333781699192 9.366468570296135
      vertex 124.75 0.8038498123817853 9.308736786499024
    endloop
  endfacet
  facet normal 0 0.946930129495105 -0.3214394653031638
    outer loop
      vertex 118.25 0.8153333781699192 9.366468570296135
      vertex 124.75 0.834254210369921 9.42220754456429
      vertex 124.75 0.8153333781699192 9.366468570296135
    endloop
  endfacet
  facet normal 0 0.8968727415326859 -0.4422886902190061
    outer loop
      vertex 118.25 0.834254210369921 9.42220754456429
      vertex 124.75 0.8602885682970026 9.475
      vertex 124.75 0.834254210369921 9.42220754456429
    endloop
  endfacet
  facet normal 0 0.8314696123025488 -0.5555702330195968
    outer loop
      vertex 118.25 0.8602885682970026 9.475
      vertex 124.75 0.8929909968689442 9.523942643053925
      vertex 124.75 0.8602885682970026 9.475
    endloop
  endfacet
  facet normal 0 0.7518398074789707 -0.6593458151000766
    outer loop
      vertex 118.25 0.8929909968689442 9.523942643053925
      vertex 124.75 0.9318019484660536 9.568198051533946
      vertex 124.75 0.8929909968689442 9.523942643053925
    endloop
  endfacet
  facet normal -1 0 0
    outer loop
      vertex 124.75 0.8153333781699192 9.133531429703865
      vertex 124.75 0.8038498123817853 9.191263213500976
      vertex 124.75 0.8038498123817853 9.308736786499024
    endloop
  endfacet
  facet normal -1 0 0
    outer loop
      vertex 124.75 0.834254210369921 9.07779245543571
      vertex 124.75 0.8153333781699192 9.133531429703865
      vertex 124.75 0.8153333781699192 9.366468570296135
    endloop
  endfacet
  facet normal -1 0 0
    outer loop
      vertex 124.75 0.8602885682970026 9.025
      vertex 124.75 0.834254210369921 9.07779245543571
      vertex 124.75 0.834254210369921 9.42220754456429
    endloop
  endfacet
  facet normal -1 0 0
    outer loop
      vertex 124.75 0.8038498123817853 9.191263213500976
      vertex 124.75 0.8 9.25
      vertex 124.75 0.8038498123817853 9.308736786499024
    endloop
  endfacet
  facet normal -1 0 0
    outer loop
      vertex 124.75 0.8153333781699192 9.133531429703865
      vertex 124.75 0.8038498123817853 9.308736786499024
      vertex 124.75 0.8153333781699192 9.366468570296135
    endloop
  endfacet
  facet normal -1 0 0
    outer loop
      vertex 124.75 0.834254210369921 9.07779245543571
      vertex 124.75 0.8153333781699192 9.366468570296135
      vertex 124.75 0.834254210369921 9.42220754456429
    endloop
  endfacet
  facet normal -1 0 0
    outer loop
      vertex 124.75 0.8929909968689442 8.976057356946075
      vertex 124.75 0.8602885682970026 9.025
      vertex 124.75 0.8602885682970026 9.475
    endloop
  endfacet
  facet normal -1 0 0
    outer loop
      vertex 124.75 0.9318019484660536 8.931801948466054
      vertex 124.75 0.8929909968689442 8.976057356946075
      vertex 124.75 0.8929909968689442 9.523942643053925
    endloop
  endfacet
  facet normal -1 0 0
    outer loop
      vertex 124.75 0.9760573569460758 8.892990996868944
      vertex 124.75 0.9318019484660536 8.931801948466054
      vertex 124.75 0.9318019484660536 9.568198051533946
    endloop
  endfacet
  facet normal -1 0 0
    outer loop
      vertex 124.75 0.9760573569460758 8.892990996868944
      vertex 124.75 0.9760573569460758 9.607009003131056
      vertex 124.75 1.025 8.860288568297003
    endloop
  endfacet
  facet normal -1 0 0
    outer loop
      vertex 124.75 0.8602885682970026 9.025
      vertex 124.75 0.834254210369921 9.42220754456429
      vertex 124.75 0.8602885682970026 9.475
    endloop
  endfacet
  facet normal -1 0 0
    outer loop
      vertex 124.75 0.8929909968689442 8.976057356946075
      vertex 124.75 0.8602885682970026 9.475
      vertex 124.75 0.8929909968689442 9.523942643053925
    endloop
  endfacet
  facet normal -1 0 0
    outer loop
      vertex 124.75 0.9318019484660536 8.931801948466054
      vertex 124.75 0.8929909968689442 9.523942643053925
      vertex 124.75 0.9318019484660536 9.568198051533946
    endloop
  endfacet
  facet normal -1 0 0
    outer loop
      vertex 124.75 0.9760573569460758 8.892990996868944
      vertex 124.75 0.9318019484660536 9.568198051533946
      vertex 124.75 0.9760573569460758 9.607009003131056
    endloop
  endfacet
  facet normal -1 0 0
    outer loop
      vertex 124.75 1.025 8.860288568297003
      vertex 124.75 0.9760573569460758 9.607009003131056
      vertex 124.75 1.025 9.639711431702997
    endloop
  endfacet
  facet normal -1 0 0
    outer loop
      vertex 124.75 1.025 8.860288568297003
      vertex 124.75 1.025 9.639711431702997
      vertex 124.75 1.0777924554357097 8.83425421036992
    endloop
  endfacet
  facet normal -1 0 0
    outer loop
      vertex 124.75 1.0777924554357097 8.83425421036992
      vertex 124.75 1.0777924554357097 9.66574578963008
      vertex 124.75 1.1335314297038657 8.81533337816992
    endloop
  endfacet
  facet normal -1 0 0
    outer loop
      vertex 124.75 1.1335314297038657 8.81533337816992
      vertex 124.75 1.1335314297038657 9.68466662183008
      vertex 124.75 1.1912632135009769 8.803849812381785
    endloop
  endfacet
  facet normal -1 0 0
    outer loop
      vertex 124.75 1.1912632135009769 8.803849812381785
      vertex 124.75 1.1912632135009769 9.696150187618215
      vertex 124.75 1.25 8.8
    endloop
  endfacet
  facet normal -1 0 0
    outer loop
      vertex 124.75 1.0777924554357097 8.83425421036992
      vertex 124.75 1.025 9.639711431702997
      vertex 124.75 1.0777924554357097 9.66574578963008
    endloop
  endfacet
  facet normal -1 0 0
    outer loop
      vertex 124.75 1.1335314297038657 8.81533337816992
      vertex 124.75 1.0777924554357097 9.66574578963008
      vertex 124.75 1.1335314297038657 9.68466662183008
    endloop
  endfacet
  facet normal -1 0 0
    outer loop
      vertex 124.75 1.1912632135009769 8.803849812381785
      vertex 124.75 1.1335314297038657 9.68466662183008
      vertex 124.75 1.1912632135009769 9.696150187618215
    endloop
  endfacet
  facet normal -1 0 0
    outer loop
      vertex 124.75 1.25 8.8
      vertex 124.75 1.1912632135009769 9.696150187618215
      vertex 124.75 1.25 9.7
    endloop
  endfacet
  facet normal 0 0.6593458151000757 -0.7518398074789714
    outer loop
      vertex 118.25 0.9760573569460758 9.607009003131056
      vertex 124.75 0.9760573569460758 9.607009003131056
      vertex 124.75 0.9318019484660536 9.568198051533946
    endloop
  endfacet
  facet normal 0 0.5555702330195973 -0.8314696123025486
    outer loop
      vertex 118.25 1.025 9.639711431702997
      vertex 124.75 1.025 9.639711431702997
      vertex 124.75 0.9760573569460758 9.607009003131056
    endloop
  endfacet
  facet normal 0 0.4422886902190153 -0.8968727415326814
    outer loop
      vertex 118.25 1.0777924554357097 9.66574578963008
      vertex 124.75 1.0777924554357097 9.66574578963008
      vertex 124.75 1.025 9.639711431702997
    endloop
  endfacet
  facet normal 0 0.32143946530315076 -0.9469301294951094
    outer loop
      vertex 118.25 1.1335314297038657 9.68466662183008
      vertex 124.75 1.1335314297038657 9.68466662183008
      vertex 124.75 1.0777924554357097 9.66574578963008
    endloop
  endfacet
  facet normal 0 0.19509032201614016 -0.980785280403228
    outer loop
      vertex 118.25 1.1912632135009769 9.696150187618215
      vertex 124.75 1.1912632135009769 9.696150187618215
      vertex 124.75 1.1335314297038657 9.68466662183008
    endloop
  endfacet
  facet normal 0 0.06540312923011812 -0.9978589232386053
    outer loop
      vertex 118.25 1.25 9.7
      vertex 124.75 1.25 9.7
      vertex 124.75 1.1912632135009769 9.696150187618215
    endloop
  endfacet
  facet normal -3.24216841826494e-20 -0.06540312923011934 0.9978589232386051
    outer loop
      vertex 118.25 20.75 8.8
      vertex 124.75 20.808736786499022 8.803849812381785
      vertex 118.25 20.808736786499022 8.803849812381785
    endloop
  endfacet
  facet normal 1.8893968463865533e-20 -0.1950903220161344 0.9807852804032293
    outer loop
      vertex 118.25 20.808736786499022 8.803849812381785
      vertex 124.75 20.866468570296135 8.81533337816992
      vertex 118.25 20.866468570296135 8.81533337816992
    endloop
  endfacet
  facet normal -1.3596169721439412e-19 -0.32143946530315193 0.946930129495109
    outer loop
      vertex 118.25 20.866468570296135 8.81533337816992
      vertex 124.75 20.92220754456429 8.83425421036992
      vertex 118.25 20.92220754456429 8.83425421036992
    endloop
  endfacet
  facet normal -1.8024365120767532e-19 -0.44228869021900924 0.8968727415326843
    outer loop
      vertex 118.25 20.92220754456429 8.83425421036992
      vertex 124.75 20.975 8.860288568297003
      vertex 118.25 20.975 8.860288568297003
    endloop
  endfacet
  facet normal -1.2688730214251228e-19 -0.5555702330196043 0.8314696123025439
    outer loop
      vertex 118.25 20.975 8.860288568297003
      vertex 124.75 21.023942643053925 8.892990996868944
      vertex 118.25 21.023942643053925 8.892990996868944
    endloop
  endfacet
  facet normal -2.824551377666843e-19 -0.6593458151000702 0.7518398074789764
    outer loop
      vertex 118.25 21.023942643053925 8.892990996868944
      vertex 124.75 21.068198051533948 8.931801948466054
      vertex 118.25 21.068198051533948 8.931801948466054
    endloop
  endfacet
  facet normal 0 -0.751839807478993 0.659345815100051
    outer loop
      vertex 118.25 21.068198051533948 8.931801948466054
      vertex 124.75 21.068198051533948 8.931801948466054
      vertex 118.25 21.107009003131054 8.976057356946075
    endloop
  endfacet
  facet normal 0 -0.8314696123025254 0.555570233019632
    outer loop
      vertex 118.25 21.107009003131054 8.976057356946075
      vertex 124.75 21.107009003131054 8.976057356946075
      vertex 118.25 21.139711431703 9.025
    endloop
  endfacet
  facet normal 1 0 0
    outer loop
      vertex 118.25 20.75 8.8
      vertex 118.25 20.808736786499022 8.803849812381785
      vertex 118.25 20.808736786499022 9.696150187618215
    endloop
  endfacet
  facet normal 1 0 0
    outer loop
      vertex 118.25 20.808736786499022 8.803849812381785
      vertex 118.25 20.866468570296135 8.81533337816992
      vertex 118.25 20.866468570296135 9.68466662183008
    endloop
  endfacet
  facet normal 1 0 0
    outer loop
      vertex 118.25 20.866468570296135 8.81533337816992
      vertex 118.25 20.92220754456429 8.83425421036992
      vertex 118.25 20.92220754456429 9.66574578963008
    endloop
  endfacet
  facet normal 1 0 0
    outer loop
      vertex 118.25 20.92220754456429 8.83425421036992
      vertex 118.25 20.975 8.860288568297003
      vertex 118.25 20.975 9.639711431702997
    endloop
  endfacet
  facet normal 1 0 0
    outer loop
      vertex 118.25 20.75 8.8
      vertex 118.25 20.808736786499022 9.696150187618215
      vertex 118.25 20.75 9.7
    endloop
  endfacet
  facet normal 1 0 0
    outer loop
      vertex 118.25 20.808736786499022 8.803849812381785
      vertex 118.25 20.866468570296135 9.68466662183008
      vertex 118.25 20.808736786499022 9.696150187618215
    endloop
  endfacet
  facet normal 1 0 0
    outer loop
      vertex 118.25 20.866468570296135 8.81533337816992
      vertex 118.25 20.92220754456429 9.66574578963008
      vertex 118.25 20.866468570296135 9.68466662183008
    endloop
  endfacet
  facet normal 1 0 0
    outer loop
      vertex 118.25 20.92220754456429 8.83425421036992
      vertex 118.25 20.975 9.639711431702997
      vertex 118.25 20.92220754456429 9.66574578963008
    endloop
  endfacet
  facet normal 1 0 0
    outer loop
      vertex 118.25 20.975 8.860288568297003
      vertex 118.25 21.023942643053925 8.892990996868944
      vertex 118.25 21.023942643053925 9.607009003131056
    endloop
  endfacet
  facet normal 1 0 0
    outer loop
      vertex 118.25 21.023942643053925 8.892990996868944
      vertex 118.25 21.068198051533948 8.931801948466054
      vertex 118.25 21.068198051533948 9.568198051533946
    endloop
  endfacet
  facet normal 1 0 0
    outer loop
      vertex 118.25 21.068198051533948 8.931801948466054
      vertex 118.25 21.107009003131054 8.976057356946075
      vertex 118.25 21.107009003131054 9.523942643053925
    endloop
  endfacet
  facet normal 1 0 0
    outer loop
      vertex 118.25 21.107009003131054 8.976057356946075
      vertex 118.25 21.139711431703 9.025
      vertex 118.25 21.139711431703 9.475
    endloop
  endfacet
  facet normal 1 0 0
    outer loop
      vertex 118.25 21.139711431703 9.025
      vertex 118.25 21.16574578963008 9.07779245543571
      vertex 118.25 21.16574578963008 9.42220754456429
    endloop
  endfacet
  facet normal 1 0 0
    outer loop
      vertex 118.25 21.16574578963008 9.07779245543571
      vertex 118.25 21.184666621830083 9.133531429703865
      vertex 118.25 21.184666621830083 9.366468570296135
    endloop
  endfacet
  facet normal 1 0 0
    outer loop
      vertex 118.25 21.184666621830083 9.133531429703865
      vertex 118.25 21.196150187618215 9.191263213500976
      vertex 118.25 21.196150187618215 9.308736786499024
    endloop
  endfacet
  facet normal 1 0 0
    outer loop
      vertex 118.25 21.16574578963008 9.07779245543571
      vertex 118.25 21.184666621830083 9.366468570296135
      vertex 118.25 21.16574578963008 9.42220754456429
    endloop
  endfacet
  facet normal 1 0 0
    outer loop
      vertex 118.25 21.196150187618215 9.191263213500976
      vertex 118.25 21.2 9.25
      vertex 118.25 21.196150187618215 9.308736786499024
    endloop
  endfacet
  facet normal 1 0 0
    outer loop
      vertex 118.25 21.184666621830083 9.133531429703865
      vertex 118.25 21.196150187618215 9.308736786499024
      vertex 118.25 21.184666621830083 9.366468570296135
    endloop
  endfacet
  facet normal 1 0 0
    outer loop
      vertex 118.25 21.023942643053925 8.892990996868944
      vertex 118.25 21.068198051533948 9.568198051533946
      vertex 118.25 21.023942643053925 9.607009003131056
    endloop
  endfacet
  facet normal 1 0 0
    outer loop
      vertex 118.25 20.975 8.860288568297003
      vertex 118.25 21.023942643053925 9.607009003131056
      vertex 118.25 20.975 9.639711431702997
    endloop
  endfacet
  facet normal 1 0 0
    outer loop
      vertex 118.25 21.068198051533948 8.931801948466054
      vertex 118.25 21.107009003131054 9.523942643053925
      vertex 118.25 21.068198051533948 9.568198051533946
    endloop
  endfacet
  facet normal 1 0 0
    outer loop
      vertex 118.25 21.107009003131054 8.976057356946075
      vertex 118.25 21.139711431703 9.475
      vertex 118.25 21.107009003131054 9.523942643053925
    endloop
  endfacet
  facet normal 1 0 0
    outer loop
      vertex 118.25 21.139711431703 9.025
      vertex 118.25 21.16574578963008 9.42220754456429
      vertex 118.25 21.139711431703 9.475
    endloop
  endfacet
  facet normal 0 -0.8968727415326904 0.44228869021899697
    outer loop
      vertex 118.25 21.139711431703 9.025
      vertex 124.75 21.139711431703 9.025
      vertex 118.25 21.16574578963008 9.07779245543571
    endloop
  endfacet
  facet normal 0 -0.9469301294950998 0.32143946530317896
    outer loop
      vertex 118.25 21.16574578963008 9.07779245543571
      vertex 124.75 21.16574578963008 9.07779245543571
      vertex 118.25 21.184666621830083 9.133531429703865
    endloop
  endfacet
  facet normal 0 -0.980785280403234 0.19509032201611118
    outer loop
      vertex 118.25 21.184666621830083 9.133531429703865
      vertex 124.75 21.184666621830083 9.133531429703865
      vertex 118.25 21.196150187618215 9.191263213500976
    endloop
  endfacet
  facet normal 0 -0.9978589232386051 0.06540312923011737
    outer loop
      vertex 118.25 21.196150187618215 9.191263213500976
      vertex 124.75 21.196150187618215 9.191263213500976
      vertex 118.25 21.2 9.25
    endloop
  endfacet
  facet normal 0 -0.9978589232386051 -0.06540312923011737
    outer loop
      vertex 118.25 21.2 9.25
      vertex 124.75 21.2 9.25
      vertex 118.25 21.196150187618215 9.308736786499024
    endloop
  endfacet
  facet normal 0 -0.8314696123025254 -0.555570233019632
    outer loop
      vertex 118.25 21.139711431703 9.475
      vertex 124.75 21.139711431703 9.475
      vertex 118.25 21.107009003131054 9.523942643053925
    endloop
  endfacet
  facet normal 0 -0.751839807478993 -0.659345815100051
    outer loop
      vertex 118.25 21.107009003131054 9.523942643053925
      vertex 124.75 21.107009003131054 9.523942643053925
      vertex 118.25 21.068198051533948 9.568198051533946
    endloop
  endfacet
  facet normal 0 -0.980785280403234 -0.19509032201611118
    outer loop
      vertex 118.25 21.196150187618215 9.308736786499024
      vertex 124.75 21.196150187618215 9.308736786499024
      vertex 118.25 21.184666621830083 9.366468570296135
    endloop
  endfacet
  facet normal -2.1183533078934693e-19 -0.9469301294950998 -0.32143946530317896
    outer loop
      vertex 118.25 21.16574578963008 9.42220754456429
      vertex 118.25 21.184666621830083 9.366468570296135
      vertex 124.75 21.184666621830083 9.366468570296135
    endloop
  endfacet
  facet normal 3.813581101423615e-20 -0.8968727415326904 -0.44228869021899697
    outer loop
      vertex 118.25 21.139711431703 9.475
      vertex 118.25 21.16574578963008 9.42220754456429
      vertex 124.75 21.16574578963008 9.42220754456429
    endloop
  endfacet
  facet normal 0 -0.06540312923011934 -0.9978589232386051
    outer loop
      vertex 118.25 20.75 9.7
      vertex 118.25 20.808736786499022 9.696150187618215
      vertex 124.75 20.75 9.7
    endloop
  endfacet
  facet normal -1.8893968463865533e-20 -0.1950903220161344 -0.9807852804032293
    outer loop
      vertex 118.25 20.866468570296135 9.68466662183008
      vertex 124.75 20.808736786499022 9.696150187618215
      vertex 118.25 20.808736786499022 9.696150187618215
    endloop
  endfacet
  facet normal 0 -0.32143946530315193 -0.946930129495109
    outer loop
      vertex 118.25 20.866468570296135 9.68466662183008
      vertex 118.25 20.92220754456429 9.66574578963008
      vertex 124.75 20.866468570296135 9.68466662183008
    endloop
  endfacet
  facet normal 0 -0.44228869021900924 -0.8968727415326843
    outer loop
      vertex 118.25 20.92220754456429 9.66574578963008
      vertex 118.25 20.975 9.639711431702997
      vertex 124.75 20.92220754456429 9.66574578963008
    endloop
  endfacet
  facet normal 1.2688730214251228e-19 -0.5555702330196043 -0.8314696123025439
    outer loop
      vertex 118.25 21.023942643053925 9.607009003131056
      vertex 124.75 20.975 9.639711431702997
      vertex 118.25 20.975 9.639711431702997
    endloop
  endfacet
  facet normal 0 -0.6593458151000702 -0.7518398074789764
    outer loop
      vertex 118.25 21.023942643053925 9.607009003131056
      vertex 118.25 21.068198051533948 9.568198051533946
      vertex 124.75 21.023942643053925 9.607009003131056
    endloop
  endfacet
  facet normal 0 -0.06540312923011934 0.9978589232386051
    outer loop
      vertex 118.25 20.75 8.8
      vertex 124.75 20.75 8.8
      vertex 124.75 20.808736786499022 8.803849812381785
    endloop
  endfacet
  facet normal 0 -0.1950903220161344 0.9807852804032293
    outer loop
      vertex 118.25 20.808736786499022 8.803849812381785
      vertex 124.75 20.808736786499022 8.803849812381785
      vertex 124.75 20.866468570296135 8.81533337816992
    endloop
  endfacet
  facet normal 0 -0.32143946530315193 0.946930129495109
    outer loop
      vertex 118.25 20.866468570296135 8.81533337816992
      vertex 124.75 20.866468570296135 8.81533337816992
      vertex 124.75 20.92220754456429 8.83425421036992
    endloop
  endfacet
  facet normal 0 -0.44228869021900924 0.8968727415326843
    outer loop
      vertex 118.25 20.92220754456429 8.83425421036992
      vertex 124.75 20.92220754456429 8.83425421036992
      vertex 124.75 20.975 8.860288568297003
    endloop
  endfacet
  facet normal 0 -0.5555702330196043 0.8314696123025439
    outer loop
      vertex 118.25 20.975 8.860288568297003
      vertex 124.75 20.975 8.860288568297003
      vertex 124.75 21.023942643053925 8.892990996868944
    endloop
  endfacet
  facet normal 0 -0.6593458151000702 0.7518398074789764
    outer loop
      vertex 118.25 21.023942643053925 8.892990996868944
      vertex 124.75 21.023942643053925 8.892990996868944
      vertex 124.75 21.068198051533948 8.931801948466054
    endloop
  endfacet
  facet normal 0 -0.751839807478993 0.659345815100051
    outer loop
      vertex 118.25 21.107009003131054 8.976057356946075
      vertex 124.75 21.068198051533948 8.931801948466054
      vertex 124.75 21.107009003131054 8.976057356946075
    endloop
  endfacet
  facet normal 0 -0.8314696123025254 0.555570233019632
    outer loop
      vertex 118.25 21.139711431703 9.025
      vertex 124.75 21.107009003131054 8.976057356946075
      vertex 124.75 21.139711431703 9.025
    endloop
  endfacet
  facet normal 0 -0.8968727415326904 0.44228869021899697
    outer loop
      vertex 118.25 21.16574578963008 9.07779245543571
      vertex 124.75 21.139711431703 9.025
      vertex 124.75 21.16574578963008 9.07779245543571
    endloop
  endfacet
  facet normal 0 -0.9469301294950998 0.32143946530317896
    outer loop
      vertex 118.25 21.184666621830083 9.133531429703865
      vertex 124.75 21.16574578963008 9.07779245543571
      vertex 124.75 21.184666621830083 9.133531429703865
    endloop
  endfacet
  facet normal 0 -0.980785280403234 0.19509032201611118
    outer loop
      vertex 118.25 21.196150187618215 9.191263213500976
      vertex 124.75 21.184666621830083 9.133531429703865
      vertex 124.75 21.196150187618215 9.191263213500976
    endloop
  endfacet
  facet normal 0 -0.9978589232386051 0.06540312923011737
    outer loop
      vertex 118.25 21.2 9.25
      vertex 124.75 21.196150187618215 9.191263213500976
      vertex 124.75 21.2 9.25
    endloop
  endfacet
  facet normal 0 -0.9978589232386051 -0.06540312923011737
    outer loop
      vertex 118.25 21.196150187618215 9.308736786499024
      vertex 124.75 21.2 9.25
      vertex 124.75 21.196150187618215 9.308736786499024
    endloop
  endfacet
  facet normal 0 -0.751839807478993 -0.659345815100051
    outer loop
      vertex 118.25 21.068198051533948 9.568198051533946
      vertex 124.75 21.107009003131054 9.523942643053925
      vertex 124.75 21.068198051533948 9.568198051533946
    endloop
  endfacet
  facet normal 0 -0.8314696123025254 -0.555570233019632
    outer loop
      vertex 118.25 21.107009003131054 9.523942643053925
      vertex 124.75 21.139711431703 9.475
      vertex 124.75 21.107009003131054 9.523942643053925
    endloop
  endfacet
  facet normal 0 -0.980785280403234 -0.19509032201611118
    outer loop
      vertex 118.25 21.184666621830083 9.366468570296135
      vertex 124.75 21.196150187618215 9.308736786499024
      vertex 124.75 21.184666621830083 9.366468570296135
    endloop
  endfacet
  facet normal 0 -0.9469301294950998 -0.32143946530317896
    outer loop
      vertex 118.25 21.16574578963008 9.42220754456429
      vertex 124.75 21.184666621830083 9.366468570296135
      vertex 124.75 21.16574578963008 9.42220754456429
    endloop
  endfacet
  facet normal 0 -0.8968727415326904 -0.44228869021899697
    outer loop
      vertex 118.25 21.139711431703 9.475
      vertex 124.75 21.16574578963008 9.42220754456429
      vertex 124.75 21.139711431703 9.475
    endloop
  endfacet
  facet normal -1 0 0
    outer loop
      vertex 124.75 20.75 8.8
      vertex 124.75 20.75 9.7
      vertex 124.75 20.808736786499022 8.803849812381785
    endloop
  endfacet
  facet normal -1 0 0
    outer loop
      vertex 124.75 20.808736786499022 8.803849812381785
      vertex 124.75 20.808736786499022 9.696150187618215
      vertex 124.75 20.866468570296135 8.81533337816992
    endloop
  endfacet
  facet normal -1 0 0
    outer loop
      vertex 124.75 20.866468570296135 8.81533337816992
      vertex 124.75 20.866468570296135 9.68466662183008
      vertex 124.75 20.92220754456429 8.83425421036992
    endloop
  endfacet
  facet normal -1 0 0
    outer loop
      vertex 124.75 20.92220754456429 8.83425421036992
      vertex 124.75 20.92220754456429 9.66574578963008
      vertex 124.75 20.975 8.860288568297003
    endloop
  endfacet
  facet normal -1 0 0
    outer loop
      vertex 124.75 20.808736786499022 8.803849812381785
      vertex 124.75 20.75 9.7
      vertex 124.75 20.808736786499022 9.696150187618215
    endloop
  endfacet
  facet normal -1 0 0
    outer loop
      vertex 124.75 20.866468570296135 8.81533337816992
      vertex 124.75 20.808736786499022 9.696150187618215
      vertex 124.75 20.866468570296135 9.68466662183008
    endloop
  endfacet
  facet normal -1 0 0
    outer loop
      vertex 124.75 20.92220754456429 8.83425421036992
      vertex 124.75 20.866468570296135 9.68466662183008
      vertex 124.75 20.92220754456429 9.66574578963008
    endloop
  endfacet
  facet normal -1 0 0
    outer loop
      vertex 124.75 20.975 8.860288568297003
      vertex 124.75 20.92220754456429 9.66574578963008
      vertex 124.75 20.975 9.639711431702997
    endloop
  endfacet
  facet normal -1 0 0
    outer loop
      vertex 124.75 20.975 8.860288568297003
      vertex 124.75 20.975 9.639711431702997
      vertex 124.75 21.023942643053925 8.892990996868944
    endloop
  endfacet
  facet normal -1 0 0
    outer loop
      vertex 124.75 21.023942643053925 8.892990996868944
      vertex 124.75 21.023942643053925 9.607009003131056
      vertex 124.75 21.068198051533948 8.931801948466054
    endloop
  endfacet
  facet normal -1 0 0
    outer loop
      vertex 124.75 21.068198051533948 8.931801948466054
      vertex 124.75 21.068198051533948 9.568198051533946
      vertex 124.75 21.107009003131054 8.976057356946075
    endloop
  endfacet
  facet normal -1 0 0
    outer loop
      vertex 124.75 21.107009003131054 8.976057356946075
      vertex 124.75 21.107009003131054 9.523942643053925
      vertex 124.75 21.139711431703 9.025
    endloop
  endfacet
  facet normal -1 0 0
    outer loop
      vertex 124.75 21.139711431703 9.025
      vertex 124.75 21.139711431703 9.475
      vertex 124.75 21.16574578963008 9.07779245543571
    endloop
  endfacet
  facet normal -1 0 0
    outer loop
      vertex 124.75 21.16574578963008 9.07779245543571
      vertex 124.75 21.16574578963008 9.42220754456429
      vertex 124.75 21.184666621830083 9.133531429703865
    endloop
  endfacet
  facet normal -1 0 0
    outer loop
      vertex 124.75 21.184666621830083 9.133531429703865
      vertex 124.75 21.184666621830083 9.366468570296135
      vertex 124.75 21.196150187618215 9.191263213500976
    endloop
  endfacet
  facet normal -1 0 0
    outer loop
      vertex 124.75 21.196150187618215 9.191263213500976
      vertex 124.75 21.196150187618215 9.308736786499024
      vertex 124.75 21.2 9.25
    endloop
  endfacet
  facet normal -1 0 0
    outer loop
      vertex 124.75 21.196150187618215 9.191263213500976
      vertex 124.75 21.184666621830083 9.366468570296135
      vertex 124.75 21.196150187618215 9.308736786499024
    endloop
  endfacet
  facet normal -1 0 0
    outer loop
      vertex 124.75 21.023942643053925 8.892990996868944
      vertex 124.75 20.975 9.639711431702997
      vertex 124.75 21.023942643053925 9.607009003131056
    endloop
  endfacet
  facet normal -1 0 0
    outer loop
      vertex 124.75 21.068198051533948 8.931801948466054
      vertex 124.75 21.023942643053925 9.607009003131056
      vertex 124.75 21.068198051533948 9.568198051533946
    endloop
  endfacet
  facet normal -1 0 0
    outer loop
      vertex 124.75 21.107009003131054 8.976057356946075
      vertex 124.75 21.068198051533948 9.568198051533946
      vertex 124.75 21.107009003131054 9.523942643053925
    endloop
  endfacet
  facet normal -1 0 0
    outer loop
      vertex 124.75 21.139711431703 9.025
      vertex 124.75 21.107009003131054 9.523942643053925
      vertex 124.75 21.139711431703 9.475
    endloop
  endfacet
  facet normal -1 0 0
    outer loop
      vertex 124.75 21.16574578963008 9.07779245543571
      vertex 124.75 21.139711431703 9.475
      vertex 124.75 21.16574578963008 9.42220754456429
    endloop
  endfacet
  facet normal -1 0 0
    outer loop
      vertex 124.75 21.184666621830083 9.133531429703865
      vertex 124.75 21.16574578963008 9.42220754456429
      vertex 124.75 21.184666621830083 9.366468570296135
    endloop
  endfacet
  facet normal 0 -0.06540312923011934 -0.9978589232386051
    outer loop
      vertex 118.25 20.808736786499022 9.696150187618215
      vertex 124.75 20.808736786499022 9.696150187618215
      vertex 124.75 20.75 9.7
    endloop
  endfacet
  facet normal 0 -0.1950903220161344 -0.9807852804032293
    outer loop
      vertex 118.25 20.866468570296135 9.68466662183008
      vertex 124.75 20.866468570296135 9.68466662183008
      vertex 124.75 20.808736786499022 9.696150187618215
    endloop
  endfacet
  facet normal 0 -0.32143946530315193 -0.946930129495109
    outer loop
      vertex 118.25 20.92220754456429 9.66574578963008
      vertex 124.75 20.92220754456429 9.66574578963008
      vertex 124.75 20.866468570296135 9.68466662183008
    endloop
  endfacet
  facet normal 0 -0.44228869021900924 -0.8968727415326843
    outer loop
      vertex 118.25 20.975 9.639711431702997
      vertex 124.75 20.975 9.639711431702997
      vertex 124.75 20.92220754456429 9.66574578963008
    endloop
  endfacet
  facet normal 0 -0.5555702330196043 -0.8314696123025439
    outer loop
      vertex 118.25 21.023942643053925 9.607009003131056
      vertex 124.75 21.023942643053925 9.607009003131056
      vertex 124.75 20.975 9.639711431702997
    endloop
  endfacet
  facet normal 0 -0.6593458151000702 -0.7518398074789764
    outer loop
      vertex 118.25 21.068198051533948 9.568198051533946
      vertex 124.75 21.068198051533948 9.568198051533946
      vertex 124.75 21.023942643053925 9.607009003131056
    endloop
  endfacet
  facet normal 1 0 0
    outer loop
      vertex 4.5 0 5.5
      vertex 4.5 3.25 5.5
      vertex 4.5 1.25 6.9
    endloop
  endfacet
  facet normal 0 0 1
    outer loop
      vertex 4.5 0 5.5
      vertex 15.5 0 5.5
      vertex 15.5 3.25 5.5
    endloop
  endfacet
  facet normal 0 0 1
    outer loop
      vertex 4.5 0 5.5
      vertex 15.5 3.25 5.5
      vertex 4.5 3.25 5.5
    endloop
  endfacet
  facet normal -1 0 0
    outer loop
      vertex 15.5 0 5.5
      vertex 15.5 3.25 6.9
      vertex 15.5 3.25 5.5
    endloop
  endfacet
  facet normal 1 0 0
    outer loop
      vertex 4.5 1.25 6.9
      vertex 4.5 3.25 5.5
      vertex 4.5 3.25 6.9
    endloop
  endfacet
  facet normal -1 0 0
    outer loop
      vertex 15.5 0 5.5
      vertex 15.5 1.25 8.5
      vertex 15.5 1.25 6.9
    endloop
  endfacet
  facet normal -1 0 0
    outer loop
      vertex 15.5 0 5.5
      vertex 15.5 1.25 6.9
      vertex 15.5 3.25 6.9
    endloop
  endfacet
  facet normal 1 0 0
    outer loop
      vertex 4.5 0 5.5
      vertex 4.5 1.25 6.9
      vertex 4.5 0 17
    endloop
  endfacet
  facet normal -1 0 0
    outer loop
      vertex 15.5 0 5.5
      vertex 15.5 1.25 17
      vertex 15.5 1.25 8.5
    endloop
  endfacet
  facet normal 1 0 0
    outer loop
      vertex 4.5 1.25 6.9
      vertex 4.5 1.25 8.51
      vertex 4.5 0 17
    endloop
  endfacet
  facet normal 1 0 0
    outer loop
      vertex 4.5 1.25 8.51
      vertex 4.5 1.25 17
      vertex 4.5 0 17
    endloop
  endfacet
  facet normal -1 0 0
    outer loop
      vertex 15.5 0 5.5
      vertex 15.5 0 17
      vertex 15.5 1.25 17
    endloop
  endfacet
  facet normal 0 1 0
    outer loop
      vertex 1.25 1.25 6.9
      vertex 4.5 1.25 8.51
      vertex 4.5 1.25 6.9
    endloop
  endfacet
  facet normal 0 1 0
    outer loop
      vertex 1.25 1.25 6.9
      vertex 1.25 1.25 8.51
      vertex 2.25 1.25 8.51
    endloop
  endfacet
  facet normal 0 1 0
    outer loop
      vertex 1.25 1.25 6.9
      vertex 2.25 1.25 8.51
      vertex 4.5 1.25 8.51
    endloop
  endfacet
  facet normal 0 0 1
    outer loop
      vertex 1.25 1.25 6.9
      vertex 4.5 1.25 6.9
      vertex 4.25 3.25 6.9
    endloop
  endfacet
  facet normal 0 0 1
    outer loop
      vertex 1.25 1.25 6.9
      vertex 3.8673165676349104 3.326120467488713 6.9
      vertex 3.75 3.3839745962155616 6.9
    endloop
  endfacet
  facet normal 0 0 1
    outer loop
      vertex 1.25 1.25 6.9
      vertex 3.75 3.3839745962155616 6.9
      vertex 3.6412385709912796 3.456646659708765 6.9
    endloop
  endfacet
  facet normal 0 0 1
    outer loop
      vertex 1.25 1.25 6.9
      vertex 3.6412385709912796 3.456646659708765 6.9
      vertex 3.5428932188134525 3.5428932188134525 6.9
    endloop
  endfacet
  facet normal 0 0 1
    outer loop
      vertex 1.25 1.25 6.9
      vertex 4.119473807779949 3.2585551386261895 6.9
      vertex 3.9911809548974793 3.284074173710932 6.9
    endloop
  endfacet
  facet normal 0 0 1
    outer loop
      vertex 1.25 1.25 6.9
      vertex 3.9911809548974793 3.284074173710932 6.9
      vertex 3.8673165676349104 3.326120467488713 6.9
    endloop
  endfacet
  facet normal 0 0 1
    outer loop
      vertex 1.25 1.25 6.9
      vertex 4.25 3.25 6.9
      vertex 4.119473807779949 3.2585551386261895 6.9
    endloop
  endfacet
  facet normal 0 0 1
    outer loop
      vertex 4.5 1.25 6.9
      vertex 4.5 3.25 6.9
      vertex 4.25 3.25 6.9
    endloop
  endfacet
  facet normal 1 0 0
    outer loop
      vertex 1.25 1.25 6.9
      vertex 1.25 2.25 8.5
      vertex 1.25 1.25 8.51
    endloop
  endfacet
  facet normal 0 0 1
    outer loop
      vertex 1.25 1.25 6.9
      vertex 3.5428932188134525 3.5428932188134525 6.9
      vertex 3.456646659708765 3.6412385709912796 6.9
    endloop
  endfacet
  facet normal 0 0 1
    outer loop
      vertex 1.25 1.25 6.9
      vertex 3.456646659708765 3.6412385709912796 6.9
      vertex 3.3839745962155616 3.75 6.9
    endloop
  endfacet
  facet normal 0 0 1
    outer loop
      vertex 1.25 1.25 6.9
      vertex 3.3839745962155616 3.75 6.9
      vertex 3.326120467488713 3.8673165676349104 6.9
    endloop
  endfacet
  facet normal 0 0 1
    outer loop
      vertex 1.25 1.25 6.9
      vertex 3.326120467488713 3.8673165676349104 6.9
      vertex 3.284074173710932 3.9911809548974793 6.9
    endloop
  endfacet
  facet normal 0 0 1
    outer loop
      vertex 1.25 1.25 6.9
      vertex 3.284074173710932 3.9911809548974793 6.9
      vertex 3.2585551386261895 4.119473807779949 6.9
    endloop
  endfacet
  facet normal 0 1 0
    outer loop
      vertex 15.5 1.25 6.9
      vertex 15.5 1.25 8.5
      vertex 38 1.25 6.9
    endloop
  endfacet
  facet normal 0 0 1
    outer loop
      vertex 15.5 1.25 6.9
      vertex 38 1.25 6.9
      vertex 15.5 3.25 6.9
    endloop
  endfacet
  facet normal 0 1 0
    outer loop
      vertex 38 1.25 6.9
      vertex 15.5 1.25 8.5
      vertex 38 1.25 8.5
    endloop
  endfacet
  facet normal 0 0 1
    outer loop
      vertex 15.5 3.25 6.9
      vertex 38 1.25 6.9
      vertex 38 3.25 6.9
    endloop
  endfacet
  facet normal 1 0 0
    outer loop
      vertex 1.25 1.25 6.9
      vertex 1.25 19.75 8.5
      vertex 1.25 2.25 8.5
    endloop
  endfacet
  facet normal 0 0 1
    outer loop
      vertex 1.25 1.25 6.9
      vertex 3.2585551386261895 4.119473807779949 6.9
      vertex 1.25 20.75 6.9
    endloop
  endfacet
  facet normal 0 0 1
    outer loop
      vertex 3.2585551386261895 4.119473807779949 6.9
      vertex 3.25 4.25 6.9
      vertex 1.25 20.75 6.9
    endloop
  endfacet
  facet normal -1 0 0
    outer loop
      vertex 38 1.25 6.9
      vertex 38 1.25 8.5
      vertex 38 3.25 6.9
    endloop
  endfacet
  facet normal -1 0 0
    outer loop
      vertex 38 3.25 6.9
      vertex 38 1.25 8.5
      vertex 38 3.25 8.5
    endloop
  endfacet
  facet normal 0 0 -1
    outer loop
      vertex 1.25 1.25 8.51
      vertex 1.8673165676349102 1.3261204674887133 8.51
      vertex 1.9911809548974793 1.2840741737109318 8.51
    endloop
  endfacet
  facet normal 0 0 -1
    outer loop
      vertex 1.25 1.25 8.51
      vertex 2.1194738077799484 1.2585551386261895 8.51
      vertex 2.25 1.25 8.51
    endloop
  endfacet
  facet normal 0 0 -1
    outer loop
      vertex 1.25 1.25 8.51
      vertex 1.9911809548974793 1.2840741737109318 8.51
      vertex 2.1194738077799484 1.2585551386261895 8.51
    endloop
  endfacet
  facet normal 0 0 -1
    outer loop
      vertex 1.25 1.25 8.51
      vertex 1.75 1.3839745962155614 8.51
      vertex 1.8673165676349102 1.3261204674887133 8.51
    endloop
  endfacet
  facet normal 0 0 -1
    outer loop
      vertex 1.25 1.25 8.51
      vertex 1.6412385709912793 1.4566466597087648 8.51
      vertex 1.75 1.3839745962155614 8.51
    endloop
  endfacet
  facet normal 0 0 -1
    outer loop
      vertex 1.25 1.25 8.51
      vertex 1.5428932188134525 1.5428932188134525 8.51
      vertex 1.6412385709912793 1.4566466597087648 8.51
    endloop
  endfacet
  facet normal 0 0 -1
    outer loop
      vertex 1.25 1.25 8.51
      vertex 1.4566466597087648 1.6412385709912793 8.51
      vertex 1.5428932188134525 1.5428932188134525 8.51
    endloop
  endfacet
  facet normal 0 0 -1
    outer loop
      vertex 1.25 1.25 8.51
      vertex 1.3839745962155614 1.75 8.51
      vertex 1.4566466597087648 1.6412385709912793 8.51
    endloop
  endfacet
  facet normal 0 0 -1
    outer loop
      vertex 1.25 1.25 8.51
      vertex 1.3261204674887133 1.8673165676349102 8.51
      vertex 1.3839745962155614 1.75 8.51
    endloop
  endfacet
  facet normal 0 0 -1
    outer loop
      vertex 1.25 1.25 8.51
      vertex 1.2840741737109318 1.9911809548974793 8.51
      vertex 1.3261204674887133 1.8673165676349102 8.51
    endloop
  endfacet
  facet normal 0 0 -1
    outer loop
      vertex 1.25 1.25 8.51
      vertex 1.2585551386261895 2.1194738077799484 8.51
      vertex 1.2840741737109318 1.9911809548974793 8.51
    endloop
  endfacet
  facet normal 0 0 -1
    outer loop
      vertex 1.25 1.25 8.51
      vertex 1.25 2.25 8.51
      vertex 1.2585551386261895 2.1194738077799484 8.51
    endloop
  endfacet
  facet normal 1 0 0
    outer loop
      vertex 1.25 1.25 8.51
      vertex 1.25 2.25 8.5
      vertex 1.25 2.25 8.51
    endloop
  endfacet
  facet normal 0 0 1
    outer loop
      vertex 3.25 4.25 6.9
      vertex 3.25 17.75 6.9
      vertex 1.25 20.75 6.9
    endloop
  endfacet
  facet normal 1 0 0
    outer loop
      vertex 1.25 1.25 6.9
      vertex 1.25 20.75 6.9
      vertex 1.25 20.75 8.51
    endloop
  endfacet
  facet normal 1 0 0
    outer loop
      vertex 1.25 1.25 6.9
      vertex 1.25 20.75 8.51
      vertex 1.25 19.75 8.5
    endloop
  endfacet
  facet normal 0 0 1
    outer loop
      vertex 3.25 17.75 6.9
      vertex 3.2585551386261895 17.880526192220053 6.9
      vertex 1.25 20.75 6.9
    endloop
  endfacet
  facet normal 0 0 1
    outer loop
      vertex 3.2585551386261895 17.880526192220053 6.9
      vertex 3.284074173710932 18.00881904510252 6.9
      vertex 1.25 20.75 6.9
    endloop
  endfacet
  facet normal 0 0 1
    outer loop
      vertex 3.284074173710932 18.00881904510252 6.9
      vertex 3.326120467488713 18.13268343236509 6.9
      vertex 1.25 20.75 6.9
    endloop
  endfacet
  facet normal 0 0 1
    outer loop
      vertex 3.326120467488713 18.13268343236509 6.9
      vertex 3.3839745962155616 18.25 6.9
      vertex 1.25 20.75 6.9
    endloop
  endfacet
  facet normal 0 0 1
    outer loop
      vertex 3.3839745962155616 18.25 6.9
      vertex 3.456646659708765 18.358761429008723 6.9
      vertex 1.25 20.75 6.9
    endloop
  endfacet
  facet normal 0 0 1
    outer loop
      vertex 3.456646659708765 18.358761429008723 6.9
      vertex 3.5428932188134525 18.457106781186546 6.9
      vertex 1.25 20.75 6.9
    endloop
  endfacet
  facet normal 0 0 1
    outer loop
      vertex 3.5428932188134525 18.457106781186546 6.9
      vertex 3.6412385709912796 18.543353340291233 6.9
      vertex 1.25 20.75 6.9
    endloop
  endfacet
  facet normal 0 0 1
    outer loop
      vertex 3.6412385709912796 18.543353340291233 6.9
      vertex 3.75 18.61602540378444 6.9
      vertex 1.25 20.75 6.9
    endloop
  endfacet
  facet normal 0 0 1
    outer loop
      vertex 3.75 18.61602540378444 6.9
      vertex 3.8673165676349104 18.673879532511286 6.9
      vertex 1.25 20.75 6.9
    endloop
  endfacet
  facet normal 0 0 1
    outer loop
      vertex 3.8673165676349104 18.673879532511286 6.9
      vertex 3.9911809548974793 18.715925826289066 6.9
      vertex 1.25 20.75 6.9
    endloop
  endfacet
  facet normal 0 0 1
    outer loop
      vertex 3.9911809548974793 18.715925826289066 6.9
      vertex 4.119473807779949 18.74144486137381 6.9
      vertex 1.25 20.75 6.9
    endloop
  endfacet
  facet normal 0 0 1
    outer loop
      vertex 4.119473807779949 18.74144486137381 6.9
      vertex 4.25 18.75 6.9
      vertex 1.25 20.75 6.9
    endloop
  endfacet
  facet normal 0 0 1
    outer loop
      vertex 4.25 18.75 6.9
      vertex 38 20.75 6.9
      vertex 1.25 20.75 6.9
    endloop
  endfacet
  facet normal 0 -1 0
    outer loop
      vertex 1.25 20.75 6.9
      vertex 38 20.75 6.9
      vertex 1.25 20.75 8.51
    endloop
  endfacet
  facet normal 0 -1 0
    outer loop
      vertex 38 20.75 6.9
      vertex 2.25 20.75 8.5
      vertex 1.25 20.75 8.51
    endloop
  endfacet
  facet normal 0 0 1
    outer loop
      vertex 4.25 18.75 6.9
      vertex 38 18.75 6.9
      vertex 38 20.75 6.9
    endloop
  endfacet
  facet normal 0 -1 0
    outer loop
      vertex 38 20.75 6.9
      vertex 38 20.75 8.5
      vertex 2.25 20.75 8.5
    endloop
  endfacet
  facet normal -1 0 0
    outer loop
      vertex 38 18.75 6.9
      vertex 38 20.75 8.5
      vertex 38 20.75 6.9
    endloop
  endfacet
  facet normal -1 0 0
    outer loop
      vertex 38 18.75 6.9
      vertex 38 18.75 8.5
      vertex 38 20.75 8.5
    endloop
  endfacet
  facet normal 1 0 0
    outer loop
      vertex 1.25 19.75 8.5
      vertex 1.25 20.75 8.51
      vertex 1.25 19.75 8.51
    endloop
  endfacet
  facet normal 0 0 -1
    outer loop
      vertex 1.25 19.75 8.51
      vertex 1.25 20.75 8.51
      vertex 1.2585551386261895 19.880526192220053 8.51
    endloop
  endfacet
  facet normal 0 0 -1
    outer loop
      vertex 1.2585551386261895 19.880526192220053 8.51
      vertex 1.25 20.75 8.51
      vertex 1.2840741737109318 20.00881904510252 8.51
    endloop
  endfacet
  facet normal 0 0 -1
    outer loop
      vertex 1.2840741737109318 20.00881904510252 8.51
      vertex 1.25 20.75 8.51
      vertex 1.3261204674887133 20.13268343236509 8.51
    endloop
  endfacet
  facet normal 0 0 -1
    outer loop
      vertex 1.3261204674887133 20.13268343236509 8.51
      vertex 1.25 20.75 8.51
      vertex 1.3839745962155614 20.25 8.51
    endloop
  endfacet
  facet normal 0 0 -1
    outer loop
      vertex 1.3839745962155614 20.25 8.51
      vertex 1.25 20.75 8.51
      vertex 1.4566466597087648 20.35876142900872 8.51
    endloop
  endfacet
  facet normal 0 0 -1
    outer loop
      vertex 1.4566466597087648 20.35876142900872 8.51
      vertex 1.25 20.75 8.51
      vertex 1.5428932188134525 20.457106781186546 8.51
    endloop
  endfacet
  facet normal 0 0 -1
    outer loop
      vertex 1.5428932188134525 20.457106781186546 8.51
      vertex 1.25 20.75 8.51
      vertex 1.6412385709912793 20.543353340291237 8.51
    endloop
  endfacet
  facet normal 0 0 -1
    outer loop
      vertex 1.6412385709912793 20.543353340291237 8.51
      vertex 1.25 20.75 8.51
      vertex 1.75 20.616025403784437 8.51
    endloop
  endfacet
  facet normal 0 0 -1
    outer loop
      vertex 1.75 20.616025403784437 8.51
      vertex 1.25 20.75 8.51
      vertex 1.8673165676349102 20.673879532511286 8.51
    endloop
  endfacet
  facet normal 0 0 -1
    outer loop
      vertex 1.25 20.75 8.51
      vertex 1.9911809548974793 20.71592582628907 8.51
      vertex 1.8673165676349102 20.673879532511286 8.51
    endloop
  endfacet
  facet normal 0 0 -1
    outer loop
      vertex 1.25 20.75 8.51
      vertex 2.1194738077799484 20.74144486137381 8.51
      vertex 1.9911809548974793 20.71592582628907 8.51
    endloop
  endfacet
  facet normal 0 0 -1
    outer loop
      vertex 1.25 20.75 8.51
      vertex 2.25 20.75 8.51
      vertex 2.1194738077799484 20.74144486137381 8.51
    endloop
  endfacet
  facet normal 0 -1 0
    outer loop
      vertex 1.25 20.75 8.51
      vertex 2.25 20.75 8.5
      vertex 2.25 20.75 8.51
    endloop
  endfacet
  facet normal 1 0 0
    outer loop
      vertex 45.5 1.75 6.9
      vertex 45.5 3.25 8.5
      vertex 45.5 1.75 8.5
    endloop
  endfacet
  facet normal 1 0 0
    outer loop
      vertex 45.5 1.75 6.9
      vertex 45.5 3.25 6.9
      vertex 45.5 3.25 8.5
    endloop
  endfacet
  facet normal 0 1 0
    outer loop
      vertex 45.5 1.75 6.9
      vertex 45.5 1.75 8.5
      vertex 69.5 1.75 6.9
    endloop
  endfacet
  facet normal 0 0 1
    outer loop
      vertex 45.5 1.75 6.9
      vertex 69.5 1.75 6.9
      vertex 69.5 3.25 6.9
    endloop
  endfacet
  facet normal 0 1 0
    outer loop
      vertex 45.5 1.75 8.5
      vertex 69.5 1.75 8.5
      vertex 69.5 1.75 6.9
    endloop
  endfacet
  facet normal 0 0 1
    outer loop
      vertex 45.5 1.75 6.9
      vertex 69.5 3.25 6.9
      vertex 45.5 3.25 6.9
    endloop
  endfacet
  facet normal 1 0 0
    outer loop
      vertex 45.5 18.75 6.9
      vertex 45.5 20.25 6.9
      vertex 45.5 20.25 8.5
    endloop
  endfacet
  facet normal 1 0 0
    outer loop
      vertex 45.5 18.75 6.9
      vertex 45.5 20.25 8.5
      vertex 45.5 18.75 8.5
    endloop
  endfacet
  facet normal 0 0 1
    outer loop
      vertex 45.5 18.75 6.9
      vertex 69.5 20.25 6.9
      vertex 45.5 20.25 6.9
    endloop
  endfacet
  facet normal 0 -1 0
    outer loop
      vertex 45.5 20.25 6.9
      vertex 69.5 20.25 8.5
      vertex 45.5 20.25 8.5
    endloop
  endfacet
  facet normal 0 0 1
    outer loop
      vertex 45.5 18.75 6.9
      vertex 69.5 18.75 6.9
      vertex 69.5 20.25 6.9
    endloop
  endfacet
  facet normal 0 -1 0
    outer loop
      vertex 45.5 20.25 6.9
      vertex 69.5 20.25 6.9
      vertex 69.5 20.25 8.5
    endloop
  endfacet
  facet normal -1 0 0
    outer loop
      vertex 69.5 1.75 6.9
      vertex 69.5 1.75 8.5
      vertex 69.5 3.25 6.9
    endloop
  endfacet
  facet normal -1 0 0
    outer loop
      vertex 69.5 3.25 6.9
      vertex 69.5 1.75 8.5
      vertex 69.5 3.25 8.5
    endloop
  endfacet
  facet normal -1 0 0
    outer loop
      vertex 69.5 18.75 6.9
      vertex 69.5 18.75 8.5
      vertex 69.5 20.25 6.9
    endloop
  endfacet
  facet normal -1 0 0
    outer loop
      vertex 69.5 20.25 6.9
      vertex 69.5 18.75 8.5
      vertex 69.5 20.25 8.5
    endloop
  endfacet
  facet normal -1 0 0
    outer loop
      vertex 4 3.2823199565715613 1.5
      vertex 4 3.2823199565715613 4.5
      vertex 4 18.717680043428437 4.5
    endloop
  endfacet
  facet normal 0 0 1
    outer loop
      vertex 4.119473807779949 3.2585551386261895 4.5
      vertex 4.25 3.25 4.5
      vertex 4.112209999134753 18.740000000000002 4.5
    endloop
  endfacet
  facet normal 0 0 1
    outer loop
      vertex 4 3.2823199565715613 4.5
      vertex 4.119473807779949 3.2585551386261895 4.5
      vertex 4.112209999134753 18.740000000000002 4.5
    endloop
  endfacet
  facet normal 0 0 1
    outer loop
      vertex 45.5 18.740000000000002 4.5
      vertex 4.25 3.25 4.5
      vertex 45.5 3.25 4.5
    endloop
  endfacet
  facet normal 1 0 0
    outer loop
      vertex 45.5 18.740000000000002 4.5
      vertex 45.5 3.25 4.5
      vertex 45.5 3.25 1.5
    endloop
  endfacet
  facet normal -1 0 0
    outer loop
      vertex 4 3.2823199565715613 1.5
      vertex 4 18.717680043428437 4.5
      vertex 4 18.717680043428437 1.5
    endloop
  endfacet
  facet normal 0 0 1
    outer loop
      vertex 4 3.2823199565715613 4.5
      vertex 4.112209999134753 18.740000000000002 4.5
      vertex 4 18.717680043428437 4.5
    endloop
  endfacet
  facet normal 0 0 1
    outer loop
      vertex 45.5 18.740000000000002 4.5
      vertex 4.112209999134753 18.740000000000002 4.5
      vertex 4.25 3.25 4.5
    endloop
  endfacet
  facet normal 0 1 0
    outer loop
      vertex 45.5 18.740000000000002 4.5
      vertex 4.112209999134753 18.740000000000002 1.5
      vertex 4.112209999134753 18.740000000000002 4.5
    endloop
  endfacet
  facet normal 0 1 0
    outer loop
      vertex 45.5 18.740000000000002 4.5
      vertex 45.5 18.740000000000002 1.5
      vertex 4.112209999134753 18.740000000000002 1.5
    endloop
  endfacet
  facet normal 1 0 0
    outer loop
      vertex 45.5 18.740000000000002 4.5
      vertex 45.5 3.25 1.5
      vertex 45.5 18.740000000000002 1.5
    endloop
  endfacet
endsolid OpenSCAD_Model
