solid OpenSCAD_Model
  facet normal 0 0 -1
    outer loop
      vertex 1.5 0.401923788646684 0
      vertex 0.8786796564403572 0.8786796564403572 0
      vertex 1.8519497029047307 0.22836140246614 0
    endloop
  endfacet
  facet normal 0 0 -1
    outer loop
      vertex 1.5 0.401923788646684 0
      vertex 1.173715712973838 0.6199399791262943 0
      vertex 0.8786796564403572 0.8786796564403572 0
    endloop
  endfacet
  facet normal 0 0 -1
    outer loop
      vertex 2.223542864692438 0.10222252113279495 0
      vertex 3 0 0
      vertex 2.6084214233398453 0.025665415878568965 0
    endloop
  endfacet
  facet normal 0 0 -1
    outer loop
      vertex 2.223542864692438 0.10222252113279495 0
      vertex 1.8519497029047307 0.22836140246614 0
      vertex 3 0 0
    endloop
  endfacet
  facet normal 0 0 -1
    outer loop
      vertex 1.8519497029047307 0.22836140246614 0
      vertex 0.8786796564403572 0.8786796564403572 0
      vertex 3 0 0
    endloop
  endfacet
  facet normal 0 0 -1
    outer loop
      vertex 0.8786796564403572 0.8786796564403572 0
      vertex 0.6199399791262943 1.173715712973838 0
      vertex 0.22836140246614 1.8519497029047307 0
    endloop
  endfacet
  facet normal 0 0 -1
    outer loop
      vertex 3 0 0
      vertex 0.8786796564403572 0.8786796564403572 0
      vertex 0 3 0
    endloop
  endfacet
  facet normal 0 0 -1
    outer loop
      vertex 0.6199399791262943 1.173715712973838 0
      vertex 0.401923788646684 1.5 0
      vertex 0.22836140246614 1.8519497029047307 0
    endloop
  endfacet
  facet normal 0 0 -1
    outer loop
      vertex 0.8786796564403572 0.8786796564403572 0
      vertex 0.22836140246614 1.8519497029047307 0
      vertex 0 3 0
    endloop
  endfacet
  facet normal 0 0 -1
    outer loop
      vertex 0.22836140246614 1.8519497029047307 0
      vertex 0.10222252113279495 2.223542864692438 0
      vertex 0 3 0
    endloop
  endfacet
  facet normal 0 0 -1
    outer loop
      vertex 0.10222252113279495 2.223542864692438 0
      vertex 0.025665415878568965 2.6084214233398453 0
      vertex 0 3 0
    endloop
  endfacet
  facet normal -0.4422886902190005 -0.8968727415326887 -2.232558990911443e-19
    outer loop
      vertex 1.5 0.401923788646684 0
      vertex 1.8519497029047307 0.22836140246614 0
      vertex 1.8519497029047307 0.22836140246614 17
    endloop
  endfacet
  facet normal -0.555570233019602 -0.8314696123025456 0
    outer loop
      vertex 1.5 0.401923788646684 0
      vertex 1.5 0.401923788646684 17
      vertex 1.173715712973838 0.6199399791262943 0
    endloop
  endfacet
  facet normal -0.1950903220161273 -0.9807852804032307 0
    outer loop
      vertex 2.223542864692438 0.10222252113279495 0
      vertex 2.6084214233398453 0.025665415878568965 0
      vertex 2.223542864692438 0.10222252113279495 17
    endloop
  endfacet
  facet normal -0.3214394653031626 -0.9469301294951054 4.8588043960776765e-19
    outer loop
      vertex 2.223542864692438 0.10222252113279495 0
      vertex 1.8519497029047307 0.22836140246614 17
      vertex 1.8519497029047307 0.22836140246614 0
    endloop
  endfacet
  facet normal -0.06540312923014358 -0.9978589232386035 7.586308782844619e-20
    outer loop
      vertex 2.6084214233398453 0.025665415878568965 0
      vertex 3 0 0
      vertex 3 0 17
    endloop
  endfacet
  facet normal -0.7518398074789777 -0.6593458151000686 0
    outer loop
      vertex 0.8786796564403572 0.8786796564403572 0
      vertex 0.8786796564403572 0.8786796564403572 17
      vertex 0.6199399791262943 1.173715712973838 0
    endloop
  endfacet
  facet normal -0.6593458151000686 -0.7518398074789777 -4.559737439625572e-19
    outer loop
      vertex 1.173715712973838 0.6199399791262943 0
      vertex 0.8786796564403572 0.8786796564403572 17
      vertex 0.8786796564403572 0.8786796564403572 0
    endloop
  endfacet
  facet normal -0.8314696123025456 -0.555570233019602 0
    outer loop
      vertex 0.6199399791262943 1.173715712973838 0
      vertex 0.6199399791262943 1.173715712973838 17
      vertex 0.401923788646684 1.5 0
    endloop
  endfacet
  facet normal -0.8968727415326887 -0.4422886902190005 -2.232558990911443e-19
    outer loop
      vertex 0.401923788646684 1.5 0
      vertex 0.22836140246614 1.8519497029047307 17
      vertex 0.22836140246614 1.8519497029047307 0
    endloop
  endfacet
  facet normal -0.9469301294951054 -0.3214394653031626 0
    outer loop
      vertex 0.22836140246614 1.8519497029047307 0
      vertex 0.22836140246614 1.8519497029047307 17
      vertex 0.10222252113279495 2.223542864692438 0
    endloop
  endfacet
  facet normal -0.9807852804032307 -0.1950903220161273 0
    outer loop
      vertex 0.10222252113279495 2.223542864692438 0
      vertex 0.10222252113279495 2.223542864692438 17
      vertex 0.025665415878568965 2.6084214233398453 0
    endloop
  endfacet
  facet normal 0 -1 0
    outer loop
      vertex 3 0 0
      vertex 17.25 0 6.5
      vertex 6.75 0 6.5
    endloop
  endfacet
  facet normal 0 -1 0
    outer loop
      vertex 3 0 0
      vertex 6.75 0 6.5
      vertex 3 0 17
    endloop
  endfacet
  facet normal -0.9978589232386035 -0.06540312923014358 7.586308782844619e-20
    outer loop
      vertex 0.025665415878568965 2.6084214233398453 0
      vertex 0 3 17
      vertex 0 3 0
    endloop
  endfacet
  facet normal 0 0 -1
    outer loop
      vertex 3 0 0
      vertex 0 3 0
      vertex 115 3 0
    endloop
  endfacet
  facet normal 0 -1 0
    outer loop
      vertex 3 0 0
      vertex 112 0 17
      vertex 17.25 0 6.5
    endloop
  endfacet
  facet normal 0 0 -1
    outer loop
      vertex 0 3 0
      vertex 3 22 0
      vertex 115 3 0
    endloop
  endfacet
  facet normal -0.4422886902190005 -0.8968727415326887 0
    outer loop
      vertex 1.5 0.401923788646684 0
      vertex 1.8519497029047307 0.22836140246614 17
      vertex 1.5 0.401923788646684 17
    endloop
  endfacet
  facet normal -0.555570233019602 -0.8314696123025456 0
    outer loop
      vertex 1.173715712973838 0.6199399791262943 0
      vertex 1.5 0.401923788646684 17
      vertex 1.173715712973838 0.6199399791262943 17
    endloop
  endfacet
  facet normal -0.3214394653031626 -0.9469301294951054 0
    outer loop
      vertex 2.223542864692438 0.10222252113279495 0
      vertex 2.223542864692438 0.10222252113279495 17
      vertex 1.8519497029047307 0.22836140246614 17
    endloop
  endfacet
  facet normal -0.1950903220161273 -0.9807852804032307 0
    outer loop
      vertex 2.6084214233398453 0.025665415878568965 0
      vertex 2.6084214233398453 0.025665415878568965 17
      vertex 2.223542864692438 0.10222252113279495 17
    endloop
  endfacet
  facet normal -0.06540312923014358 -0.9978589232386035 0
    outer loop
      vertex 2.6084214233398453 0.025665415878568965 0
      vertex 3 0 17
      vertex 2.6084214233398453 0.025665415878568965 17
    endloop
  endfacet
  facet normal -0.6593458151000686 -0.7518398074789777 0
    outer loop
      vertex 1.173715712973838 0.6199399791262943 0
      vertex 1.173715712973838 0.6199399791262943 17
      vertex 0.8786796564403572 0.8786796564403572 17
    endloop
  endfacet
  facet normal -0.7518398074789777 -0.6593458151000686 0
    outer loop
      vertex 0.6199399791262943 1.173715712973838 0
      vertex 0.8786796564403572 0.8786796564403572 17
      vertex 0.6199399791262943 1.173715712973838 17
    endloop
  endfacet
  facet normal 0 -1 0
    outer loop
      vertex 3 0 17
      vertex 6.75 0 6.5
      vertex 6.75 0 10.5
    endloop
  endfacet
  facet normal -0.8314696123025456 -0.555570233019602 0
    outer loop
      vertex 0.401923788646684 1.5 0
      vertex 0.6199399791262943 1.173715712973838 17
      vertex 0.401923788646684 1.5 17
    endloop
  endfacet
  facet normal -0.8968727415326887 -0.4422886902190005 0
    outer loop
      vertex 0.401923788646684 1.5 0
      vertex 0.401923788646684 1.5 17
      vertex 0.22836140246614 1.8519497029047307 17
    endloop
  endfacet
  facet normal -0.9469301294951054 -0.3214394653031626 0
    outer loop
      vertex 0.10222252113279495 2.223542864692438 0
      vertex 0.22836140246614 1.8519497029047307 17
      vertex 0.10222252113279495 2.223542864692438 17
    endloop
  endfacet
  facet normal -0.9807852804032307 -0.1950903220161273 0
    outer loop
      vertex 0.025665415878568965 2.6084214233398453 0
      vertex 0.10222252113279495 2.223542864692438 17
      vertex 0.025665415878568965 2.6084214233398453 17
    endloop
  endfacet
  facet normal -0.9978589232386035 -0.06540312923014358 0
    outer loop
      vertex 0.025665415878568965 2.6084214233398453 0
      vertex 0.025665415878568965 2.6084214233398453 17
      vertex 0 3 17
    endloop
  endfacet
  facet normal 0 -1 0
    outer loop
      vertex 3 0 17
      vertex 6.75 0 10.5
      vertex 17.25 0 10.5
    endloop
  endfacet
  facet normal 0 0 1
    outer loop
      vertex 1.5 0.401923788646684 17
      vertex 1.8519497029047307 0.22836140246614 17
      vertex 0.8786796564403572 0.8786796564403572 17
    endloop
  endfacet
  facet normal 0 0 1
    outer loop
      vertex 1.5 0.401923788646684 17
      vertex 0.8786796564403572 0.8786796564403572 17
      vertex 1.173715712973838 0.6199399791262943 17
    endloop
  endfacet
  facet normal 0 0 1
    outer loop
      vertex 2.223542864692438 0.10222252113279495 17
      vertex 2.6084214233398453 0.025665415878568965 17
      vertex 3 0 17
    endloop
  endfacet
  facet normal 0 0 1
    outer loop
      vertex 2.223542864692438 0.10222252113279495 17
      vertex 3 0 17
      vertex 1.8519497029047307 0.22836140246614 17
    endloop
  endfacet
  facet normal 0 0 1
    outer loop
      vertex 1.8519497029047307 0.22836140246614 17
      vertex 3 0 17
      vertex 0.8786796564403572 0.8786796564403572 17
    endloop
  endfacet
  facet normal 0 0 1
    outer loop
      vertex 0.8786796564403572 0.8786796564403572 17
      vertex 0.22836140246614 1.8519497029047307 17
      vertex 0.6199399791262943 1.173715712973838 17
    endloop
  endfacet
  facet normal 0 0 1
    outer loop
      vertex 3 0 17
      vertex 0 3 17
      vertex 0.8786796564403572 0.8786796564403572 17
    endloop
  endfacet
  facet normal 0 0 1
    outer loop
      vertex 3 0 17
      vertex 2.25 1.25 17
      vertex 2.1194738077799484 1.2585551386261895 17
    endloop
  endfacet
  facet normal 0 0 1
    outer loop
      vertex 3 0 17
      vertex 2.1194738077799484 1.2585551386261895 17
      vertex 1.9911809548974793 1.2840741737109318 17
    endloop
  endfacet
  facet normal 0 0 1
    outer loop
      vertex 3 0 17
      vertex 1.8673165676349102 1.3261204674887133 17
      vertex 1.75 1.3839745962155614 17
    endloop
  endfacet
  facet normal 0 0 1
    outer loop
      vertex 3 0 17
      vertex 1.75 1.3839745962155614 17
      vertex 1.6412385709912793 1.4566466597087648 17
    endloop
  endfacet
  facet normal 0 0 1
    outer loop
      vertex 3 0 17
      vertex 1.6412385709912793 1.4566466597087648 17
      vertex 1.5428932188134525 1.5428932188134525 17
    endloop
  endfacet
  facet normal 0 0 1
    outer loop
      vertex 3 0 17
      vertex 1.9911809548974793 1.2840741737109318 17
      vertex 1.8673165676349102 1.3261204674887133 17
    endloop
  endfacet
  facet normal 0 0 1
    outer loop
      vertex 0.6199399791262943 1.173715712973838 17
      vertex 0.22836140246614 1.8519497029047307 17
      vertex 0.401923788646684 1.5 17
    endloop
  endfacet
  facet normal 0 0 1
    outer loop
      vertex 3 0 17
      vertex 1.5428932188134525 1.5428932188134525 17
      vertex 0 3 17
    endloop
  endfacet
  facet normal 0 0 1
    outer loop
      vertex 0.8786796564403572 0.8786796564403572 17
      vertex 0 3 17
      vertex 0.22836140246614 1.8519497029047307 17
    endloop
  endfacet
  facet normal 0 0 1
    outer loop
      vertex 0 3 17
      vertex 1.5428932188134525 1.5428932188134525 17
      vertex 1.4566466597087648 1.6412385709912793 17
    endloop
  endfacet
  facet normal 0 0 1
    outer loop
      vertex 0.22836140246614 1.8519497029047307 17
      vertex 0 3 17
      vertex 0.10222252113279495 2.223542864692438 17
    endloop
  endfacet
  facet normal 0 0 1
    outer loop
      vertex 0 3 17
      vertex 1.3261204674887133 1.8673165676349102 17
      vertex 1.2840741737109318 1.9911809548974793 17
    endloop
  endfacet
  facet normal 0 0 1
    outer loop
      vertex 0 3 17
      vertex 1.2840741737109318 1.9911809548974793 17
      vertex 1.2585551386261895 2.1194738077799484 17
    endloop
  endfacet
  facet normal 0 0 1
    outer loop
      vertex 0 3 17
      vertex 1.4566466597087648 1.6412385709912793 17
      vertex 1.3839745962155614 1.75 17
    endloop
  endfacet
  facet normal 0 0 1
    outer loop
      vertex 0 3 17
      vertex 1.3839745962155614 1.75 17
      vertex 1.3261204674887133 1.8673165676349102 17
    endloop
  endfacet
  facet normal 0 0 1
    outer loop
      vertex 0 3 17
      vertex 1.2585551386261895 2.1194738077799484 17
      vertex 1.25 2.25 17
    endloop
  endfacet
  facet normal 0 0 1
    outer loop
      vertex 0.10222252113279495 2.223542864692438 17
      vertex 0 3 17
      vertex 0.025665415878568965 2.6084214233398453 17
    endloop
  endfacet
  facet normal -1 0 0
    outer loop
      vertex 0 3 0
      vertex 0 3 17
      vertex 0 19 17
    endloop
  endfacet
  facet normal 0 0 1
    outer loop
      vertex 0 3 17
      vertex 1.25 2.25 17
      vertex 1.25 19.75 17
    endloop
  endfacet
  facet normal 0 -1 0
    outer loop
      vertex 112 0 17
      vertex 17.25 0 10.5
      vertex 17.25 0 6.5
    endloop
  endfacet
  facet normal 0 0 1
    outer loop
      vertex 3 0 17
      vertex 112 0 17
      vertex 2.25 1.25 17
    endloop
  endfacet
  facet normal 0 -1 0
    outer loop
      vertex 3 0 17
      vertex 17.25 0 10.5
      vertex 112 0 17
    endloop
  endfacet
  facet normal 0 0 -1
    outer loop
      vertex 0 3 0
      vertex 0 19 0
      vertex 0.025665415878568965 19.391578576660155 0
    endloop
  endfacet
  facet normal 0 0 -1
    outer loop
      vertex 0 3 0
      vertex 0.025665415878568965 19.391578576660155 0
      vertex 3 22 0
    endloop
  endfacet
  facet normal -1 0 0
    outer loop
      vertex 0 3 0
      vertex 0 19 17
      vertex 0 19 0
    endloop
  endfacet
  facet normal 0 0 -1
    outer loop
      vertex 0.025665415878568965 19.391578576660155 0
      vertex 0.10222252113279495 19.776457135307563 0
      vertex 0.22836140246614 20.14805029709527 0
    endloop
  endfacet
  facet normal 0 0 -1
    outer loop
      vertex 0.025665415878568965 19.391578576660155 0
      vertex 0.22836140246614 20.14805029709527 0
      vertex 0.8786796564403572 21.121320343559642 0
    endloop
  endfacet
  facet normal 0 0 -1
    outer loop
      vertex 0.22836140246614 20.14805029709527 0
      vertex 0.401923788646684 20.5 0
      vertex 0.8786796564403572 21.121320343559642 0
    endloop
  endfacet
  facet normal 0 0 -1
    outer loop
      vertex 0.401923788646684 20.5 0
      vertex 0.6199399791262943 20.826284287026162 0
      vertex 0.8786796564403572 21.121320343559642 0
    endloop
  endfacet
  facet normal 0 0 -1
    outer loop
      vertex 0.025665415878568965 19.391578576660155 0
      vertex 0.8786796564403572 21.121320343559642 0
      vertex 3 22 0
    endloop
  endfacet
  facet normal 0 0 -1
    outer loop
      vertex 0.8786796564403572 21.121320343559642 0
      vertex 1.173715712973838 21.380060020873707 0
      vertex 1.8519497029047307 21.771638597533858 0
    endloop
  endfacet
  facet normal 0 0 -1
    outer loop
      vertex 1.173715712973838 21.380060020873707 0
      vertex 1.5 21.598076211353316 0
      vertex 1.8519497029047307 21.771638597533858 0
    endloop
  endfacet
  facet normal 0 0 -1
    outer loop
      vertex 0.8786796564403572 21.121320343559642 0
      vertex 1.8519497029047307 21.771638597533858 0
      vertex 3 22 0
    endloop
  endfacet
  facet normal 0 0 -1
    outer loop
      vertex 1.8519497029047307 21.771638597533858 0
      vertex 2.223542864692438 21.897777478867205 0
      vertex 3 22 0
    endloop
  endfacet
  facet normal 0 0 -1
    outer loop
      vertex 2.223542864692438 21.897777478867205 0
      vertex 2.6084214233398453 21.97433458412143 0
      vertex 3 22 0
    endloop
  endfacet
  facet normal -0.9978589232386035 0.0654031292301435 0
    outer loop
      vertex 0 19 0
      vertex 0 19 17
      vertex 0.025665415878568965 19.391578576660155 0
    endloop
  endfacet
  facet normal -0.9807852804032307 0.1950903220161271 -3.5839987067250006e-21
    outer loop
      vertex 0.025665415878568965 19.391578576660155 0
      vertex 0.10222252113279495 19.776457135307563 17
      vertex 0.10222252113279495 19.776457135307563 0
    endloop
  endfacet
  facet normal -0.9469301294951054 0.32143946530316225 0
    outer loop
      vertex 0.10222252113279495 19.776457135307563 0
      vertex 0.10222252113279495 19.776457135307563 17
      vertex 0.22836140246614 20.14805029709527 0
    endloop
  endfacet
  facet normal -0.8968727415326879 0.44228869021900186 0
    outer loop
      vertex 0.22836140246614 20.14805029709527 0
      vertex 0.22836140246614 20.14805029709527 17
      vertex 0.401923788646684 20.5 0
    endloop
  endfacet
  facet normal -0.8314696123025457 0.5555702330196017 2.5002990797788946e-19
    outer loop
      vertex 0.401923788646684 20.5 0
      vertex 0.6199399791262943 20.826284287026162 17
      vertex 0.6199399791262943 20.826284287026162 0
    endloop
  endfacet
  facet normal -0.7518398074789764 0.65934581510007 0
    outer loop
      vertex 0.6199399791262943 20.826284287026162 0
      vertex 0.6199399791262943 20.826284287026162 17
      vertex 0.8786796564403572 21.121320343559642 0
    endloop
  endfacet
  facet normal -0.6593458151000712 0.7518398074789754 -3.369218991746344e-20
    outer loop
      vertex 0.8786796564403572 21.121320343559642 0
      vertex 1.173715712973838 21.380060020873707 17
      vertex 1.173715712973838 21.380060020873707 0
    endloop
  endfacet
  facet normal -0.5555702330196003 0.8314696123025466 -5.20616482647784e-19
    outer loop
      vertex 1.173715712973838 21.380060020873707 0
      vertex 1.5 21.598076211353316 17
      vertex 1.5 21.598076211353316 0
    endloop
  endfacet
  facet normal -0.44228869021899686 0.8968727415326905 0
    outer loop
      vertex 1.5 21.598076211353316 0
      vertex 1.5 21.598076211353316 17
      vertex 1.8519497029047307 21.771638597533858 0
    endloop
  endfacet
  facet normal -0.32143946530316664 0.9469301294951039 0
    outer loop
      vertex 1.8519497029047307 21.771638597533858 0
      vertex 1.8519497029047307 21.771638597533858 17
      vertex 2.223542864692438 21.897777478867205 0
    endloop
  endfacet
  facet normal -0.19509032201612297 0.9807852804032315 7.071757923308868e-20
    outer loop
      vertex 2.223542864692438 21.897777478867205 0
      vertex 2.6084214233398453 21.97433458412143 17
      vertex 2.6084214233398453 21.97433458412143 0
    endloop
  endfacet
  facet normal -0.06540312923014809 0.9978589232386031 0
    outer loop
      vertex 2.6084214233398453 21.97433458412143 0
      vertex 2.6084214233398453 21.97433458412143 17
      vertex 3 22 0
    endloop
  endfacet
  facet normal 0 1 0
    outer loop
      vertex 3 22 0
      vertex 3 22 17
      vertex 112 22 0
    endloop
  endfacet
  facet normal 0 0 1
    outer loop
      vertex 0 3 17
      vertex 0.025665415878568965 19.391578576660155 17
      vertex 0 19 17
    endloop
  endfacet
  facet normal 0 0 1
    outer loop
      vertex 0 3 17
      vertex 1.25 19.75 17
      vertex 0.025665415878568965 19.391578576660155 17
    endloop
  endfacet
  facet normal -0.9978589232386035 0.0654031292301435 0
    outer loop
      vertex 0.025665415878568965 19.391578576660155 0
      vertex 0 19 17
      vertex 0.025665415878568965 19.391578576660155 17
    endloop
  endfacet
  facet normal -0.9807852804032307 0.1950903220161271 0
    outer loop
      vertex 0.025665415878568965 19.391578576660155 0
      vertex 0.025665415878568965 19.391578576660155 17
      vertex 0.10222252113279495 19.776457135307563 17
    endloop
  endfacet
  facet normal -0.9469301294951054 0.32143946530316225 0
    outer loop
      vertex 0.22836140246614 20.14805029709527 0
      vertex 0.10222252113279495 19.776457135307563 17
      vertex 0.22836140246614 20.14805029709527 17
    endloop
  endfacet
  facet normal -0.8968727415326879 0.44228869021900186 0
    outer loop
      vertex 0.401923788646684 20.5 0
      vertex 0.22836140246614 20.14805029709527 17
      vertex 0.401923788646684 20.5 17
    endloop
  endfacet
  facet normal -0.8314696123025457 0.5555702330196017 0
    outer loop
      vertex 0.401923788646684 20.5 0
      vertex 0.401923788646684 20.5 17
      vertex 0.6199399791262943 20.826284287026162 17
    endloop
  endfacet
  facet normal -0.7518398074789764 0.65934581510007 0
    outer loop
      vertex 0.8786796564403572 21.121320343559642 0
      vertex 0.6199399791262943 20.826284287026162 17
      vertex 0.8786796564403572 21.121320343559642 17
    endloop
  endfacet
  facet normal -0.6593458151000712 0.7518398074789754 0
    outer loop
      vertex 0.8786796564403572 21.121320343559642 0
      vertex 0.8786796564403572 21.121320343559642 17
      vertex 1.173715712973838 21.380060020873707 17
    endloop
  endfacet
  facet normal -0.5555702330196003 0.8314696123025466 0
    outer loop
      vertex 1.173715712973838 21.380060020873707 0
      vertex 1.173715712973838 21.380060020873707 17
      vertex 1.5 21.598076211353316 17
    endloop
  endfacet
  facet normal -0.44228869021899686 0.8968727415326905 0
    outer loop
      vertex 1.8519497029047307 21.771638597533858 0
      vertex 1.5 21.598076211353316 17
      vertex 1.8519497029047307 21.771638597533858 17
    endloop
  endfacet
  facet normal -0.32143946530316664 0.9469301294951039 0
    outer loop
      vertex 2.223542864692438 21.897777478867205 0
      vertex 1.8519497029047307 21.771638597533858 17
      vertex 2.223542864692438 21.897777478867205 17
    endloop
  endfacet
  facet normal -0.19509032201612297 0.9807852804032315 0
    outer loop
      vertex 2.223542864692438 21.897777478867205 0
      vertex 2.223542864692438 21.897777478867205 17
      vertex 2.6084214233398453 21.97433458412143 17
    endloop
  endfacet
  facet normal -0.06540312923014809 0.9978589232386031 0
    outer loop
      vertex 3 22 0
      vertex 2.6084214233398453 21.97433458412143 17
      vertex 3 22 17
    endloop
  endfacet
  facet normal 0 0 1
    outer loop
      vertex 0.025665415878568965 19.391578576660155 17
      vertex 1.25 19.75 17
      vertex 1.2585551386261895 19.880526192220053 17
    endloop
  endfacet
  facet normal 0 0 1
    outer loop
      vertex 0.025665415878568965 19.391578576660155 17
      vertex 1.2585551386261895 19.880526192220053 17
      vertex 1.2840741737109318 20.00881904510252 17
    endloop
  endfacet
  facet normal 0 0 1
    outer loop
      vertex 0.025665415878568965 19.391578576660155 17
      vertex 0.22836140246614 20.14805029709527 17
      vertex 0.10222252113279495 19.776457135307563 17
    endloop
  endfacet
  facet normal 0 0 1
    outer loop
      vertex 0.025665415878568965 19.391578576660155 17
      vertex 1.2840741737109318 20.00881904510252 17
      vertex 1.3261204674887133 20.13268343236509 17
    endloop
  endfacet
  facet normal 0 0 1
    outer loop
      vertex 0.025665415878568965 19.391578576660155 17
      vertex 1.3261204674887133 20.13268343236509 17
      vertex 1.3839745962155614 20.25 17
    endloop
  endfacet
  facet normal 0 0 1
    outer loop
      vertex 0.025665415878568965 19.391578576660155 17
      vertex 0.8786796564403572 21.121320343559642 17
      vertex 0.22836140246614 20.14805029709527 17
    endloop
  endfacet
  facet normal 0 0 1
    outer loop
      vertex 0.025665415878568965 19.391578576660155 17
      vertex 1.3839745962155614 20.25 17
      vertex 1.4566466597087648 20.35876142900872 17
    endloop
  endfacet
  facet normal 0 0 1
    outer loop
      vertex 0.025665415878568965 19.391578576660155 17
      vertex 1.4566466597087648 20.35876142900872 17
      vertex 1.5428932188134525 20.457106781186546 17
    endloop
  endfacet
  facet normal 0 0 1
    outer loop
      vertex 0.22836140246614 20.14805029709527 17
      vertex 0.6199399791262943 20.826284287026162 17
      vertex 0.401923788646684 20.5 17
    endloop
  endfacet
  facet normal 0 0 1
    outer loop
      vertex 0.025665415878568965 19.391578576660155 17
      vertex 1.5428932188134525 20.457106781186546 17
      vertex 3 22 17
    endloop
  endfacet
  facet normal 0 0 1
    outer loop
      vertex 0.22836140246614 20.14805029709527 17
      vertex 0.8786796564403572 21.121320343559642 17
      vertex 0.6199399791262943 20.826284287026162 17
    endloop
  endfacet
  facet normal 0 0 1
    outer loop
      vertex 0.025665415878568965 19.391578576660155 17
      vertex 3 22 17
      vertex 0.8786796564403572 21.121320343559642 17
    endloop
  endfacet
  facet normal 0 0 1
    outer loop
      vertex 3 22 17
      vertex 1.5428932188134525 20.457106781186546 17
      vertex 1.6412385709912793 20.543353340291237 17
    endloop
  endfacet
  facet normal 0 0 1
    outer loop
      vertex 3 22 17
      vertex 1.6412385709912793 20.543353340291237 17
      vertex 1.75 20.616025403784437 17
    endloop
  endfacet
  facet normal 0 0 1
    outer loop
      vertex 3 22 17
      vertex 1.75 20.616025403784437 17
      vertex 1.8673165676349102 20.673879532511286 17
    endloop
  endfacet
  facet normal 0 0 1
    outer loop
      vertex 3 22 17
      vertex 1.8673165676349102 20.673879532511286 17
      vertex 1.9911809548974793 20.71592582628907 17
    endloop
  endfacet
  facet normal 0 0 1
    outer loop
      vertex 3 22 17
      vertex 1.9911809548974793 20.71592582628907 17
      vertex 2.1194738077799484 20.74144486137381 17
    endloop
  endfacet
  facet normal 0 0 1
    outer loop
      vertex 3 22 17
      vertex 2.1194738077799484 20.74144486137381 17
      vertex 2.25 20.75 17
    endloop
  endfacet
  facet normal 0 0 1
    outer loop
      vertex 0.8786796564403572 21.121320343559642 17
      vertex 1.8519497029047307 21.771638597533858 17
      vertex 1.173715712973838 21.380060020873707 17
    endloop
  endfacet
  facet normal 0 0 1
    outer loop
      vertex 1.173715712973838 21.380060020873707 17
      vertex 1.8519497029047307 21.771638597533858 17
      vertex 1.5 21.598076211353316 17
    endloop
  endfacet
  facet normal 0 0 1
    outer loop
      vertex 0.8786796564403572 21.121320343559642 17
      vertex 3 22 17
      vertex 1.8519497029047307 21.771638597533858 17
    endloop
  endfacet
  facet normal 0 0 1
    outer loop
      vertex 1.8519497029047307 21.771638597533858 17
      vertex 3 22 17
      vertex 2.223542864692438 21.897777478867205 17
    endloop
  endfacet
  facet normal 0 0 1
    outer loop
      vertex 2.223542864692438 21.897777478867205 17
      vertex 3 22 17
      vertex 2.6084214233398453 21.97433458412143 17
    endloop
  endfacet
  facet normal 0 0 1
    outer loop
      vertex 3 22 17
      vertex 2.25 20.75 17
      vertex 112.75 20.75 17
    endloop
  endfacet
  facet normal 0 0 -1
    outer loop
      vertex 3 0 0
      vertex 115 3 0
      vertex 112 0 0
    endloop
  endfacet
  facet normal 0 -1 0
    outer loop
      vertex 3 0 0
      vertex 112 0 0
      vertex 112 0 17
    endloop
  endfacet
  facet normal 0 0 -1
    outer loop
      vertex 112 0 0
      vertex 113.14805029709527 0.22836140246614 0
      vertex 112.39157857666015 0.025665415878568965 0
    endloop
  endfacet
  facet normal 0 0 -1
    outer loop
      vertex 112.39157857666015 0.025665415878568965 0
      vertex 113.14805029709527 0.22836140246614 0
      vertex 112.77645713530757 0.10222252113279495 0
    endloop
  endfacet
  facet normal 0 0 -1
    outer loop
      vertex 112 0 0
      vertex 114.12132034355965 0.8786796564403572 0
      vertex 113.14805029709527 0.22836140246614 0
    endloop
  endfacet
  facet normal 0 0 -1
    outer loop
      vertex 113.14805029709527 0.22836140246614 0
      vertex 114.12132034355965 0.8786796564403572 0
      vertex 113.5 0.401923788646684 0
    endloop
  endfacet
  facet normal 0 0 -1
    outer loop
      vertex 113.5 0.401923788646684 0
      vertex 114.12132034355965 0.8786796564403572 0
      vertex 113.82628428702616 0.6199399791262943 0
    endloop
  endfacet
  facet normal 0 0 -1
    outer loop
      vertex 112 0 0
      vertex 115 3 0
      vertex 114.12132034355965 0.8786796564403572 0
    endloop
  endfacet
  facet normal 0 0 -1
    outer loop
      vertex 114.12132034355965 0.8786796564403572 0
      vertex 114.59807621135332 1.5 0
      vertex 114.3800600208737 1.173715712973838 0
    endloop
  endfacet
  facet normal 0 0 -1
    outer loop
      vertex 114.12132034355965 0.8786796564403572 0
      vertex 114.77163859753387 1.8519497029047307 0
      vertex 114.59807621135332 1.5 0
    endloop
  endfacet
  facet normal 0 0 -1
    outer loop
      vertex 114.12132034355965 0.8786796564403572 0
      vertex 115 3 0
      vertex 114.77163859753387 1.8519497029047307 0
    endloop
  endfacet
  facet normal 0 0 -1
    outer loop
      vertex 114.77163859753387 1.8519497029047307 0
      vertex 115 3 0
      vertex 114.8977774788672 2.223542864692438 0
    endloop
  endfacet
  facet normal 0 0 -1
    outer loop
      vertex 114.8977774788672 2.223542864692438 0
      vertex 115 3 0
      vertex 114.97433458412144 2.6084214233398453 0
    endloop
  endfacet
  facet normal 0.06540312923014409 -0.9978589232386035 -7.389338999108522e-20
    outer loop
      vertex 112 0 0
      vertex 112.39157857666015 0.025665415878568965 0
      vertex 112.39157857666015 0.025665415878568965 17
    endloop
  endfacet
  facet normal 0.19509032201612364 -0.9807852804032314 -1.1334389726078238e-19
    outer loop
      vertex 112.39157857666015 0.025665415878568965 0
      vertex 112.77645713530757 0.10222252113279495 0
      vertex 112.77645713530757 0.10222252113279495 17
    endloop
  endfacet
  facet normal 0.32143946530316775 -0.9469301294951036 0
    outer loop
      vertex 112.77645713530757 0.10222252113279495 0
      vertex 113.14805029709527 0.22836140246614 0
      vertex 112.77645713530757 0.10222252113279495 17
    endloop
  endfacet
  facet normal 0.44228869021899836 -0.8968727415326898 -2.5524610918105177e-19
    outer loop
      vertex 113.14805029709527 0.22836140246614 0
      vertex 113.5 0.401923788646684 0
      vertex 113.5 0.401923788646684 17
    endloop
  endfacet
  facet normal 0.55557023301961 -0.83146961230254 1.0316124430230314e-18
    outer loop
      vertex 113.5 0.401923788646684 0
      vertex 113.82628428702616 0.6199399791262943 0
      vertex 113.82628428702616 0.6199399791262943 17
    endloop
  endfacet
  facet normal 0.6593458151000565 -0.7518398074789883 0
    outer loop
      vertex 113.82628428702616 0.6199399791262943 0
      vertex 114.12132034355965 0.8786796564403572 0
      vertex 113.82628428702616 0.6199399791262943 17
    endloop
  endfacet
  facet normal 0.7518398074789888 -0.6593458151000557 8.240246130149797e-19
    outer loop
      vertex 114.12132034355965 0.8786796564403572 0
      vertex 114.3800600208737 1.173715712973838 0
      vertex 114.3800600208737 1.173715712973838 17
    endloop
  endfacet
  facet normal 0.8314696123025382 -0.5555702330196128 0
    outer loop
      vertex 114.3800600208737 1.173715712973838 0
      vertex 114.59807621135332 1.5 0
      vertex 114.3800600208737 1.173715712973838 17
    endloop
  endfacet
  facet normal 0.8968727415326833 -0.44228869021901146 0
    outer loop
      vertex 114.59807621135332 1.5 0
      vertex 114.77163859753387 1.8519497029047307 0
      vertex 114.59807621135332 1.5 17
    endloop
  endfacet
  facet normal 0.946930129495115 -0.3214394653031342 0
    outer loop
      vertex 114.77163859753387 1.8519497029047307 0
      vertex 114.8977774788672 2.223542864692438 0
      vertex 114.77163859753387 1.8519497029047307 17
    endloop
  endfacet
  facet normal 0.9807852804032244 -0.19509032201615778 -2.087802449649275e-19
    outer loop
      vertex 114.8977774788672 2.223542864692438 0
      vertex 114.97433458412144 2.6084214233398453 0
      vertex 114.97433458412144 2.6084214233398453 17
    endloop
  endfacet
  facet normal 0.9978589232386044 -0.06540312923013006 0
    outer loop
      vertex 114.97433458412144 2.6084214233398453 0
      vertex 115 3 0
      vertex 114.97433458412144 2.6084214233398453 17
    endloop
  endfacet
  facet normal 1 0 0
    outer loop
      vertex 115 3 0
      vertex 115 19 0
      vertex 115 3 17
    endloop
  endfacet
  facet normal 0 0 1
    outer loop
      vertex 112 0 17
      vertex 112.75 1.25 17
      vertex 2.25 1.25 17
    endloop
  endfacet
  facet normal 0.06540312923014409 -0.9978589232386035 0
    outer loop
      vertex 112 0 0
      vertex 112.39157857666015 0.025665415878568965 17
      vertex 112 0 17
    endloop
  endfacet
  facet normal 0.19509032201612364 -0.9807852804032314 0
    outer loop
      vertex 112.39157857666015 0.025665415878568965 0
      vertex 112.77645713530757 0.10222252113279495 17
      vertex 112.39157857666015 0.025665415878568965 17
    endloop
  endfacet
  facet normal 0.32143946530316775 -0.9469301294951036 0
    outer loop
      vertex 113.14805029709527 0.22836140246614 0
      vertex 113.14805029709527 0.22836140246614 17
      vertex 112.77645713530757 0.10222252113279495 17
    endloop
  endfacet
  facet normal 0.44228869021899836 -0.8968727415326898 0
    outer loop
      vertex 113.14805029709527 0.22836140246614 0
      vertex 113.5 0.401923788646684 17
      vertex 113.14805029709527 0.22836140246614 17
    endloop
  endfacet
  facet normal 0.55557023301961 -0.83146961230254 0
    outer loop
      vertex 113.5 0.401923788646684 0
      vertex 113.82628428702616 0.6199399791262943 17
      vertex 113.5 0.401923788646684 17
    endloop
  endfacet
  facet normal 0.6593458151000565 -0.7518398074789883 0
    outer loop
      vertex 114.12132034355965 0.8786796564403572 0
      vertex 114.12132034355965 0.8786796564403572 17
      vertex 113.82628428702616 0.6199399791262943 17
    endloop
  endfacet
  facet normal 0.7518398074789888 -0.6593458151000557 0
    outer loop
      vertex 114.12132034355965 0.8786796564403572 0
      vertex 114.3800600208737 1.173715712973838 17
      vertex 114.12132034355965 0.8786796564403572 17
    endloop
  endfacet
  facet normal 0.8314696123025382 -0.5555702330196128 0
    outer loop
      vertex 114.59807621135332 1.5 0
      vertex 114.59807621135332 1.5 17
      vertex 114.3800600208737 1.173715712973838 17
    endloop
  endfacet
  facet normal 0.8968727415326833 -0.44228869021901146 0
    outer loop
      vertex 114.77163859753387 1.8519497029047307 0
      vertex 114.77163859753387 1.8519497029047307 17
      vertex 114.59807621135332 1.5 17
    endloop
  endfacet
  facet normal 0.946930129495115 -0.3214394653031342 0
    outer loop
      vertex 114.8977774788672 2.223542864692438 0
      vertex 114.8977774788672 2.223542864692438 17
      vertex 114.77163859753387 1.8519497029047307 17
    endloop
  endfacet
  facet normal 0.9807852804032244 -0.19509032201615778 0
    outer loop
      vertex 114.8977774788672 2.223542864692438 0
      vertex 114.97433458412144 2.6084214233398453 17
      vertex 114.8977774788672 2.223542864692438 17
    endloop
  endfacet
  facet normal 0.9978589232386044 -0.06540312923013006 0
    outer loop
      vertex 115 3 0
      vertex 115 3 17
      vertex 114.97433458412144 2.6084214233398453 17
    endloop
  endfacet
  facet normal 0 0 1
    outer loop
      vertex 112 0 17
      vertex 112.39157857666015 0.025665415878568965 17
      vertex 113.14805029709527 0.22836140246614 17
    endloop
  endfacet
  facet normal 0 0 1
    outer loop
      vertex 112.39157857666015 0.025665415878568965 17
      vertex 112.77645713530757 0.10222252113279495 17
      vertex 113.14805029709527 0.22836140246614 17
    endloop
  endfacet
  facet normal 0 0 1
    outer loop
      vertex 112 0 17
      vertex 113.14805029709527 0.22836140246614 17
      vertex 114.12132034355965 0.8786796564403572 17
    endloop
  endfacet
  facet normal 0 0 1
    outer loop
      vertex 113.14805029709527 0.22836140246614 17
      vertex 113.5 0.401923788646684 17
      vertex 114.12132034355965 0.8786796564403572 17
    endloop
  endfacet
  facet normal 0 0 1
    outer loop
      vertex 113.5 0.401923788646684 17
      vertex 113.82628428702616 0.6199399791262943 17
      vertex 114.12132034355965 0.8786796564403572 17
    endloop
  endfacet
  facet normal 0 0 1
    outer loop
      vertex 112 0 17
      vertex 112.88052619222005 1.2585551386261895 17
      vertex 112.75 1.25 17
    endloop
  endfacet
  facet normal 0 0 1
    outer loop
      vertex 112 0 17
      vertex 113.00881904510253 1.2840741737109318 17
      vertex 112.88052619222005 1.2585551386261895 17
    endloop
  endfacet
  facet normal 0 0 1
    outer loop
      vertex 112 0 17
      vertex 113.13268343236508 1.3261204674887133 17
      vertex 113.00881904510253 1.2840741737109318 17
    endloop
  endfacet
  facet normal 0 0 1
    outer loop
      vertex 112 0 17
      vertex 113.25 1.3839745962155614 17
      vertex 113.13268343236508 1.3261204674887133 17
    endloop
  endfacet
  facet normal 0 0 1
    outer loop
      vertex 112 0 17
      vertex 113.35876142900872 1.4566466597087648 17
      vertex 113.25 1.3839745962155614 17
    endloop
  endfacet
  facet normal 0 0 1
    outer loop
      vertex 112 0 17
      vertex 113.45710678118655 1.5428932188134525 17
      vertex 113.35876142900872 1.4566466597087648 17
    endloop
  endfacet
  facet normal 0 0 1
    outer loop
      vertex 112 0 17
      vertex 114.12132034355965 0.8786796564403572 17
      vertex 115 3 17
    endloop
  endfacet
  facet normal 0 0 1
    outer loop
      vertex 114.12132034355965 0.8786796564403572 17
      vertex 114.3800600208737 1.173715712973838 17
      vertex 114.59807621135332 1.5 17
    endloop
  endfacet
  facet normal 0 0 1
    outer loop
      vertex 112 0 17
      vertex 115 3 17
      vertex 113.45710678118655 1.5428932188134525 17
    endloop
  endfacet
  facet normal 0 0 1
    outer loop
      vertex 114.12132034355965 0.8786796564403572 17
      vertex 114.59807621135332 1.5 17
      vertex 114.77163859753387 1.8519497029047307 17
    endloop
  endfacet
  facet normal 0 0 1
    outer loop
      vertex 115 3 17
      vertex 113.54335334029123 1.6412385709912793 17
      vertex 113.45710678118655 1.5428932188134525 17
    endloop
  endfacet
  facet normal 0 0 1
    outer loop
      vertex 114.12132034355965 0.8786796564403572 17
      vertex 114.77163859753387 1.8519497029047307 17
      vertex 115 3 17
    endloop
  endfacet
  facet normal 0 0 1
    outer loop
      vertex 115 3 17
      vertex 113.61602540378443 1.75 17
      vertex 113.54335334029123 1.6412385709912793 17
    endloop
  endfacet
  facet normal 0 0 1
    outer loop
      vertex 115 3 17
      vertex 113.6738795325113 1.8673165676349102 17
      vertex 113.61602540378443 1.75 17
    endloop
  endfacet
  facet normal 0 0 1
    outer loop
      vertex 114.77163859753387 1.8519497029047307 17
      vertex 114.8977774788672 2.223542864692438 17
      vertex 114.97433458412144 2.6084214233398453 17
    endloop
  endfacet
  facet normal 0 0 1
    outer loop
      vertex 115 3 17
      vertex 113.71592582628907 1.9911809548974793 17
      vertex 113.6738795325113 1.8673165676349102 17
    endloop
  endfacet
  facet normal 0 0 1
    outer loop
      vertex 115 3 17
      vertex 113.74144486137381 2.1194738077799484 17
      vertex 113.71592582628907 1.9911809548974793 17
    endloop
  endfacet
  facet normal 0 0 1
    outer loop
      vertex 115 3 17
      vertex 113.75 2.25 17
      vertex 113.74144486137381 2.1194738077799484 17
    endloop
  endfacet
  facet normal 0 0 1
    outer loop
      vertex 114.77163859753387 1.8519497029047307 17
      vertex 114.97433458412144 2.6084214233398453 17
      vertex 115 3 17
    endloop
  endfacet
  facet normal 0 0 1
    outer loop
      vertex 115 3 17
      vertex 114.97433458412144 19.391578576660155 17
      vertex 113.75 2.25 17
    endloop
  endfacet
  facet normal 0 0 -1
    outer loop
      vertex 3 22 0
      vertex 112.39157857666015 21.97433458412143 0
      vertex 115 3 0
    endloop
  endfacet
  facet normal 0 0 -1
    outer loop
      vertex 3 22 0
      vertex 112 22 0
      vertex 112.39157857666015 21.97433458412143 0
    endloop
  endfacet
  facet normal 0 0 -1
    outer loop
      vertex 115 3 0
      vertex 114.97433458412144 19.391578576660155 0
      vertex 115 19 0
    endloop
  endfacet
  facet normal 0 0 -1
    outer loop
      vertex 115 3 0
      vertex 112.39157857666015 21.97433458412143 0
      vertex 114.97433458412144 19.391578576660155 0
    endloop
  endfacet
  facet normal 0 0 -1
    outer loop
      vertex 114.97433458412144 19.391578576660155 0
      vertex 114.77163859753387 20.14805029709527 0
      vertex 114.8977774788672 19.776457135307563 0
    endloop
  endfacet
  facet normal 0 0 -1
    outer loop
      vertex 114.97433458412144 19.391578576660155 0
      vertex 114.12132034355965 21.121320343559642 0
      vertex 114.77163859753387 20.14805029709527 0
    endloop
  endfacet
  facet normal 0 0 -1
    outer loop
      vertex 114.77163859753387 20.14805029709527 0
      vertex 114.12132034355965 21.121320343559642 0
      vertex 114.59807621135332 20.5 0
    endloop
  endfacet
  facet normal 0 0 -1
    outer loop
      vertex 114.97433458412144 19.391578576660155 0
      vertex 112.39157857666015 21.97433458412143 0
      vertex 114.12132034355965 21.121320343559642 0
    endloop
  endfacet
  facet normal 0 0 -1
    outer loop
      vertex 114.59807621135332 20.5 0
      vertex 114.12132034355965 21.121320343559642 0
      vertex 114.3800600208737 20.826284287026162 0
    endloop
  endfacet
  facet normal 0 0 -1
    outer loop
      vertex 113.14805029709527 21.771638597533858 0
      vertex 112.39157857666015 21.97433458412143 0
      vertex 112.77645713530757 21.897777478867205 0
    endloop
  endfacet
  facet normal 0 0 -1
    outer loop
      vertex 114.12132034355965 21.121320343559642 0
      vertex 113.14805029709527 21.771638597533858 0
      vertex 113.82628428702616 21.380060020873707 0
    endloop
  endfacet
  facet normal 0 0 -1
    outer loop
      vertex 114.12132034355965 21.121320343559642 0
      vertex 112.39157857666015 21.97433458412143 0
      vertex 113.14805029709527 21.771638597533858 0
    endloop
  endfacet
  facet normal 0 0 -1
    outer loop
      vertex 113.14805029709527 21.771638597533858 0
      vertex 113.5 21.598076211353316 0
      vertex 113.82628428702616 21.380060020873707 0
    endloop
  endfacet
  facet normal 0.9978589232386044 0.06540312923012999 -9.080858049775582e-20
    outer loop
      vertex 115 19 0
      vertex 114.97433458412144 19.391578576660155 0
      vertex 114.97433458412144 19.391578576660155 17
    endloop
  endfacet
  facet normal 0.9807852804032247 0.19509032201615759 0
    outer loop
      vertex 114.97433458412144 19.391578576660155 0
      vertex 114.8977774788672 19.776457135307563 0
      vertex 114.97433458412144 19.391578576660155 17
    endloop
  endfacet
  facet normal 0.9469301294951151 0.3214394653031339 3.0079545336217375e-19
    outer loop
      vertex 114.8977774788672 19.776457135307563 0
      vertex 114.77163859753387 20.14805029709527 0
      vertex 114.77163859753387 20.14805029709527 17
    endloop
  endfacet
  facet normal 0.8968727415326826 0.4422886902190128 0
    outer loop
      vertex 114.77163859753387 20.14805029709527 0
      vertex 114.59807621135332 20.5 0
      vertex 114.77163859753387 20.14805029709527 17
    endloop
  endfacet
  facet normal 0.8314696123025384 0.5555702330196126 -6.148288210296871e-19
    outer loop
      vertex 114.59807621135332 20.5 0
      vertex 114.3800600208737 20.826284287026162 0
      vertex 114.3800600208737 20.826284287026162 17
    endloop
  endfacet
  facet normal 0.659345815100059 0.7518398074789859 0
    outer loop
      vertex 114.12132034355965 21.121320343559642 0
      vertex 113.82628428702616 21.380060020873707 0
      vertex 114.12132034355965 21.121320343559642 17
    endloop
  endfacet
  facet normal 0.7518398074789876 0.6593458151000572 6.304526220495409e-19
    outer loop
      vertex 114.3800600208737 20.826284287026162 0
      vertex 114.12132034355965 21.121320343559642 0
      vertex 114.12132034355965 21.121320343559642 17
    endloop
  endfacet
  facet normal 0.0654031292301486 0.9978589232386031 0
    outer loop
      vertex 112 22 0
      vertex 112 22 17
      vertex 112.39157857666015 21.97433458412143 0
    endloop
  endfacet
  facet normal 0.3214394653031718 0.9469301294951021 0
    outer loop
      vertex 113.14805029709527 21.771638597533858 0
      vertex 112.77645713530757 21.897777478867205 0
      vertex 113.14805029709527 21.771638597533858 17
    endloop
  endfacet
  facet normal 0.19509032201611928 0.9807852804032322 0
    outer loop
      vertex 112.39157857666015 21.97433458412143 0
      vertex 112.39157857666015 21.97433458412143 17
      vertex 112.77645713530757 21.897777478867205 0
    endloop
  endfacet
  facet normal 0.5555702330196085 0.8314696123025411 0
    outer loop
      vertex 113.82628428702616 21.380060020873707 0
      vertex 113.5 21.598076211353316 0
      vertex 113.82628428702616 21.380060020873707 17
    endloop
  endfacet
  facet normal 0.4422886902189947 0.8968727415326917 0
    outer loop
      vertex 113.14805029709527 21.771638597533858 0
      vertex 113.14805029709527 21.771638597533858 17
      vertex 113.5 21.598076211353316 0
    endloop
  endfacet
  facet normal 0 1 0
    outer loop
      vertex 3 22 17
      vertex 112 22 17
      vertex 112 22 0
    endloop
  endfacet
  facet normal 0 0 1
    outer loop
      vertex 3 22 17
      vertex 112.75 20.75 17
      vertex 112.39157857666015 21.97433458412143 17
    endloop
  endfacet
  facet normal 0 0 1
    outer loop
      vertex 3 22 17
      vertex 112.39157857666015 21.97433458412143 17
      vertex 112 22 17
    endloop
  endfacet
  facet normal 1 0 0
    outer loop
      vertex 115 3 17
      vertex 115 19 0
      vertex 115 19 17
    endloop
  endfacet
  facet normal 0 0 1
    outer loop
      vertex 114.97433458412144 19.391578576660155 17
      vertex 113.75 19.75 17
      vertex 113.75 2.25 17
    endloop
  endfacet
  facet normal 0 0 1
    outer loop
      vertex 115 3 17
      vertex 115 19 17
      vertex 114.97433458412144 19.391578576660155 17
    endloop
  endfacet
  facet normal 0.9978589232386044 0.06540312923012999 0
    outer loop
      vertex 115 19 0
      vertex 114.97433458412144 19.391578576660155 17
      vertex 115 19 17
    endloop
  endfacet
  facet normal 0.9807852804032247 0.19509032201615759 0
    outer loop
      vertex 114.8977774788672 19.776457135307563 0
      vertex 114.8977774788672 19.776457135307563 17
      vertex 114.97433458412144 19.391578576660155 17
    endloop
  endfacet
  facet normal 0.9469301294951151 0.3214394653031339 0
    outer loop
      vertex 114.8977774788672 19.776457135307563 0
      vertex 114.77163859753387 20.14805029709527 17
      vertex 114.8977774788672 19.776457135307563 17
    endloop
  endfacet
  facet normal 0.8968727415326826 0.4422886902190128 0
    outer loop
      vertex 114.59807621135332 20.5 0
      vertex 114.59807621135332 20.5 17
      vertex 114.77163859753387 20.14805029709527 17
    endloop
  endfacet
  facet normal 0.8314696123025384 0.5555702330196126 0
    outer loop
      vertex 114.59807621135332 20.5 0
      vertex 114.3800600208737 20.826284287026162 17
      vertex 114.59807621135332 20.5 17
    endloop
  endfacet
  facet normal 0.7518398074789876 0.6593458151000572 0
    outer loop
      vertex 114.3800600208737 20.826284287026162 0
      vertex 114.12132034355965 21.121320343559642 17
      vertex 114.3800600208737 20.826284287026162 17
    endloop
  endfacet
  facet normal 0.659345815100059 0.7518398074789859 0
    outer loop
      vertex 113.82628428702616 21.380060020873707 0
      vertex 113.82628428702616 21.380060020873707 17
      vertex 114.12132034355965 21.121320343559642 17
    endloop
  endfacet
  facet normal 0.0654031292301486 0.9978589232386031 0
    outer loop
      vertex 112.39157857666015 21.97433458412143 0
      vertex 112 22 17
      vertex 112.39157857666015 21.97433458412143 17
    endloop
  endfacet
  facet normal 0.19509032201611928 0.9807852804032322 0
    outer loop
      vertex 112.77645713530757 21.897777478867205 0
      vertex 112.39157857666015 21.97433458412143 17
      vertex 112.77645713530757 21.897777478867205 17
    endloop
  endfacet
  facet normal 0.3214394653031718 0.9469301294951021 0
    outer loop
      vertex 112.77645713530757 21.897777478867205 0
      vertex 112.77645713530757 21.897777478867205 17
      vertex 113.14805029709527 21.771638597533858 17
    endloop
  endfacet
  facet normal 0.5555702330196085 0.8314696123025411 0
    outer loop
      vertex 113.5 21.598076211353316 0
      vertex 113.5 21.598076211353316 17
      vertex 113.82628428702616 21.380060020873707 17
    endloop
  endfacet
  facet normal 0.4422886902189947 0.8968727415326917 0
    outer loop
      vertex 113.5 21.598076211353316 0
      vertex 113.14805029709527 21.771638597533858 17
      vertex 113.5 21.598076211353316 17
    endloop
  endfacet
  facet normal 0 0 1
    outer loop
      vertex 114.97433458412144 19.391578576660155 17
      vertex 113.61602540378443 20.25 17
      vertex 113.6738795325113 20.13268343236509 17
    endloop
  endfacet
  facet normal 0 0 1
    outer loop
      vertex 114.97433458412144 19.391578576660155 17
      vertex 113.74144486137381 19.880526192220053 17
      vertex 113.75 19.75 17
    endloop
  endfacet
  facet normal 0 0 1
    outer loop
      vertex 114.97433458412144 19.391578576660155 17
      vertex 113.71592582628907 20.00881904510252 17
      vertex 113.74144486137381 19.880526192220053 17
    endloop
  endfacet
  facet normal 0 0 1
    outer loop
      vertex 114.97433458412144 19.391578576660155 17
      vertex 113.6738795325113 20.13268343236509 17
      vertex 113.71592582628907 20.00881904510252 17
    endloop
  endfacet
  facet normal 0 0 1
    outer loop
      vertex 114.97433458412144 19.391578576660155 17
      vertex 114.8977774788672 19.776457135307563 17
      vertex 114.77163859753387 20.14805029709527 17
    endloop
  endfacet
  facet normal 0 0 1
    outer loop
      vertex 114.97433458412144 19.391578576660155 17
      vertex 113.54335334029123 20.35876142900872 17
      vertex 113.61602540378443 20.25 17
    endloop
  endfacet
  facet normal 0 0 1
    outer loop
      vertex 114.97433458412144 19.391578576660155 17
      vertex 113.45710678118655 20.457106781186546 17
      vertex 113.54335334029123 20.35876142900872 17
    endloop
  endfacet
  facet normal 0 0 1
    outer loop
      vertex 114.97433458412144 19.391578576660155 17
      vertex 113.35876142900872 20.543353340291237 17
      vertex 113.45710678118655 20.457106781186546 17
    endloop
  endfacet
  facet normal 0 0 1
    outer loop
      vertex 114.97433458412144 19.391578576660155 17
      vertex 114.77163859753387 20.14805029709527 17
      vertex 114.12132034355965 21.121320343559642 17
    endloop
  endfacet
  facet normal 0 0 1
    outer loop
      vertex 114.77163859753387 20.14805029709527 17
      vertex 114.59807621135332 20.5 17
      vertex 114.12132034355965 21.121320343559642 17
    endloop
  endfacet
  facet normal 0 0 1
    outer loop
      vertex 112.39157857666015 21.97433458412143 17
      vertex 113.25 20.616025403784437 17
      vertex 113.35876142900872 20.543353340291237 17
    endloop
  endfacet
  facet normal 0 0 1
    outer loop
      vertex 112.39157857666015 21.97433458412143 17
      vertex 113.13268343236508 20.673879532511286 17
      vertex 113.25 20.616025403784437 17
    endloop
  endfacet
  facet normal 0 0 1
    outer loop
      vertex 112.39157857666015 21.97433458412143 17
      vertex 113.00881904510253 20.71592582628907 17
      vertex 113.13268343236508 20.673879532511286 17
    endloop
  endfacet
  facet normal 0 0 1
    outer loop
      vertex 112.39157857666015 21.97433458412143 17
      vertex 112.75 20.75 17
      vertex 112.88052619222005 20.74144486137381 17
    endloop
  endfacet
  facet normal 0 0 1
    outer loop
      vertex 112.39157857666015 21.97433458412143 17
      vertex 112.88052619222005 20.74144486137381 17
      vertex 113.00881904510253 20.71592582628907 17
    endloop
  endfacet
  facet normal 0 0 1
    outer loop
      vertex 114.97433458412144 19.391578576660155 17
      vertex 112.39157857666015 21.97433458412143 17
      vertex 113.35876142900872 20.543353340291237 17
    endloop
  endfacet
  facet normal 0 0 1
    outer loop
      vertex 114.97433458412144 19.391578576660155 17
      vertex 114.12132034355965 21.121320343559642 17
      vertex 112.39157857666015 21.97433458412143 17
    endloop
  endfacet
  facet normal 0 0 1
    outer loop
      vertex 114.59807621135332 20.5 17
      vertex 114.3800600208737 20.826284287026162 17
      vertex 114.12132034355965 21.121320343559642 17
    endloop
  endfacet
  facet normal 0 0 1
    outer loop
      vertex 113.14805029709527 21.771638597533858 17
      vertex 112.77645713530757 21.897777478867205 17
      vertex 112.39157857666015 21.97433458412143 17
    endloop
  endfacet
  facet normal 0 0 1
    outer loop
      vertex 114.12132034355965 21.121320343559642 17
      vertex 113.82628428702616 21.380060020873707 17
      vertex 113.14805029709527 21.771638597533858 17
    endloop
  endfacet
  facet normal 0 0 1
    outer loop
      vertex 114.12132034355965 21.121320343559642 17
      vertex 113.14805029709527 21.771638597533858 17
      vertex 112.39157857666015 21.97433458412143 17
    endloop
  endfacet
  facet normal 0 0 1
    outer loop
      vertex 113.14805029709527 21.771638597533858 17
      vertex 113.82628428702616 21.380060020873707 17
      vertex 113.5 21.598076211353316 17
    endloop
  endfacet
  facet normal 0 0 1
    outer loop
      vertex 2.7411809548974793 2.034074173710932 1.5
      vertex 2.8694738077799484 2.0085551386261895 1.5
      vertex 2.6173165676349104 2.076120467488713 1.5
    endloop
  endfacet
  facet normal 0 0 1
    outer loop
      vertex 2.5 2.1339745962155616 1.5
      vertex 2.6173165676349104 2.076120467488713 1.5
      vertex 2.3912385709912796 2.206646659708765 1.5
    endloop
  endfacet
  facet normal 0 0 1
    outer loop
      vertex 2.8694738077799484 2.0085551386261895 1.5
      vertex 2.2928932188134525 2.2928932188134525 1.5
      vertex 2.6173165676349104 2.076120467488713 1.5
    endloop
  endfacet
  facet normal 0 0 1
    outer loop
      vertex 2.3912385709912796 2.206646659708765 1.5
      vertex 2.6173165676349104 2.076120467488713 1.5
      vertex 2.2928932188134525 2.2928932188134525 1.5
    endloop
  endfacet
  facet normal 0 0 1
    outer loop
      vertex 2.2928932188134525 2.2928932188134525 1.5
      vertex 2.076120467488713 2.6173165676349104 1.5
      vertex 2.206646659708765 2.3912385709912796 1.5
    endloop
  endfacet
  facet normal 0 0 1
    outer loop
      vertex 2.206646659708765 2.3912385709912796 1.5
      vertex 2.076120467488713 2.6173165676349104 1.5
      vertex 2.1339745962155616 2.5 1.5
    endloop
  endfacet
  facet normal 0 0 1
    outer loop
      vertex 2.8694738077799484 2.0085551386261895 1.5
      vertex 2 3 1.5
      vertex 2.2928932188134525 2.2928932188134525 1.5
    endloop
  endfacet
  facet normal 0 0 1
    outer loop
      vertex 2.2928932188134525 2.2928932188134525 1.5
      vertex 2 3 1.5
      vertex 2.076120467488713 2.6173165676349104 1.5
    endloop
  endfacet
  facet normal 0.3214394653031599 0.9469301294951062 9.182695022531406e-21
    outer loop
      vertex 2.7411809548974793 2.034074173710932 1.5
      vertex 2.6173165676349104 2.076120467488713 1.5
      vertex 2.6173165676349104 2.076120467488713 8.5
    endloop
  endfacet
  facet normal 0.06540312923014245 0.9978589232386035 0
    outer loop
      vertex 2.8694738077799484 2.0085551386261895 1.5
      vertex 2.8694738077799484 2.0085551386261895 8.5
      vertex 3 2 1.5
    endloop
  endfacet
  facet normal 0.1950903220161295 0.9807852804032302 0
    outer loop
      vertex 2.7411809548974793 2.034074173710932 1.5
      vertex 2.7411809548974793 2.034074173710932 8.5
      vertex 2.8694738077799484 2.0085551386261895 1.5
    endloop
  endfacet
  facet normal 0.44228869021900374 0.8968727415326871 0
    outer loop
      vertex 2.5 2.1339745962155616 1.5
      vertex 2.5 2.1339745962155616 8.5
      vertex 2.6173165676349104 2.076120467488713 1.5
    endloop
  endfacet
  facet normal 0.5555702330196027 0.831469612302545 -4.919982749206611e-19
    outer loop
      vertex 2.5 2.1339745962155616 1.5
      vertex 2.3912385709912796 2.206646659708765 1.5
      vertex 2.3912385709912796 2.206646659708765 8.5
    endloop
  endfacet
  facet normal 0.7518398074789785 0.6593458151000676 -2.826986459095205e-19
    outer loop
      vertex 2.2928932188134525 2.2928932188134525 1.5
      vertex 2.206646659708765 2.3912385709912796 1.5
      vertex 2.206646659708765 2.3912385709912796 8.5
    endloop
  endfacet
  facet normal 0.6593458151000676 0.7518398074789785 -2.826986459095205e-19
    outer loop
      vertex 2.3912385709912796 2.206646659708765 1.5
      vertex 2.2928932188134525 2.2928932188134525 1.5
      vertex 2.2928932188134525 2.2928932188134525 8.5
    endloop
  endfacet
  facet normal 0.831469612302545 0.5555702330196027 -4.919982749206611e-19
    outer loop
      vertex 2.206646659708765 2.3912385709912796 1.5
      vertex 2.1339745962155616 2.5 1.5
      vertex 2.1339745962155616 2.5 8.5
    endloop
  endfacet
  facet normal 0.8968727415326871 0.44228869021900374 0
    outer loop
      vertex 2.076120467488713 2.6173165676349104 1.5
      vertex 2.076120467488713 2.6173165676349104 8.5
      vertex 2.1339745962155616 2.5 1.5
    endloop
  endfacet
  facet normal 0.9469301294951062 0.3214394653031599 9.182695022531406e-21
    outer loop
      vertex 2.076120467488713 2.6173165676349104 1.5
      vertex 2.034074173710932 2.7411809548974793 1.5
      vertex 2.034074173710932 2.7411809548974793 8.5
    endloop
  endfacet
  facet normal 0 0 1
    outer loop
      vertex 2.076120467488713 2.6173165676349104 1.5
      vertex 2 3 1.5
      vertex 2.034074173710932 2.7411809548974793 1.5
    endloop
  endfacet
  facet normal 0 0 1
    outer loop
      vertex 2.034074173710932 2.7411809548974793 1.5
      vertex 2 3 1.5
      vertex 2.0085551386261895 2.8694738077799484 1.5
    endloop
  endfacet
  facet normal 0.9807852804032302 0.1950903220161295 1.1674146425621213e-19
    outer loop
      vertex 2.034074173710932 2.7411809548974793 1.5
      vertex 2.0085551386261895 2.8694738077799484 1.5
      vertex 2.0085551386261895 2.8694738077799484 8.5
    endloop
  endfacet
  facet normal 0.9978589232386035 0.06540312923014245 3.3861238716056257e-20
    outer loop
      vertex 2.0085551386261895 2.8694738077799484 1.5
      vertex 2 3 1.5
      vertex 2 3 8.5
    endloop
  endfacet
  facet normal 0.1950903220161295 0.9807852804032302 0
    outer loop
      vertex 2.8694738077799484 2.0085551386261895 1.5
      vertex 2.7411809548974793 2.034074173710932 8.5
      vertex 2.8694738077799484 2.0085551386261895 8.5
    endloop
  endfacet
  facet normal 0.3214394653031599 0.9469301294951062 0
    outer loop
      vertex 2.7411809548974793 2.034074173710932 1.5
      vertex 2.6173165676349104 2.076120467488713 8.5
      vertex 2.7411809548974793 2.034074173710932 8.5
    endloop
  endfacet
  facet normal 0.06540312923014245 0.9978589232386035 0
    outer loop
      vertex 3 2 1.5
      vertex 2.8694738077799484 2.0085551386261895 8.5
      vertex 3 2 8.5
    endloop
  endfacet
  facet normal 0.44228869021900374 0.8968727415326871 0
    outer loop
      vertex 2.6173165676349104 2.076120467488713 1.5
      vertex 2.5 2.1339745962155616 8.5
      vertex 2.6173165676349104 2.076120467488713 8.5
    endloop
  endfacet
  facet normal 0.5555702330196027 0.831469612302545 0
    outer loop
      vertex 2.5 2.1339745962155616 1.5
      vertex 2.3912385709912796 2.206646659708765 8.5
      vertex 2.5 2.1339745962155616 8.5
    endloop
  endfacet
  facet normal 0.6593458151000676 0.7518398074789785 0
    outer loop
      vertex 2.3912385709912796 2.206646659708765 1.5
      vertex 2.2928932188134525 2.2928932188134525 8.5
      vertex 2.3912385709912796 2.206646659708765 8.5
    endloop
  endfacet
  facet normal 0.7518398074789785 0.6593458151000676 0
    outer loop
      vertex 2.2928932188134525 2.2928932188134525 1.5
      vertex 2.206646659708765 2.3912385709912796 8.5
      vertex 2.2928932188134525 2.2928932188134525 8.5
    endloop
  endfacet
  facet normal 0.831469612302545 0.5555702330196027 0
    outer loop
      vertex 2.206646659708765 2.3912385709912796 1.5
      vertex 2.1339745962155616 2.5 8.5
      vertex 2.206646659708765 2.3912385709912796 8.5
    endloop
  endfacet
  facet normal 0.8968727415326871 0.44228869021900374 0
    outer loop
      vertex 2.1339745962155616 2.5 1.5
      vertex 2.076120467488713 2.6173165676349104 8.5
      vertex 2.1339745962155616 2.5 8.5
    endloop
  endfacet
  facet normal 0.9469301294951062 0.3214394653031599 0
    outer loop
      vertex 2.076120467488713 2.6173165676349104 1.5
      vertex 2.034074173710932 2.7411809548974793 8.5
      vertex 2.076120467488713 2.6173165676349104 8.5
    endloop
  endfacet
  facet normal 0 1 0
    outer loop
      vertex 3 2 1.5
      vertex 3 2 8.5
      vertex 6.75 2 6.5
    endloop
  endfacet
  facet normal 0 1 0
    outer loop
      vertex 6.75 2 6.5
      vertex 3 2 8.5
      vertex 6.75 2 8.5
    endloop
  endfacet
  facet normal 0.9807852804032302 0.1950903220161295 0
    outer loop
      vertex 2.034074173710932 2.7411809548974793 1.5
      vertex 2.0085551386261895 2.8694738077799484 8.5
      vertex 2.034074173710932 2.7411809548974793 8.5
    endloop
  endfacet
  facet normal 0.9978589232386035 0.06540312923014245 0
    outer loop
      vertex 2.0085551386261895 2.8694738077799484 1.5
      vertex 2 3 8.5
      vertex 2.0085551386261895 2.8694738077799484 8.5
    endloop
  endfacet
  facet normal 0 0 1
    outer loop
      vertex 2.8694738077799484 2.0085551386261895 1.5
      vertex 2 19 1.5
      vertex 2 3 1.5
    endloop
  endfacet
  facet normal 1 0 0
    outer loop
      vertex 2 3 1.5
      vertex 2 19 8.5
      vertex 2 3 8.5
    endloop
  endfacet
  facet normal 0 0 1
    outer loop
      vertex 2.8694738077799484 2.0085551386261895 1.5
      vertex 3 2 1.5
      vertex 112.13052619222005 2.0085551386261895 1.5
    endloop
  endfacet
  facet normal 0 1 0
    outer loop
      vertex 3 2 1.5
      vertex 6.75 2 6.5
      vertex 112 2 1.5
    endloop
  endfacet
  facet normal 0 1 0
    outer loop
      vertex 6.75 2 6.5
      vertex 17.25 2 6.5
      vertex 112 2 1.5
    endloop
  endfacet
  facet normal 0 1 0
    outer loop
      vertex 17.25 2 6.5
      vertex 17.25 2 8.5
      vertex 112 2 8.5
    endloop
  endfacet
  facet normal 0 0 1
    outer loop
      vertex 2.8694738077799484 2.0085551386261895 1.5
      vertex 113 3 1.5
      vertex 3 20 1.5
    endloop
  endfacet
  facet normal 0 0 1
    outer loop
      vertex 2.8694738077799484 2.0085551386261895 1.5
      vertex 3 20 1.5
      vertex 2 19 1.5
    endloop
  endfacet
  facet normal 1 0 0
    outer loop
      vertex 2 3 1.5
      vertex 2 19 1.5
      vertex 2 19 8.5
    endloop
  endfacet
  facet normal 0 0 1
    outer loop
      vertex 2 19 1.5
      vertex 2.076120467488713 19.38268343236509 1.5
      vertex 2.0085551386261895 19.130526192220053 1.5
    endloop
  endfacet
  facet normal 0.9978589232386035 -0.06540312923014178 9.941292631235665e-20
    outer loop
      vertex 2 19 1.5
      vertex 2.0085551386261895 19.130526192220053 1.5
      vertex 2.0085551386261895 19.130526192220053 8.5
    endloop
  endfacet
  facet normal 0.9807852804032297 -0.19509032201613277 4.549760965889883e-20
    outer loop
      vertex 2.0085551386261895 19.130526192220053 1.5
      vertex 2.034074173710932 19.25881904510252 1.5
      vertex 2.034074173710932 19.25881904510252 8.5
    endloop
  endfacet
  facet normal 0 0 1
    outer loop
      vertex 2.0085551386261895 19.130526192220053 1.5
      vertex 2.076120467488713 19.38268343236509 1.5
      vertex 2.034074173710932 19.25881904510252 1.5
    endloop
  endfacet
  facet normal 0 0 1
    outer loop
      vertex 2 19 1.5
      vertex 2.2928932188134525 19.707106781186546 1.5
      vertex 2.076120467488713 19.38268343236509 1.5
    endloop
  endfacet
  facet normal 0 0 1
    outer loop
      vertex 2.076120467488713 19.38268343236509 1.5
      vertex 2.2928932188134525 19.707106781186546 1.5
      vertex 2.1339745962155616 19.5 1.5
    endloop
  endfacet
  facet normal 0 0 1
    outer loop
      vertex 2 19 1.5
      vertex 3 20 1.5
      vertex 2.2928932188134525 19.707106781186546 1.5
    endloop
  endfacet
  facet normal 0 0 1
    outer loop
      vertex 2.1339745962155616 19.5 1.5
      vertex 2.2928932188134525 19.707106781186546 1.5
      vertex 2.206646659708765 19.60876142900872 1.5
    endloop
  endfacet
  facet normal 0 0 1
    outer loop
      vertex 2.2928932188134525 19.707106781186546 1.5
      vertex 2.6173165676349104 19.923879532511286 1.5
      vertex 2.3912385709912796 19.793353340291237 1.5
    endloop
  endfacet
  facet normal 0 0 1
    outer loop
      vertex 2.3912385709912796 19.793353340291237 1.5
      vertex 2.6173165676349104 19.923879532511286 1.5
      vertex 2.5 19.866025403784437 1.5
    endloop
  endfacet
  facet normal 0 0 1
    outer loop
      vertex 2.2928932188134525 19.707106781186546 1.5
      vertex 3 20 1.5
      vertex 2.6173165676349104 19.923879532511286 1.5
    endloop
  endfacet
  facet normal 0 0 1
    outer loop
      vertex 2.6173165676349104 19.923879532511286 1.5
      vertex 2.8694738077799484 19.99144486137381 1.5
      vertex 2.7411809548974793 19.96592582628907 1.5
    endloop
  endfacet
  facet normal 0 0 1
    outer loop
      vertex 2.6173165676349104 19.923879532511286 1.5
      vertex 3 20 1.5
      vertex 2.8694738077799484 19.99144486137381 1.5
    endloop
  endfacet
  facet normal 0.9469301294951084 -0.3214394653031537 1.4826726907353803e-19
    outer loop
      vertex 2.034074173710932 19.25881904510252 1.5
      vertex 2.076120467488713 19.38268343236509 1.5
      vertex 2.076120467488713 19.38268343236509 8.5
    endloop
  endfacet
  facet normal 0.8968727415326844 -0.44228869021900913 -2.09793372309009e-19
    outer loop
      vertex 2.076120467488713 19.38268343236509 1.5
      vertex 2.1339745962155616 19.5 1.5
      vertex 2.1339745962155616 19.5 8.5
    endloop
  endfacet
  facet normal 0.8314696123025428 -0.5555702330196058 9.775119438238163e-20
    outer loop
      vertex 2.1339745962155616 19.5 1.5
      vertex 2.206646659708765 19.60876142900872 1.5
      vertex 2.206646659708765 19.60876142900872 8.5
    endloop
  endfacet
  facet normal 0.751839807478977 -0.6593458151000693 1.3280431777088723e-19
    outer loop
      vertex 2.206646659708765 19.60876142900872 1.5
      vertex 2.2928932188134525 19.707106781186546 1.5
      vertex 2.2928932188134525 19.707106781186546 8.5
    endloop
  endfacet
  facet normal 0.6593458151000811 -0.7518398074789666 7.276712559133001e-19
    outer loop
      vertex 2.2928932188134525 19.707106781186546 1.5
      vertex 2.3912385709912796 19.793353340291237 1.5
      vertex 2.3912385709912796 19.793353340291237 8.5
    endloop
  endfacet
  facet normal 0.5555702330195886 -0.8314696123025543 3.829581277087632e-19
    outer loop
      vertex 2.3912385709912796 19.793353340291237 1.5
      vertex 2.5 19.866025403784437 1.5
      vertex 2.5 19.866025403784437 8.5
    endloop
  endfacet
  facet normal 0.44228869021900374 -0.8968727415326871 2.498746389955108e-19
    outer loop
      vertex 2.5 19.866025403784437 1.5
      vertex 2.6173165676349104 19.923879532511286 1.5
      vertex 2.6173165676349104 19.923879532511286 8.5
    endloop
  endfacet
  facet normal 0.32143946530317513 -0.946930129495101 7.875368028737397e-20
    outer loop
      vertex 2.6173165676349104 19.923879532511286 1.5
      vertex 2.7411809548974793 19.96592582628907 1.5
      vertex 2.7411809548974793 19.96592582628907 8.5
    endloop
  endfacet
  facet normal 0.19509032201612297 -0.9807852804032314 4.621463537037808e-21
    outer loop
      vertex 2.7411809548974793 19.96592582628907 1.5
      vertex 2.8694738077799484 19.99144486137381 1.5
      vertex 2.8694738077799484 19.99144486137381 8.5
    endloop
  endfacet
  facet normal 0.06540312923013908 -0.9978589232386038 -1.0908432909295754e-19
    outer loop
      vertex 2.8694738077799484 19.99144486137381 1.5
      vertex 3 20 1.5
      vertex 3 20 8.5
    endloop
  endfacet
  facet normal 0.9978589232386035 -0.06540312923014178 0
    outer loop
      vertex 2 19 1.5
      vertex 2.0085551386261895 19.130526192220053 8.5
      vertex 2 19 8.5
    endloop
  endfacet
  facet normal 0.9807852804032297 -0.19509032201613277 0
    outer loop
      vertex 2.0085551386261895 19.130526192220053 1.5
      vertex 2.034074173710932 19.25881904510252 8.5
      vertex 2.0085551386261895 19.130526192220053 8.5
    endloop
  endfacet
  facet normal 0.9469301294951084 -0.3214394653031537 0
    outer loop
      vertex 2.034074173710932 19.25881904510252 1.5
      vertex 2.076120467488713 19.38268343236509 8.5
      vertex 2.034074173710932 19.25881904510252 8.5
    endloop
  endfacet
  facet normal 0.8968727415326844 -0.44228869021900913 0
    outer loop
      vertex 2.076120467488713 19.38268343236509 1.5
      vertex 2.1339745962155616 19.5 8.5
      vertex 2.076120467488713 19.38268343236509 8.5
    endloop
  endfacet
  facet normal 0.8314696123025428 -0.5555702330196058 0
    outer loop
      vertex 2.1339745962155616 19.5 1.5
      vertex 2.206646659708765 19.60876142900872 8.5
      vertex 2.1339745962155616 19.5 8.5
    endloop
  endfacet
  facet normal 0.751839807478977 -0.6593458151000693 0
    outer loop
      vertex 2.206646659708765 19.60876142900872 1.5
      vertex 2.2928932188134525 19.707106781186546 8.5
      vertex 2.206646659708765 19.60876142900872 8.5
    endloop
  endfacet
  facet normal 0.6593458151000811 -0.7518398074789666 0
    outer loop
      vertex 2.2928932188134525 19.707106781186546 1.5
      vertex 2.3912385709912796 19.793353340291237 8.5
      vertex 2.2928932188134525 19.707106781186546 8.5
    endloop
  endfacet
  facet normal 0.5555702330195886 -0.8314696123025543 0
    outer loop
      vertex 2.3912385709912796 19.793353340291237 1.5
      vertex 2.5 19.866025403784437 8.5
      vertex 2.3912385709912796 19.793353340291237 8.5
    endloop
  endfacet
  facet normal 0.44228869021900374 -0.8968727415326871 0
    outer loop
      vertex 2.5 19.866025403784437 1.5
      vertex 2.6173165676349104 19.923879532511286 8.5
      vertex 2.5 19.866025403784437 8.5
    endloop
  endfacet
  facet normal 0.32143946530317513 -0.946930129495101 0
    outer loop
      vertex 2.6173165676349104 19.923879532511286 1.5
      vertex 2.7411809548974793 19.96592582628907 8.5
      vertex 2.6173165676349104 19.923879532511286 8.5
    endloop
  endfacet
  facet normal 0.19509032201612297 -0.9807852804032314 0
    outer loop
      vertex 2.7411809548974793 19.96592582628907 1.5
      vertex 2.8694738077799484 19.99144486137381 8.5
      vertex 2.7411809548974793 19.96592582628907 8.5
    endloop
  endfacet
  facet normal 0.06540312923013908 -0.9978589232386038 0
    outer loop
      vertex 2.8694738077799484 19.99144486137381 1.5
      vertex 3 20 8.5
      vertex 2.8694738077799484 19.99144486137381 8.5
    endloop
  endfacet
  facet normal 0 -1 0
    outer loop
      vertex 3 20 1.5
      vertex 112 20 8.5
      vertex 3 20 8.5
    endloop
  endfacet
  facet normal 0 0 1
    outer loop
      vertex 3 2 1.5
      vertex 112 2 1.5
      vertex 112.13052619222005 2.0085551386261895 1.5
    endloop
  endfacet
  facet normal 0 0 1
    outer loop
      vertex 2.8694738077799484 2.0085551386261895 1.5
      vertex 112.13052619222005 2.0085551386261895 1.5
      vertex 113 3 1.5
    endloop
  endfacet
  facet normal 0 1 0
    outer loop
      vertex 17.25 2 6.5
      vertex 112 2 8.5
      vertex 112 2 1.5
    endloop
  endfacet
  facet normal 0 0 1
    outer loop
      vertex 112.13052619222005 2.0085551386261895 1.5
      vertex 112.25881904510253 2.034074173710932 1.5
      vertex 112.38268343236508 2.076120467488713 1.5
    endloop
  endfacet
  facet normal 0 0 1
    outer loop
      vertex 112.13052619222005 2.0085551386261895 1.5
      vertex 112.38268343236508 2.076120467488713 1.5
      vertex 112.70710678118655 2.2928932188134525 1.5
    endloop
  endfacet
  facet normal 0 0 1
    outer loop
      vertex 112.38268343236508 2.076120467488713 1.5
      vertex 112.5 2.1339745962155616 1.5
      vertex 112.70710678118655 2.2928932188134525 1.5
    endloop
  endfacet
  facet normal 0 0 1
    outer loop
      vertex 112.5 2.1339745962155616 1.5
      vertex 112.60876142900872 2.206646659708765 1.5
      vertex 112.70710678118655 2.2928932188134525 1.5
    endloop
  endfacet
  facet normal 0 0 1
    outer loop
      vertex 112.13052619222005 2.0085551386261895 1.5
      vertex 112.70710678118655 2.2928932188134525 1.5
      vertex 113 3 1.5
    endloop
  endfacet
  facet normal 0 0 1
    outer loop
      vertex 112.70710678118655 2.2928932188134525 1.5
      vertex 112.79335334029123 2.3912385709912796 1.5
      vertex 112.9238795325113 2.6173165676349104 1.5
    endloop
  endfacet
  facet normal 0 0 1
    outer loop
      vertex 112.79335334029123 2.3912385709912796 1.5
      vertex 112.86602540378443 2.5 1.5
      vertex 112.9238795325113 2.6173165676349104 1.5
    endloop
  endfacet
  facet normal 0 0 1
    outer loop
      vertex 112.70710678118655 2.2928932188134525 1.5
      vertex 112.9238795325113 2.6173165676349104 1.5
      vertex 113 3 1.5
    endloop
  endfacet
  facet normal 0 0 1
    outer loop
      vertex 112.9238795325113 2.6173165676349104 1.5
      vertex 112.96592582628907 2.7411809548974793 1.5
      vertex 112.99144486137381 2.8694738077799484 1.5
    endloop
  endfacet
  facet normal -0.06540312923014534 0.9978589232386034 0
    outer loop
      vertex 112 2 1.5
      vertex 112 2 8.5
      vertex 112.13052619222005 2.0085551386261895 1.5
    endloop
  endfacet
  facet normal -0.19509032201611198 0.9807852804032338 0
    outer loop
      vertex 112.13052619222005 2.0085551386261895 1.5
      vertex 112.13052619222005 2.0085551386261895 8.5
      vertex 112.25881904510253 2.034074173710932 1.5
    endloop
  endfacet
  facet normal -0.32143946530318673 0.946930129495097 0
    outer loop
      vertex 112.25881904510253 2.034074173710932 1.5
      vertex 112.25881904510253 2.034074173710932 8.5
      vertex 112.38268343236508 2.076120467488713 1.5
    endloop
  endfacet
  facet normal -0.4422886902189876 0.8968727415326951 0
    outer loop
      vertex 112.38268343236508 2.076120467488713 1.5
      vertex 112.38268343236508 2.076120467488713 8.5
      vertex 112.5 2.1339745962155616 1.5
    endloop
  endfacet
  facet normal -0.5555702330195933 0.8314696123025512 0
    outer loop
      vertex 112.5 2.1339745962155616 1.5
      vertex 112.5 2.1339745962155616 8.5
      vertex 112.60876142900872 2.206646659708765 1.5
    endloop
  endfacet
  facet normal -0.6593458151000559 0.7518398074789888 0
    outer loop
      vertex 112.60876142900872 2.206646659708765 1.5
      vertex 112.60876142900872 2.206646659708765 8.5
      vertex 112.70710678118655 2.2928932188134525 1.5
    endloop
  endfacet
  facet normal -0.7518398074790071 0.659345815100035 0
    outer loop
      vertex 112.70710678118655 2.2928932188134525 1.5
      vertex 112.70710678118655 2.2928932188134525 8.5
      vertex 112.79335334029123 2.3912385709912796 1.5
    endloop
  endfacet
  facet normal -0.8314696123025543 0.5555702330195886 0
    outer loop
      vertex 112.79335334029123 2.3912385709912796 1.5
      vertex 112.79335334029123 2.3912385709912796 8.5
      vertex 112.86602540378443 2.5 1.5
    endloop
  endfacet
  facet normal -0.8968727415326548 0.4422886902190693 0
    outer loop
      vertex 112.86602540378443 2.5 1.5
      vertex 112.86602540378443 2.5 8.5
      vertex 112.9238795325113 2.6173165676349104 1.5
    endloop
  endfacet
  facet normal -0.9469301294951259 0.3214394653031021 0
    outer loop
      vertex 112.9238795325113 2.6173165676349104 1.5
      vertex 112.9238795325113 2.6173165676349104 8.5
      vertex 112.96592582628907 2.7411809548974793 1.5
    endloop
  endfacet
  facet normal 0 0 1
    outer loop
      vertex 112.9238795325113 2.6173165676349104 1.5
      vertex 112.99144486137381 2.8694738077799484 1.5
      vertex 113 3 1.5
    endloop
  endfacet
  facet normal -0.9807852804032314 0.19509032201612297 0
    outer loop
      vertex 112.96592582628907 2.7411809548974793 1.5
      vertex 112.96592582628907 2.7411809548974793 8.5
      vertex 112.99144486137381 2.8694738077799484 1.5
    endloop
  endfacet
  facet normal -0.997858923238602 0.06540312923016611 0
    outer loop
      vertex 112.99144486137381 2.8694738077799484 1.5
      vertex 112.99144486137381 2.8694738077799484 8.5
      vertex 113 3 1.5
    endloop
  endfacet
  facet normal -0.06540312923014534 0.9978589232386034 0
    outer loop
      vertex 112.13052619222005 2.0085551386261895 1.5
      vertex 112 2 8.5
      vertex 112.13052619222005 2.0085551386261895 8.5
    endloop
  endfacet
  facet normal -0.19509032201611198 0.9807852804032338 0
    outer loop
      vertex 112.25881904510253 2.034074173710932 1.5
      vertex 112.13052619222005 2.0085551386261895 8.5
      vertex 112.25881904510253 2.034074173710932 8.5
    endloop
  endfacet
  facet normal -0.32143946530318673 0.946930129495097 0
    outer loop
      vertex 112.38268343236508 2.076120467488713 1.5
      vertex 112.25881904510253 2.034074173710932 8.5
      vertex 112.38268343236508 2.076120467488713 8.5
    endloop
  endfacet
  facet normal -0.4422886902189876 0.8968727415326951 0
    outer loop
      vertex 112.5 2.1339745962155616 1.5
      vertex 112.38268343236508 2.076120467488713 8.5
      vertex 112.5 2.1339745962155616 8.5
    endloop
  endfacet
  facet normal -0.5555702330195933 0.8314696123025512 0
    outer loop
      vertex 112.60876142900872 2.206646659708765 1.5
      vertex 112.5 2.1339745962155616 8.5
      vertex 112.60876142900872 2.206646659708765 8.5
    endloop
  endfacet
  facet normal -0.6593458151000559 0.7518398074789888 0
    outer loop
      vertex 112.70710678118655 2.2928932188134525 1.5
      vertex 112.60876142900872 2.206646659708765 8.5
      vertex 112.70710678118655 2.2928932188134525 8.5
    endloop
  endfacet
  facet normal -0.7518398074790071 0.659345815100035 0
    outer loop
      vertex 112.79335334029123 2.3912385709912796 1.5
      vertex 112.70710678118655 2.2928932188134525 8.5
      vertex 112.79335334029123 2.3912385709912796 8.5
    endloop
  endfacet
  facet normal -0.8314696123025543 0.5555702330195886 0
    outer loop
      vertex 112.86602540378443 2.5 1.5
      vertex 112.79335334029123 2.3912385709912796 8.5
      vertex 112.86602540378443 2.5 8.5
    endloop
  endfacet
  facet normal -0.8968727415326548 0.4422886902190693 0
    outer loop
      vertex 112.9238795325113 2.6173165676349104 1.5
      vertex 112.86602540378443 2.5 8.5
      vertex 112.9238795325113 2.6173165676349104 8.5
    endloop
  endfacet
  facet normal -0.9469301294951259 0.3214394653031021 0
    outer loop
      vertex 112.96592582628907 2.7411809548974793 1.5
      vertex 112.9238795325113 2.6173165676349104 8.5
      vertex 112.96592582628907 2.7411809548974793 8.5
    endloop
  endfacet
  facet normal -0.9807852804032314 0.19509032201612297 0
    outer loop
      vertex 112.99144486137381 2.8694738077799484 1.5
      vertex 112.96592582628907 2.7411809548974793 8.5
      vertex 112.99144486137381 2.8694738077799484 8.5
    endloop
  endfacet
  facet normal -0.997858923238602 0.06540312923016611 0
    outer loop
      vertex 113 3 1.5
      vertex 112.99144486137381 2.8694738077799484 8.5
      vertex 113 3 8.5
    endloop
  endfacet
  facet normal -1 0 0
    outer loop
      vertex 113 3 1.5
      vertex 113 3 8.5
      vertex 113 19 1.5
    endloop
  endfacet
  facet normal 0 0 1
    outer loop
      vertex 3 20 1.5
      vertex 113 3 1.5
      vertex 112.13052619222005 19.99144486137381 1.5
    endloop
  endfacet
  facet normal 0 0 1
    outer loop
      vertex 3 20 1.5
      vertex 112.13052619222005 19.99144486137381 1.5
      vertex 112 20 1.5
    endloop
  endfacet
  facet normal 0 -1 0
    outer loop
      vertex 3 20 1.5
      vertex 112 20 1.5
      vertex 112 20 8.5
    endloop
  endfacet
  facet normal 0 0 1
    outer loop
      vertex 113 3 1.5
      vertex 113 19 1.5
      vertex 112.13052619222005 19.99144486137381 1.5
    endloop
  endfacet
  facet normal -1 0 0
    outer loop
      vertex 113 3 8.5
      vertex 113 19 8.5
      vertex 113 19 1.5
    endloop
  endfacet
  facet normal 0 0 1
    outer loop
      vertex 113 19 1.5
      vertex 112.99144486137381 19.130526192220053 1.5
      vertex 112.96592582628907 19.25881904510252 1.5
    endloop
  endfacet
  facet normal 0 0 1
    outer loop
      vertex 113 19 1.5
      vertex 112.96592582628907 19.25881904510252 1.5
      vertex 112.9238795325113 19.38268343236509 1.5
    endloop
  endfacet
  facet normal -0.997858923238602 -0.06540312923016545 0
    outer loop
      vertex 113 19 1.5
      vertex 113 19 8.5
      vertex 112.99144486137381 19.130526192220053 1.5
    endloop
  endfacet
  facet normal -0.9807852804032309 -0.19509032201612622 0
    outer loop
      vertex 112.99144486137381 19.130526192220053 1.5
      vertex 112.99144486137381 19.130526192220053 8.5
      vertex 112.96592582628907 19.25881904510252 1.5
    endloop
  endfacet
  facet normal 0 0 1
    outer loop
      vertex 113 19 1.5
      vertex 112.9238795325113 19.38268343236509 1.5
      vertex 112.70710678118655 19.707106781186546 1.5
    endloop
  endfacet
  facet normal 0 0 1
    outer loop
      vertex 113 19 1.5
      vertex 112.70710678118655 19.707106781186546 1.5
      vertex 112.13052619222005 19.99144486137381 1.5
    endloop
  endfacet
  facet normal 0 0 1
    outer loop
      vertex 112.9238795325113 19.38268343236509 1.5
      vertex 112.86602540378443 19.5 1.5
      vertex 112.79335334029123 19.60876142900872 1.5
    endloop
  endfacet
  facet normal 0 0 1
    outer loop
      vertex 112.9238795325113 19.38268343236509 1.5
      vertex 112.79335334029123 19.60876142900872 1.5
      vertex 112.70710678118655 19.707106781186546 1.5
    endloop
  endfacet
  facet normal 0 0 1
    outer loop
      vertex 112.70710678118655 19.707106781186546 1.5
      vertex 112.60876142900872 19.793353340291237 1.5
      vertex 112.5 19.866025403784437 1.5
    endloop
  endfacet
  facet normal 0 0 1
    outer loop
      vertex 112.70710678118655 19.707106781186546 1.5
      vertex 112.5 19.866025403784437 1.5
      vertex 112.13052619222005 19.99144486137381 1.5
    endloop
  endfacet
  facet normal 0 0 1
    outer loop
      vertex 112.5 19.866025403784437 1.5
      vertex 112.38268343236508 19.923879532511286 1.5
      vertex 112.13052619222005 19.99144486137381 1.5
    endloop
  endfacet
  facet normal 0 0 1
    outer loop
      vertex 112.38268343236508 19.923879532511286 1.5
      vertex 112.25881904510253 19.96592582628907 1.5
      vertex 112.13052619222005 19.99144486137381 1.5
    endloop
  endfacet
  facet normal -0.946930129495128 -0.32143946530309586 0
    outer loop
      vertex 112.96592582628907 19.25881904510252 1.5
      vertex 112.96592582628907 19.25881904510252 8.5
      vertex 112.9238795325113 19.38268343236509 1.5
    endloop
  endfacet
  facet normal -0.8968727415326521 -0.44228869021907463 0
    outer loop
      vertex 112.9238795325113 19.38268343236509 1.5
      vertex 112.9238795325113 19.38268343236509 8.5
      vertex 112.86602540378443 19.5 1.5
    endloop
  endfacet
  facet normal -0.8314696123025523 -0.5555702330195917 0
    outer loop
      vertex 112.86602540378443 19.5 1.5
      vertex 112.86602540378443 19.5 8.5
      vertex 112.79335334029123 19.60876142900872 1.5
    endloop
  endfacet
  facet normal -0.6593458151000693 -0.7518398074789769 0
    outer loop
      vertex 112.70710678118655 19.707106781186546 1.5
      vertex 112.70710678118655 19.707106781186546 8.5
      vertex 112.60876142900872 19.793353340291237 1.5
    endloop
  endfacet
  facet normal -0.7518398074790056 -0.6593458151000368 0
    outer loop
      vertex 112.79335334029123 19.60876142900872 1.5
      vertex 112.79335334029123 19.60876142900872 8.5
      vertex 112.70710678118655 19.707106781186546 1.5
    endloop
  endfacet
  facet normal -0.5555702330195792 -0.8314696123025606 0
    outer loop
      vertex 112.60876142900872 19.793353340291237 1.5
      vertex 112.60876142900872 19.793353340291237 8.5
      vertex 112.5 19.866025403784437 1.5
    endloop
  endfacet
  facet normal -0.4422886902189876 -0.8968727415326951 0
    outer loop
      vertex 112.5 19.866025403784437 1.5
      vertex 112.5 19.866025403784437 8.5
      vertex 112.38268343236508 19.923879532511286 1.5
    endloop
  endfacet
  facet normal -0.19509032201610543 -0.980785280403235 0
    outer loop
      vertex 112.25881904510253 19.96592582628907 1.5
      vertex 112.25881904510253 19.96592582628907 8.5
      vertex 112.13052619222005 19.99144486137381 1.5
    endloop
  endfacet
  facet normal -0.06540312923014195 -0.9978589232386036 5.509250363154641e-20
    outer loop
      vertex 112 20 1.5
      vertex 112.13052619222005 19.99144486137381 1.5
      vertex 112.13052619222005 19.99144486137381 8.5
    endloop
  endfacet
  facet normal -0.321439465303202 -0.9469301294950919 0
    outer loop
      vertex 112.38268343236508 19.923879532511286 1.5
      vertex 112.38268343236508 19.923879532511286 8.5
      vertex 112.25881904510253 19.96592582628907 1.5
    endloop
  endfacet
  facet normal -0.997858923238602 -0.06540312923016545 0
    outer loop
      vertex 112.99144486137381 19.130526192220053 1.5
      vertex 113 19 8.5
      vertex 112.99144486137381 19.130526192220053 8.5
    endloop
  endfacet
  facet normal -0.9807852804032309 -0.19509032201612622 0
    outer loop
      vertex 112.96592582628907 19.25881904510252 1.5
      vertex 112.99144486137381 19.130526192220053 8.5
      vertex 112.96592582628907 19.25881904510252 8.5
    endloop
  endfacet
  facet normal -0.946930129495128 -0.32143946530309586 0
    outer loop
      vertex 112.9238795325113 19.38268343236509 1.5
      vertex 112.96592582628907 19.25881904510252 8.5
      vertex 112.9238795325113 19.38268343236509 8.5
    endloop
  endfacet
  facet normal -0.8968727415326521 -0.44228869021907463 0
    outer loop
      vertex 112.86602540378443 19.5 1.5
      vertex 112.9238795325113 19.38268343236509 8.5
      vertex 112.86602540378443 19.5 8.5
    endloop
  endfacet
  facet normal -0.8314696123025523 -0.5555702330195917 0
    outer loop
      vertex 112.79335334029123 19.60876142900872 1.5
      vertex 112.86602540378443 19.5 8.5
      vertex 112.79335334029123 19.60876142900872 8.5
    endloop
  endfacet
  facet normal -0.7518398074790056 -0.6593458151000368 0
    outer loop
      vertex 112.70710678118655 19.707106781186546 1.5
      vertex 112.79335334029123 19.60876142900872 8.5
      vertex 112.70710678118655 19.707106781186546 8.5
    endloop
  endfacet
  facet normal -0.6593458151000693 -0.7518398074789769 0
    outer loop
      vertex 112.60876142900872 19.793353340291237 1.5
      vertex 112.70710678118655 19.707106781186546 8.5
      vertex 112.60876142900872 19.793353340291237 8.5
    endloop
  endfacet
  facet normal -0.5555702330195792 -0.8314696123025606 0
    outer loop
      vertex 112.5 19.866025403784437 1.5
      vertex 112.60876142900872 19.793353340291237 8.5
      vertex 112.5 19.866025403784437 8.5
    endloop
  endfacet
  facet normal -0.4422886902189876 -0.8968727415326951 0
    outer loop
      vertex 112.38268343236508 19.923879532511286 1.5
      vertex 112.5 19.866025403784437 8.5
      vertex 112.38268343236508 19.923879532511286 8.5
    endloop
  endfacet
  facet normal -0.06540312923014195 -0.9978589232386036 0
    outer loop
      vertex 112 20 1.5
      vertex 112.13052619222005 19.99144486137381 8.5
      vertex 112 20 8.5
    endloop
  endfacet
  facet normal -0.321439465303202 -0.9469301294950919 0
    outer loop
      vertex 112.25881904510253 19.96592582628907 1.5
      vertex 112.38268343236508 19.923879532511286 8.5
      vertex 112.25881904510253 19.96592582628907 8.5
    endloop
  endfacet
  facet normal -0.19509032201610543 -0.980785280403235 0
    outer loop
      vertex 112.13052619222005 19.99144486137381 1.5
      vertex 112.25881904510253 19.96592582628907 8.5
      vertex 112.13052619222005 19.99144486137381 8.5
    endloop
  endfacet
  facet normal 0 0 1
    outer loop
      vertex 1.9911809548974793 1.2840741737109318 8.5
      vertex 2.1194738077799484 1.2585551386261895 8.5
      vertex 1.8673165676349102 1.3261204674887133 8.5
    endloop
  endfacet
  facet normal 0 0 1
    outer loop
      vertex 2.1194738077799484 1.2585551386261895 8.5
      vertex 2.25 1.25 8.5
      vertex 6.75 1.25 8.5
    endloop
  endfacet
  facet normal 0 1 0
    outer loop
      vertex 2.25 1.25 8.5
      vertex 6.75 1.25 10.5
      vertex 6.75 1.25 8.5
    endloop
  endfacet
  facet normal 0 0 1
    outer loop
      vertex 1.8673165676349102 1.3261204674887133 8.5
      vertex 1.6412385709912793 1.4566466597087648 8.5
      vertex 1.75 1.3839745962155614 8.5
    endloop
  endfacet
  facet normal 0 0 1
    outer loop
      vertex 1.8673165676349102 1.3261204674887133 8.5
      vertex 1.5428932188134525 1.5428932188134525 8.5
      vertex 1.6412385709912793 1.4566466597087648 8.5
    endloop
  endfacet
  facet normal 0 0 1
    outer loop
      vertex 1.5428932188134525 1.5428932188134525 8.5
      vertex 1.3261204674887133 1.8673165676349102 8.5
      vertex 1.4566466597087648 1.6412385709912793 8.5
    endloop
  endfacet
  facet normal 0 0 1
    outer loop
      vertex 2.1194738077799484 1.2585551386261895 8.5
      vertex 1.25 2.25 8.5
      vertex 1.5428932188134525 1.5428932188134525 8.5
    endloop
  endfacet
  facet normal 0 0 1
    outer loop
      vertex 1.4566466597087648 1.6412385709912793 8.5
      vertex 1.3261204674887133 1.8673165676349102 8.5
      vertex 1.3839745962155614 1.75 8.5
    endloop
  endfacet
  facet normal 0 0 1
    outer loop
      vertex 1.5428932188134525 1.5428932188134525 8.5
      vertex 1.25 2.25 8.5
      vertex 1.3261204674887133 1.8673165676349102 8.5
    endloop
  endfacet
  facet normal 0 0 1
    outer loop
      vertex 1.3261204674887133 1.8673165676349102 8.5
      vertex 1.25 2.25 8.5
      vertex 1.2840741737109318 1.9911809548974793 8.5
    endloop
  endfacet
  facet normal 0 0 1
    outer loop
      vertex 2.1194738077799484 1.2585551386261895 8.5
      vertex 1.5428932188134525 1.5428932188134525 8.5
      vertex 1.8673165676349102 1.3261204674887133 8.5
    endloop
  endfacet
  facet normal 0 0 1
    outer loop
      vertex 2.1194738077799484 1.2585551386261895 8.5
      vertex 3 2 8.5
      vertex 2.8694738077799484 2.0085551386261895 8.5
    endloop
  endfacet
  facet normal 0 0 1
    outer loop
      vertex 2.1194738077799484 1.2585551386261895 8.5
      vertex 2.8694738077799484 2.0085551386261895 8.5
      vertex 2.7411809548974793 2.034074173710932 8.5
    endloop
  endfacet
  facet normal 0 0 1
    outer loop
      vertex 2.1194738077799484 1.2585551386261895 8.5
      vertex 2.7411809548974793 2.034074173710932 8.5
      vertex 2.6173165676349104 2.076120467488713 8.5
    endloop
  endfacet
  facet normal 0 0 1
    outer loop
      vertex 2.1194738077799484 1.2585551386261895 8.5
      vertex 2.6173165676349104 2.076120467488713 8.5
      vertex 2.5 2.1339745962155616 8.5
    endloop
  endfacet
  facet normal 0 0 1
    outer loop
      vertex 2.1194738077799484 1.2585551386261895 8.5
      vertex 2.5 2.1339745962155616 8.5
      vertex 2.3912385709912796 2.206646659708765 8.5
    endloop
  endfacet
  facet normal 0 0 1
    outer loop
      vertex 2.1194738077799484 1.2585551386261895 8.5
      vertex 2.076120467488713 2.6173165676349104 8.5
      vertex 1.25 2.25 8.5
    endloop
  endfacet
  facet normal 0 0 1
    outer loop
      vertex 2.1194738077799484 1.2585551386261895 8.5
      vertex 2.2928932188134525 2.2928932188134525 8.5
      vertex 2.206646659708765 2.3912385709912796 8.5
    endloop
  endfacet
  facet normal 0 0 1
    outer loop
      vertex 2.1194738077799484 1.2585551386261895 8.5
      vertex 2.206646659708765 2.3912385709912796 8.5
      vertex 2.1339745962155616 2.5 8.5
    endloop
  endfacet
  facet normal 0 0 1
    outer loop
      vertex 2.1194738077799484 1.2585551386261895 8.5
      vertex 2.3912385709912796 2.206646659708765 8.5
      vertex 2.2928932188134525 2.2928932188134525 8.5
    endloop
  endfacet
  facet normal 0 0 1
    outer loop
      vertex 1.2840741737109318 1.9911809548974793 8.5
      vertex 1.25 2.25 8.5
      vertex 1.2585551386261895 2.1194738077799484 8.5
    endloop
  endfacet
  facet normal 0 0 1
    outer loop
      vertex 1.25 2.25 8.5
      vertex 2.076120467488713 2.6173165676349104 8.5
      vertex 2.034074173710932 2.7411809548974793 8.5
    endloop
  endfacet
  facet normal 0 0 1
    outer loop
      vertex 1.25 2.25 8.5
      vertex 2.034074173710932 2.7411809548974793 8.5
      vertex 2.0085551386261895 2.8694738077799484 8.5
    endloop
  endfacet
  facet normal 0 0 1
    outer loop
      vertex 1.25 2.25 8.5
      vertex 2.0085551386261895 2.8694738077799484 8.5
      vertex 2 3 8.5
    endloop
  endfacet
  facet normal 0 0 1
    outer loop
      vertex 2.1194738077799484 1.2585551386261895 8.5
      vertex 2.1339745962155616 2.5 8.5
      vertex 2.076120467488713 2.6173165676349104 8.5
    endloop
  endfacet
  facet normal 0 0 1
    outer loop
      vertex 2.1194738077799484 1.2585551386261895 8.5
      vertex 6.75 1.25 8.5
      vertex 3 2 8.5
    endloop
  endfacet
  facet normal 0 0 1
    outer loop
      vertex 6.75 1.25 8.5
      vertex 6.75 2 8.5
      vertex 3 2 8.5
    endloop
  endfacet
  facet normal 0.4422886902190017 0.8968727415326881 -3.0193512650469695e-19
    outer loop
      vertex 1.8673165676349102 1.3261204674887133 8.5
      vertex 1.75 1.3839745962155614 8.5
      vertex 1.75 1.3839745962155614 17
    endloop
  endfacet
  facet normal 0.19509032201612952 0.9807852804032302 0
    outer loop
      vertex 1.9911809548974793 1.2840741737109318 8.5
      vertex 1.9911809548974793 1.2840741737109318 17
      vertex 2.1194738077799484 1.2585551386261895 8.5
    endloop
  endfacet
  facet normal 0.06540312923014245 0.9978589232386036 0
    outer loop
      vertex 2.1194738077799484 1.2585551386261895 8.5
      vertex 2.1194738077799484 1.2585551386261895 17
      vertex 2.25 1.25 8.5
    endloop
  endfacet
  facet normal 0.3214394653031609 0.9469301294951059 -3.61532036964434e-19
    outer loop
      vertex 1.9911809548974793 1.2840741737109318 8.5
      vertex 1.8673165676349102 1.3261204674887133 8.5
      vertex 1.8673165676349102 1.3261204674887133 17
    endloop
  endfacet
  facet normal 0 1 0
    outer loop
      vertex 2.25 1.25 8.5
      vertex 2.25 1.25 17
      vertex 6.75 1.25 10.5
    endloop
  endfacet
  facet normal 0.555570233019602 0.8314696123025456 0
    outer loop
      vertex 1.6412385709912793 1.4566466597087648 8.5
      vertex 1.6412385709912793 1.4566466597087648 17
      vertex 1.75 1.3839745962155614 8.5
    endloop
  endfacet
  facet normal 0.6593458151000695 0.7518398074789769 4.713967279238495e-19
    outer loop
      vertex 1.6412385709912793 1.4566466597087648 8.5
      vertex 1.5428932188134525 1.5428932188134525 8.5
      vertex 1.5428932188134525 1.5428932188134525 17
    endloop
  endfacet
  facet normal 0.7518398074789769 0.6593458151000695 4.713967279238495e-19
    outer loop
      vertex 1.5428932188134525 1.5428932188134525 8.5
      vertex 1.4566466597087648 1.6412385709912793 8.5
      vertex 1.4566466597087648 1.6412385709912793 17
    endloop
  endfacet
  facet normal 0.8314696123025456 0.555570233019602 6.838132586795062e-19
    outer loop
      vertex 1.4566466597087648 1.6412385709912793 8.5
      vertex 1.3839745962155614 1.75 8.5
      vertex 1.3839745962155614 1.75 17
    endloop
  endfacet
  facet normal 0.8968727415326881 0.4422886902190017 -3.0193512650469695e-19
    outer loop
      vertex 1.3839745962155614 1.75 8.5
      vertex 1.3261204674887133 1.8673165676349102 8.5
      vertex 1.3261204674887133 1.8673165676349102 17
    endloop
  endfacet
  facet normal 0.9469301294951059 0.3214394653031609 -3.61532036964434e-19
    outer loop
      vertex 1.3261204674887133 1.8673165676349102 8.5
      vertex 1.2840741737109318 1.9911809548974793 8.5
      vertex 1.2840741737109318 1.9911809548974793 17
    endloop
  endfacet
  facet normal 0.9807852804032302 0.19509032201612952 9.614002938746882e-20
    outer loop
      vertex 1.2840741737109318 1.9911809548974793 8.5
      vertex 1.2585551386261895 2.1194738077799484 8.5
      vertex 1.2585551386261895 2.1194738077799484 17
    endloop
  endfacet
  facet normal 0.9978589232386036 0.06540312923014245 2.78857260014581e-20
    outer loop
      vertex 1.2585551386261895 2.1194738077799484 8.5
      vertex 1.25 2.25 8.5
      vertex 1.25 2.25 17
    endloop
  endfacet
  facet normal 0 1 0
    outer loop
      vertex 6.75 1.25 10.5
      vertex 2.25 1.25 17
      vertex 17.25 1.25 10.5
    endloop
  endfacet
  facet normal 0.19509032201612952 0.9807852804032302 0
    outer loop
      vertex 2.1194738077799484 1.2585551386261895 8.5
      vertex 1.9911809548974793 1.2840741737109318 17
      vertex 2.1194738077799484 1.2585551386261895 17
    endloop
  endfacet
  facet normal 0.06540312923014245 0.9978589232386036 0
    outer loop
      vertex 2.25 1.25 8.5
      vertex 2.1194738077799484 1.2585551386261895 17
      vertex 2.25 1.25 17
    endloop
  endfacet
  facet normal 0.3214394653031609 0.9469301294951059 0
    outer loop
      vertex 1.9911809548974793 1.2840741737109318 8.5
      vertex 1.8673165676349102 1.3261204674887133 17
      vertex 1.9911809548974793 1.2840741737109318 17
    endloop
  endfacet
  facet normal 0.4422886902190017 0.8968727415326881 0
    outer loop
      vertex 1.8673165676349102 1.3261204674887133 8.5
      vertex 1.75 1.3839745962155614 17
      vertex 1.8673165676349102 1.3261204674887133 17
    endloop
  endfacet
  facet normal 0.555570233019602 0.8314696123025456 0
    outer loop
      vertex 1.75 1.3839745962155614 8.5
      vertex 1.6412385709912793 1.4566466597087648 17
      vertex 1.75 1.3839745962155614 17
    endloop
  endfacet
  facet normal 0.6593458151000695 0.7518398074789769 0
    outer loop
      vertex 1.6412385709912793 1.4566466597087648 8.5
      vertex 1.5428932188134525 1.5428932188134525 17
      vertex 1.6412385709912793 1.4566466597087648 17
    endloop
  endfacet
  facet normal 0.7518398074789769 0.6593458151000695 0
    outer loop
      vertex 1.5428932188134525 1.5428932188134525 8.5
      vertex 1.4566466597087648 1.6412385709912793 17
      vertex 1.5428932188134525 1.5428932188134525 17
    endloop
  endfacet
  facet normal 0.8314696123025456 0.555570233019602 0
    outer loop
      vertex 1.4566466597087648 1.6412385709912793 8.5
      vertex 1.3839745962155614 1.75 17
      vertex 1.4566466597087648 1.6412385709912793 17
    endloop
  endfacet
  facet normal 0.8968727415326881 0.4422886902190017 0
    outer loop
      vertex 1.3839745962155614 1.75 8.5
      vertex 1.3261204674887133 1.8673165676349102 17
      vertex 1.3839745962155614 1.75 17
    endloop
  endfacet
  facet normal 0.9469301294951059 0.3214394653031609 0
    outer loop
      vertex 1.3261204674887133 1.8673165676349102 8.5
      vertex 1.2840741737109318 1.9911809548974793 17
      vertex 1.3261204674887133 1.8673165676349102 17
    endloop
  endfacet
  facet normal 0.9807852804032302 0.19509032201612952 0
    outer loop
      vertex 1.2840741737109318 1.9911809548974793 8.5
      vertex 1.2585551386261895 2.1194738077799484 17
      vertex 1.2840741737109318 1.9911809548974793 17
    endloop
  endfacet
  facet normal 0.9978589232386036 0.06540312923014245 0
    outer loop
      vertex 1.2585551386261895 2.1194738077799484 8.5
      vertex 1.25 2.25 17
      vertex 1.2585551386261895 2.1194738077799484 17
    endloop
  endfacet
  facet normal 0 0 1
    outer loop
      vertex 1.25 2.25 8.5
      vertex 2 3 8.5
      vertex 2 19 8.5
    endloop
  endfacet
  facet normal 1 0 0
    outer loop
      vertex 1.25 2.25 8.5
      vertex 1.25 19.75 17
      vertex 1.25 2.25 17
    endloop
  endfacet
  facet normal 0 1 0
    outer loop
      vertex 17.25 1.25 8.5
      vertex 17.25 1.25 10.5
      vertex 112.75 1.25 8.5
    endloop
  endfacet
  facet normal 0 0 1
    outer loop
      vertex 17.25 1.25 8.5
      vertex 112.75 1.25 8.5
      vertex 17.25 2 8.5
    endloop
  endfacet
  facet normal 0 1 0
    outer loop
      vertex 17.25 1.25 10.5
      vertex 2.25 1.25 17
      vertex 112.75 1.25 8.5
    endloop
  endfacet
  facet normal 0 0 1
    outer loop
      vertex 1.25 2.25 8.5
      vertex 2 19 8.5
      vertex 1.4566466597087648 20.35876142900872 8.5
    endloop
  endfacet
  facet normal 0 0 1
    outer loop
      vertex 1.25 2.25 8.5
      vertex 1.4566466597087648 20.35876142900872 8.5
      vertex 1.25 19.75 8.5
    endloop
  endfacet
  facet normal 1 0 0
    outer loop
      vertex 1.25 2.25 8.5
      vertex 1.25 19.75 8.5
      vertex 1.25 19.75 17
    endloop
  endfacet
  facet normal 0 0 1
    outer loop
      vertex 1.25 19.75 8.5
      vertex 1.3261204674887133 20.13268343236509 8.5
      vertex 1.2585551386261895 19.880526192220053 8.5
    endloop
  endfacet
  facet normal 0 0 1
    outer loop
      vertex 2 19 8.5
      vertex 2.0085551386261895 19.130526192220053 8.5
      vertex 1.4566466597087648 20.35876142900872 8.5
    endloop
  endfacet
  facet normal 0 0 1
    outer loop
      vertex 2.0085551386261895 19.130526192220053 8.5
      vertex 2.034074173710932 19.25881904510252 8.5
      vertex 1.4566466597087648 20.35876142900872 8.5
    endloop
  endfacet
  facet normal 0 0 1
    outer loop
      vertex 2.034074173710932 19.25881904510252 8.5
      vertex 2.076120467488713 19.38268343236509 8.5
      vertex 1.4566466597087648 20.35876142900872 8.5
    endloop
  endfacet
  facet normal 0 0 1
    outer loop
      vertex 2.076120467488713 19.38268343236509 8.5
      vertex 2.1339745962155616 19.5 8.5
      vertex 2.1194738077799484 20.74144486137381 8.5
    endloop
  endfacet
  facet normal 0 0 1
    outer loop
      vertex 1.2585551386261895 19.880526192220053 8.5
      vertex 1.3261204674887133 20.13268343236509 8.5
      vertex 1.2840741737109318 20.00881904510252 8.5
    endloop
  endfacet
  facet normal 0 0 1
    outer loop
      vertex 1.25 19.75 8.5
      vertex 1.4566466597087648 20.35876142900872 8.5
      vertex 1.3261204674887133 20.13268343236509 8.5
    endloop
  endfacet
  facet normal 0 0 1
    outer loop
      vertex 1.3261204674887133 20.13268343236509 8.5
      vertex 1.4566466597087648 20.35876142900872 8.5
      vertex 1.3839745962155614 20.25 8.5
    endloop
  endfacet
  facet normal 0 0 1
    outer loop
      vertex 1.4566466597087648 20.35876142900872 8.5
      vertex 1.75 20.616025403784437 8.5
      vertex 1.5428932188134525 20.457106781186546 8.5
    endloop
  endfacet
  facet normal 0 0 1
    outer loop
      vertex 1.5428932188134525 20.457106781186546 8.5
      vertex 1.75 20.616025403784437 8.5
      vertex 1.6412385709912793 20.543353340291237 8.5
    endloop
  endfacet
  facet normal 0 0 1
    outer loop
      vertex 1.4566466597087648 20.35876142900872 8.5
      vertex 2.1194738077799484 20.74144486137381 8.5
      vertex 1.75 20.616025403784437 8.5
    endloop
  endfacet
  facet normal 0 0 1
    outer loop
      vertex 2.1339745962155616 19.5 8.5
      vertex 2.206646659708765 19.60876142900872 8.5
      vertex 2.1194738077799484 20.74144486137381 8.5
    endloop
  endfacet
  facet normal 0 0 1
    outer loop
      vertex 2.206646659708765 19.60876142900872 8.5
      vertex 2.2928932188134525 19.707106781186546 8.5
      vertex 2.1194738077799484 20.74144486137381 8.5
    endloop
  endfacet
  facet normal 0 0 1
    outer loop
      vertex 2.2928932188134525 19.707106781186546 8.5
      vertex 2.3912385709912796 19.793353340291237 8.5
      vertex 2.1194738077799484 20.74144486137381 8.5
    endloop
  endfacet
  facet normal 0 0 1
    outer loop
      vertex 2.076120467488713 19.38268343236509 8.5
      vertex 2.1194738077799484 20.74144486137381 8.5
      vertex 1.4566466597087648 20.35876142900872 8.5
    endloop
  endfacet
  facet normal 0 0 1
    outer loop
      vertex 2.3912385709912796 19.793353340291237 8.5
      vertex 2.5 19.866025403784437 8.5
      vertex 2.1194738077799484 20.74144486137381 8.5
    endloop
  endfacet
  facet normal 0 0 1
    outer loop
      vertex 2.5 19.866025403784437 8.5
      vertex 2.6173165676349104 19.923879532511286 8.5
      vertex 2.1194738077799484 20.74144486137381 8.5
    endloop
  endfacet
  facet normal 0 0 1
    outer loop
      vertex 2.6173165676349104 19.923879532511286 8.5
      vertex 2.7411809548974793 19.96592582628907 8.5
      vertex 2.1194738077799484 20.74144486137381 8.5
    endloop
  endfacet
  facet normal 0 0 1
    outer loop
      vertex 2.7411809548974793 19.96592582628907 8.5
      vertex 2.8694738077799484 19.99144486137381 8.5
      vertex 2.1194738077799484 20.74144486137381 8.5
    endloop
  endfacet
  facet normal 0 0 1
    outer loop
      vertex 2.8694738077799484 19.99144486137381 8.5
      vertex 3 20 8.5
      vertex 2.1194738077799484 20.74144486137381 8.5
    endloop
  endfacet
  facet normal 0 0 1
    outer loop
      vertex 1.75 20.616025403784437 8.5
      vertex 1.9911809548974793 20.71592582628907 8.5
      vertex 1.8673165676349102 20.673879532511286 8.5
    endloop
  endfacet
  facet normal 0 0 1
    outer loop
      vertex 1.75 20.616025403784437 8.5
      vertex 2.1194738077799484 20.74144486137381 8.5
      vertex 1.9911809548974793 20.71592582628907 8.5
    endloop
  endfacet
  facet normal 0.9978589232386036 -0.06540312923014178 8.186946872782314e-20
    outer loop
      vertex 1.25 19.75 8.5
      vertex 1.2585551386261895 19.880526192220053 8.5
      vertex 1.2585551386261895 19.880526192220053 17
    endloop
  endfacet
  facet normal 0.9807852804032295 -0.19509032201613274 3.7468619719093146e-20
    outer loop
      vertex 1.2585551386261895 19.880526192220053 8.5
      vertex 1.2840741737109318 20.00881904510252 8.5
      vertex 1.2840741737109318 20.00881904510252 17
    endloop
  endfacet
  facet normal 0.9469301294951078 -0.3214394653031552 -1.0468708901132056e-19
    outer loop
      vertex 1.2840741737109318 20.00881904510252 8.5
      vertex 1.3261204674887133 20.13268343236509 8.5
      vertex 1.3261204674887133 20.13268343236509 17
    endloop
  endfacet
  facet normal 0.8968727415326858 -0.4422886902190064 -2.243223721143606e-19
    outer loop
      vertex 1.3261204674887133 20.13268343236509 8.5
      vertex 1.3839745962155614 20.25 8.5
      vertex 1.3839745962155614 20.25 17
    endloop
  endfacet
  facet normal 0.8314696123025429 -0.5555702330196058 8.050098360902018e-20
    outer loop
      vertex 1.3839745962155614 20.25 8.5
      vertex 1.4566466597087648 20.35876142900872 8.5
      vertex 1.4566466597087648 20.35876142900872 17
    endloop
  endfacet
  facet normal 0.7518398074789762 -0.6593458151000703 -5.331179218633318e-19
    outer loop
      vertex 1.4566466597087648 20.35876142900872 8.5
      vertex 1.5428932188134525 20.457106781186546 8.5
      vertex 1.5428932188134525 20.457106781186546 17
    endloop
  endfacet
  facet normal 0.659345815100082 -0.751839807478966 5.375374874003083e-19
    outer loop
      vertex 1.5428932188134525 20.457106781186546 8.5
      vertex 1.6412385709912793 20.543353340291237 8.5
      vertex 1.6412385709912793 20.543353340291237 17
    endloop
  endfacet
  facet normal 0.5555702330195879 -0.8314696123025549 -7.736110269722016e-19
    outer loop
      vertex 1.6412385709912793 20.543353340291237 8.5
      vertex 1.75 20.616025403784437 8.5
      vertex 1.75 20.616025403784437 17
    endloop
  endfacet
  facet normal 0.4422886902190044 -0.8968727415326867 3.5348648612990487e-19
    outer loop
      vertex 1.75 20.616025403784437 8.5
      vertex 1.8673165676349102 20.673879532511286 8.5
      vertex 1.8673165676349102 20.673879532511286 17
    endloop
  endfacet
  facet normal 0.32143946530317463 -0.9469301294951011 -1.1936477583791751e-19
    outer loop
      vertex 1.8673165676349102 20.673879532511286 8.5
      vertex 1.9911809548974793 20.71592582628907 8.5
      vertex 1.9911809548974793 20.71592582628907 17
    endloop
  endfacet
  facet normal 0.19509032201612295 -0.9807852804032314 3.805911148148783e-21
    outer loop
      vertex 1.9911809548974793 20.71592582628907 8.5
      vertex 2.1194738077799484 20.74144486137381 8.5
      vertex 2.1194738077799484 20.74144486137381 17
    endloop
  endfacet
  facet normal 0.06540312923013908 -0.9978589232386038 -8.98341533706709e-20
    outer loop
      vertex 2.1194738077799484 20.74144486137381 8.5
      vertex 2.25 20.75 8.5
      vertex 2.25 20.75 17
    endloop
  endfacet
  facet normal 0.9978589232386036 -0.06540312923014178 0
    outer loop
      vertex 1.25 19.75 8.5
      vertex 1.2585551386261895 19.880526192220053 17
      vertex 1.25 19.75 17
    endloop
  endfacet
  facet normal 0.9807852804032295 -0.19509032201613274 0
    outer loop
      vertex 1.2585551386261895 19.880526192220053 8.5
      vertex 1.2840741737109318 20.00881904510252 17
      vertex 1.2585551386261895 19.880526192220053 17
    endloop
  endfacet
  facet normal 0.9469301294951078 -0.3214394653031552 0
    outer loop
      vertex 1.2840741737109318 20.00881904510252 8.5
      vertex 1.3261204674887133 20.13268343236509 17
      vertex 1.2840741737109318 20.00881904510252 17
    endloop
  endfacet
  facet normal 0.8968727415326858 -0.4422886902190064 0
    outer loop
      vertex 1.3261204674887133 20.13268343236509 8.5
      vertex 1.3839745962155614 20.25 17
      vertex 1.3261204674887133 20.13268343236509 17
    endloop
  endfacet
  facet normal 0.8314696123025429 -0.5555702330196058 0
    outer loop
      vertex 1.3839745962155614 20.25 8.5
      vertex 1.4566466597087648 20.35876142900872 17
      vertex 1.3839745962155614 20.25 17
    endloop
  endfacet
  facet normal 0.7518398074789762 -0.6593458151000703 0
    outer loop
      vertex 1.4566466597087648 20.35876142900872 8.5
      vertex 1.5428932188134525 20.457106781186546 17
      vertex 1.4566466597087648 20.35876142900872 17
    endloop
  endfacet
  facet normal 0.659345815100082 -0.751839807478966 0
    outer loop
      vertex 1.5428932188134525 20.457106781186546 8.5
      vertex 1.6412385709912793 20.543353340291237 17
      vertex 1.5428932188134525 20.457106781186546 17
    endloop
  endfacet
  facet normal 0.5555702330195879 -0.8314696123025549 0
    outer loop
      vertex 1.6412385709912793 20.543353340291237 8.5
      vertex 1.75 20.616025403784437 17
      vertex 1.6412385709912793 20.543353340291237 17
    endloop
  endfacet
  facet normal 0.4422886902190044 -0.8968727415326867 0
    outer loop
      vertex 1.75 20.616025403784437 8.5
      vertex 1.8673165676349102 20.673879532511286 17
      vertex 1.75 20.616025403784437 17
    endloop
  endfacet
  facet normal 0.32143946530317463 -0.9469301294951011 0
    outer loop
      vertex 1.8673165676349102 20.673879532511286 8.5
      vertex 1.9911809548974793 20.71592582628907 17
      vertex 1.8673165676349102 20.673879532511286 17
    endloop
  endfacet
  facet normal 0.19509032201612295 -0.9807852804032314 0
    outer loop
      vertex 1.9911809548974793 20.71592582628907 8.5
      vertex 2.1194738077799484 20.74144486137381 17
      vertex 1.9911809548974793 20.71592582628907 17
    endloop
  endfacet
  facet normal 0.06540312923013908 -0.9978589232386038 0
    outer loop
      vertex 2.1194738077799484 20.74144486137381 8.5
      vertex 2.25 20.75 17
      vertex 2.1194738077799484 20.74144486137381 17
    endloop
  endfacet
  facet normal 0 0 1
    outer loop
      vertex 3 20 8.5
      vertex 112 20 8.5
      vertex 2.1194738077799484 20.74144486137381 8.5
    endloop
  endfacet
  facet normal 0 0 1
    outer loop
      vertex 2.1194738077799484 20.74144486137381 8.5
      vertex 112.88052619222005 20.74144486137381 8.5
      vertex 2.25 20.75 8.5
    endloop
  endfacet
  facet normal 0 -1 0
    outer loop
      vertex 2.25 20.75 8.5
      vertex 112.75 20.75 17
      vertex 2.25 20.75 17
    endloop
  endfacet
  facet normal 0 0 1
    outer loop
      vertex 17.25 2 8.5
      vertex 112.75 1.25 8.5
      vertex 112 2 8.5
    endloop
  endfacet
  facet normal 0 1 0
    outer loop
      vertex 112.75 1.25 8.5
      vertex 2.25 1.25 17
      vertex 112.75 1.25 17
    endloop
  endfacet
  facet normal 0 0 1
    outer loop
      vertex 112.75 1.25 8.5
      vertex 112.88052619222005 1.2585551386261895 8.5
      vertex 113.00881904510253 1.2840741737109318 8.5
    endloop
  endfacet
  facet normal 0 0 1
    outer loop
      vertex 112.75 1.25 8.5
      vertex 113.00881904510253 1.2840741737109318 8.5
      vertex 113.13268343236508 1.3261204674887133 8.5
    endloop
  endfacet
  facet normal 0 0 1
    outer loop
      vertex 112.75 1.25 8.5
      vertex 113.13268343236508 1.3261204674887133 8.5
      vertex 113.45710678118655 1.5428932188134525 8.5
    endloop
  endfacet
  facet normal 0 0 1
    outer loop
      vertex 112.75 1.25 8.5
      vertex 112.13052619222005 2.0085551386261895 8.5
      vertex 112 2 8.5
    endloop
  endfacet
  facet normal 0 0 1
    outer loop
      vertex 112.75 1.25 8.5
      vertex 112.25881904510253 2.034074173710932 8.5
      vertex 112.13052619222005 2.0085551386261895 8.5
    endloop
  endfacet
  facet normal 0 0 1
    outer loop
      vertex 112.75 1.25 8.5
      vertex 112.38268343236508 2.076120467488713 8.5
      vertex 112.25881904510253 2.034074173710932 8.5
    endloop
  endfacet
  facet normal 0 0 1
    outer loop
      vertex 112.75 1.25 8.5
      vertex 112.5 2.1339745962155616 8.5
      vertex 112.38268343236508 2.076120467488713 8.5
    endloop
  endfacet
  facet normal 0 0 1
    outer loop
      vertex 112.75 1.25 8.5
      vertex 112.60876142900872 2.206646659708765 8.5
      vertex 112.5 2.1339745962155616 8.5
    endloop
  endfacet
  facet normal 0 0 1
    outer loop
      vertex 112.75 1.25 8.5
      vertex 113.75 2.25 8.5
      vertex 112.60876142900872 2.206646659708765 8.5
    endloop
  endfacet
  facet normal 0 0 1
    outer loop
      vertex 113.13268343236508 1.3261204674887133 8.5
      vertex 113.25 1.3839745962155614 8.5
      vertex 113.45710678118655 1.5428932188134525 8.5
    endloop
  endfacet
  facet normal 0 0 1
    outer loop
      vertex 113.25 1.3839745962155614 8.5
      vertex 113.35876142900872 1.4566466597087648 8.5
      vertex 113.45710678118655 1.5428932188134525 8.5
    endloop
  endfacet
  facet normal 0 0 1
    outer loop
      vertex 112.75 1.25 8.5
      vertex 113.45710678118655 1.5428932188134525 8.5
      vertex 113.75 2.25 8.5
    endloop
  endfacet
  facet normal 0 0 1
    outer loop
      vertex 113.45710678118655 1.5428932188134525 8.5
      vertex 113.54335334029123 1.6412385709912793 8.5
      vertex 113.6738795325113 1.8673165676349102 8.5
    endloop
  endfacet
  facet normal 0 0 1
    outer loop
      vertex 113.54335334029123 1.6412385709912793 8.5
      vertex 113.61602540378443 1.75 8.5
      vertex 113.6738795325113 1.8673165676349102 8.5
    endloop
  endfacet
  facet normal 0 0 1
    outer loop
      vertex 113.45710678118655 1.5428932188134525 8.5
      vertex 113.6738795325113 1.8673165676349102 8.5
      vertex 113.75 2.25 8.5
    endloop
  endfacet
  facet normal 0 0 1
    outer loop
      vertex 113.6738795325113 1.8673165676349102 8.5
      vertex 113.71592582628907 1.9911809548974793 8.5
      vertex 113.74144486137381 2.1194738077799484 8.5
    endloop
  endfacet
  facet normal 0 0 1
    outer loop
      vertex 112.60876142900872 2.206646659708765 8.5
      vertex 113.75 2.25 8.5
      vertex 112.70710678118655 2.2928932188134525 8.5
    endloop
  endfacet
  facet normal 0 0 1
    outer loop
      vertex 112.70710678118655 2.2928932188134525 8.5
      vertex 113.75 2.25 8.5
      vertex 112.79335334029123 2.3912385709912796 8.5
    endloop
  endfacet
  facet normal 0 0 1
    outer loop
      vertex 112.79335334029123 2.3912385709912796 8.5
      vertex 113.75 2.25 8.5
      vertex 112.86602540378443 2.5 8.5
    endloop
  endfacet
  facet normal 0 0 1
    outer loop
      vertex 113.75 2.25 8.5
      vertex 112.9238795325113 2.6173165676349104 8.5
      vertex 112.86602540378443 2.5 8.5
    endloop
  endfacet
  facet normal 0 0 1
    outer loop
      vertex 113.6738795325113 1.8673165676349102 8.5
      vertex 113.74144486137381 2.1194738077799484 8.5
      vertex 113.75 2.25 8.5
    endloop
  endfacet
  facet normal 0 0 1
    outer loop
      vertex 113.75 2.25 8.5
      vertex 112.96592582628907 2.7411809548974793 8.5
      vertex 112.9238795325113 2.6173165676349104 8.5
    endloop
  endfacet
  facet normal 0 0 1
    outer loop
      vertex 113.75 2.25 8.5
      vertex 112.99144486137381 2.8694738077799484 8.5
      vertex 112.96592582628907 2.7411809548974793 8.5
    endloop
  endfacet
  facet normal 0 0 1
    outer loop
      vertex 113.75 2.25 8.5
      vertex 113 3 8.5
      vertex 112.99144486137381 2.8694738077799484 8.5
    endloop
  endfacet
  facet normal -0.06540312923014532 0.9978589232386033 0
    outer loop
      vertex 112.75 1.25 8.5
      vertex 112.75 1.25 17
      vertex 112.88052619222005 1.2585551386261895 8.5
    endloop
  endfacet
  facet normal -0.19509032201611198 0.9807852804032338 0
    outer loop
      vertex 112.88052619222005 1.2585551386261895 8.5
      vertex 112.88052619222005 1.2585551386261895 17
      vertex 113.00881904510253 1.2840741737109318 8.5
    endloop
  endfacet
  facet normal -0.3214394653031883 0.9469301294950966 0
    outer loop
      vertex 113.00881904510253 1.2840741737109318 8.5
      vertex 113.00881904510253 1.2840741737109318 17
      vertex 113.13268343236508 1.3261204674887133 8.5
    endloop
  endfacet
  facet normal -0.44228869021898487 0.8968727415326964 0
    outer loop
      vertex 113.13268343236508 1.3261204674887133 8.5
      vertex 113.13268343236508 1.3261204674887133 17
      vertex 113.25 1.3839745962155614 8.5
    endloop
  endfacet
  facet normal -0.5555702330195933 0.8314696123025512 0
    outer loop
      vertex 113.25 1.3839745962155614 8.5
      vertex 113.25 1.3839745962155614 17
      vertex 113.35876142900872 1.4566466597087648 8.5
    endloop
  endfacet
  facet normal -0.6593458151000569 0.751839807478988 0
    outer loop
      vertex 113.35876142900872 1.4566466597087648 8.5
      vertex 113.35876142900872 1.4566466597087648 17
      vertex 113.45710678118655 1.5428932188134525 8.5
    endloop
  endfacet
  facet normal -0.7518398074790064 0.6593458151000359 0
    outer loop
      vertex 113.45710678118655 1.5428932188134525 8.5
      vertex 113.45710678118655 1.5428932188134525 17
      vertex 113.54335334029123 1.6412385709912793 8.5
    endloop
  endfacet
  facet normal -0.8314696123025549 0.5555702330195879 0
    outer loop
      vertex 113.54335334029123 1.6412385709912793 8.5
      vertex 113.54335334029123 1.6412385709912793 17
      vertex 113.61602540378443 1.75 8.5
    endloop
  endfacet
  facet normal -0.8968727415326545 0.44228869021906997 0
    outer loop
      vertex 113.61602540378443 1.75 8.5
      vertex 113.61602540378443 1.75 17
      vertex 113.6738795325113 1.8673165676349102 8.5
    endloop
  endfacet
  facet normal -0.9469301294951259 0.3214394653031015 0
    outer loop
      vertex 113.6738795325113 1.8673165676349102 8.5
      vertex 113.6738795325113 1.8673165676349102 17
      vertex 113.71592582628907 1.9911809548974793 8.5
    endloop
  endfacet
  facet normal -0.9807852804032314 0.19509032201612295 0
    outer loop
      vertex 113.71592582628907 1.9911809548974793 8.5
      vertex 113.71592582628907 1.9911809548974793 17
      vertex 113.74144486137381 2.1194738077799484 8.5
    endloop
  endfacet
  facet normal -0.997858923238602 0.06540312923016611 0
    outer loop
      vertex 113.74144486137381 2.1194738077799484 8.5
      vertex 113.74144486137381 2.1194738077799484 17
      vertex 113.75 2.25 8.5
    endloop
  endfacet
  facet normal -0.06540312923014532 0.9978589232386033 0
    outer loop
      vertex 112.88052619222005 1.2585551386261895 8.5
      vertex 112.75 1.25 17
      vertex 112.88052619222005 1.2585551386261895 17
    endloop
  endfacet
  facet normal -0.19509032201611198 0.9807852804032338 0
    outer loop
      vertex 113.00881904510253 1.2840741737109318 8.5
      vertex 112.88052619222005 1.2585551386261895 17
      vertex 113.00881904510253 1.2840741737109318 17
    endloop
  endfacet
  facet normal -0.3214394653031883 0.9469301294950966 0
    outer loop
      vertex 113.13268343236508 1.3261204674887133 8.5
      vertex 113.00881904510253 1.2840741737109318 17
      vertex 113.13268343236508 1.3261204674887133 17
    endloop
  endfacet
  facet normal -0.44228869021898487 0.8968727415326964 0
    outer loop
      vertex 113.25 1.3839745962155614 8.5
      vertex 113.13268343236508 1.3261204674887133 17
      vertex 113.25 1.3839745962155614 17
    endloop
  endfacet
  facet normal -0.5555702330195933 0.8314696123025512 0
    outer loop
      vertex 113.35876142900872 1.4566466597087648 8.5
      vertex 113.25 1.3839745962155614 17
      vertex 113.35876142900872 1.4566466597087648 17
    endloop
  endfacet
  facet normal -0.6593458151000569 0.751839807478988 0
    outer loop
      vertex 113.45710678118655 1.5428932188134525 8.5
      vertex 113.35876142900872 1.4566466597087648 17
      vertex 113.45710678118655 1.5428932188134525 17
    endloop
  endfacet
  facet normal -0.7518398074790064 0.6593458151000359 0
    outer loop
      vertex 113.54335334029123 1.6412385709912793 8.5
      vertex 113.45710678118655 1.5428932188134525 17
      vertex 113.54335334029123 1.6412385709912793 17
    endloop
  endfacet
  facet normal -0.8314696123025549 0.5555702330195879 0
    outer loop
      vertex 113.61602540378443 1.75 8.5
      vertex 113.54335334029123 1.6412385709912793 17
      vertex 113.61602540378443 1.75 17
    endloop
  endfacet
  facet normal -0.8968727415326545 0.44228869021906997 0
    outer loop
      vertex 113.6738795325113 1.8673165676349102 8.5
      vertex 113.61602540378443 1.75 17
      vertex 113.6738795325113 1.8673165676349102 17
    endloop
  endfacet
  facet normal -0.9469301294951259 0.3214394653031015 0
    outer loop
      vertex 113.71592582628907 1.9911809548974793 8.5
      vertex 113.6738795325113 1.8673165676349102 17
      vertex 113.71592582628907 1.9911809548974793 17
    endloop
  endfacet
  facet normal -0.9807852804032314 0.19509032201612295 0
    outer loop
      vertex 113.74144486137381 2.1194738077799484 8.5
      vertex 113.71592582628907 1.9911809548974793 17
      vertex 113.74144486137381 2.1194738077799484 17
    endloop
  endfacet
  facet normal -0.997858923238602 0.06540312923016611 0
    outer loop
      vertex 113.75 2.25 8.5
      vertex 113.74144486137381 2.1194738077799484 17
      vertex 113.75 2.25 17
    endloop
  endfacet
  facet normal 0 0 1
    outer loop
      vertex 113.75 2.25 8.5
      vertex 113 19 8.5
      vertex 113 3 8.5
    endloop
  endfacet
  facet normal -1 0 0
    outer loop
      vertex 113.75 2.25 8.5
      vertex 113.75 2.25 17
      vertex 113.75 19.75 8.5
    endloop
  endfacet
  facet normal 0 0 1
    outer loop
      vertex 2.1194738077799484 20.74144486137381 8.5
      vertex 112 20 8.5
      vertex 112.88052619222005 20.74144486137381 8.5
    endloop
  endfacet
  facet normal 0 0 1
    outer loop
      vertex 2.25 20.75 8.5
      vertex 112.88052619222005 20.74144486137381 8.5
      vertex 112.75 20.75 8.5
    endloop
  endfacet
  facet normal 0 -1 0
    outer loop
      vertex 2.25 20.75 8.5
      vertex 112.75 20.75 8.5
      vertex 112.75 20.75 17
    endloop
  endfacet
  facet normal 0 0 1
    outer loop
      vertex 113.75 2.25 8.5
      vertex 113.75 19.75 8.5
      vertex 113 19 8.5
    endloop
  endfacet
  facet normal -1 0 0
    outer loop
      vertex 113.75 19.75 8.5
      vertex 113.75 2.25 17
      vertex 113.75 19.75 17
    endloop
  endfacet
  facet normal 0 0 1
    outer loop
      vertex 112.96592582628907 19.25881904510252 8.5
      vertex 112.88052619222005 20.74144486137381 8.5
      vertex 112.9238795325113 19.38268343236509 8.5
    endloop
  endfacet
  facet normal 0 0 1
    outer loop
      vertex 112.9238795325113 19.38268343236509 8.5
      vertex 112.88052619222005 20.74144486137381 8.5
      vertex 112.86602540378443 19.5 8.5
    endloop
  endfacet
  facet normal 0 0 1
    outer loop
      vertex 112.96592582628907 19.25881904510252 8.5
      vertex 113.75 19.75 8.5
      vertex 112.88052619222005 20.74144486137381 8.5
    endloop
  endfacet
  facet normal 0 0 1
    outer loop
      vertex 113 19 8.5
      vertex 113.75 19.75 8.5
      vertex 112.99144486137381 19.130526192220053 8.5
    endloop
  endfacet
  facet normal 0 0 1
    outer loop
      vertex 112.99144486137381 19.130526192220053 8.5
      vertex 113.75 19.75 8.5
      vertex 112.96592582628907 19.25881904510252 8.5
    endloop
  endfacet
  facet normal 0 0 1
    outer loop
      vertex 113.75 19.75 8.5
      vertex 113.74144486137381 19.880526192220053 8.5
      vertex 113.71592582628907 20.00881904510252 8.5
    endloop
  endfacet
  facet normal 0 0 1
    outer loop
      vertex 112.70710678118655 19.707106781186546 8.5
      vertex 112.88052619222005 20.74144486137381 8.5
      vertex 112.60876142900872 19.793353340291237 8.5
    endloop
  endfacet
  facet normal 0 0 1
    outer loop
      vertex 112.86602540378443 19.5 8.5
      vertex 112.88052619222005 20.74144486137381 8.5
      vertex 112.79335334029123 19.60876142900872 8.5
    endloop
  endfacet
  facet normal 0 0 1
    outer loop
      vertex 112.79335334029123 19.60876142900872 8.5
      vertex 112.88052619222005 20.74144486137381 8.5
      vertex 112.70710678118655 19.707106781186546 8.5
    endloop
  endfacet
  facet normal 0 0 1
    outer loop
      vertex 112.60876142900872 19.793353340291237 8.5
      vertex 112.88052619222005 20.74144486137381 8.5
      vertex 112.5 19.866025403784437 8.5
    endloop
  endfacet
  facet normal 0 0 1
    outer loop
      vertex 112.5 19.866025403784437 8.5
      vertex 112.88052619222005 20.74144486137381 8.5
      vertex 112.38268343236508 19.923879532511286 8.5
    endloop
  endfacet
  facet normal 0 0 1
    outer loop
      vertex 112.38268343236508 19.923879532511286 8.5
      vertex 112.88052619222005 20.74144486137381 8.5
      vertex 112.25881904510253 19.96592582628907 8.5
    endloop
  endfacet
  facet normal 0 0 1
    outer loop
      vertex 112.25881904510253 19.96592582628907 8.5
      vertex 112.88052619222005 20.74144486137381 8.5
      vertex 112.13052619222005 19.99144486137381 8.5
    endloop
  endfacet
  facet normal 0 0 1
    outer loop
      vertex 112 20 8.5
      vertex 112.13052619222005 19.99144486137381 8.5
      vertex 112.88052619222005 20.74144486137381 8.5
    endloop
  endfacet
  facet normal 0 0 1
    outer loop
      vertex 113.75 19.75 8.5
      vertex 113.71592582628907 20.00881904510252 8.5
      vertex 113.54335334029123 20.35876142900872 8.5
    endloop
  endfacet
  facet normal 0 0 1
    outer loop
      vertex 113.71592582628907 20.00881904510252 8.5
      vertex 113.6738795325113 20.13268343236509 8.5
      vertex 113.54335334029123 20.35876142900872 8.5
    endloop
  endfacet
  facet normal 0 0 1
    outer loop
      vertex 113.6738795325113 20.13268343236509 8.5
      vertex 113.61602540378443 20.25 8.5
      vertex 113.54335334029123 20.35876142900872 8.5
    endloop
  endfacet
  facet normal 0 0 1
    outer loop
      vertex 113.75 19.75 8.5
      vertex 113.54335334029123 20.35876142900872 8.5
      vertex 112.88052619222005 20.74144486137381 8.5
    endloop
  endfacet
  facet normal 0 0 1
    outer loop
      vertex 113.54335334029123 20.35876142900872 8.5
      vertex 113.45710678118655 20.457106781186546 8.5
      vertex 113.35876142900872 20.543353340291237 8.5
    endloop
  endfacet
  facet normal 0 0 1
    outer loop
      vertex 113.54335334029123 20.35876142900872 8.5
      vertex 113.35876142900872 20.543353340291237 8.5
      vertex 113.25 20.616025403784437 8.5
    endloop
  endfacet
  facet normal 0 0 1
    outer loop
      vertex 113.54335334029123 20.35876142900872 8.5
      vertex 113.25 20.616025403784437 8.5
      vertex 112.88052619222005 20.74144486137381 8.5
    endloop
  endfacet
  facet normal 0 0 1
    outer loop
      vertex 113.25 20.616025403784437 8.5
      vertex 113.00881904510253 20.71592582628907 8.5
      vertex 112.88052619222005 20.74144486137381 8.5
    endloop
  endfacet
  facet normal 0 0 1
    outer loop
      vertex 113.25 20.616025403784437 8.5
      vertex 113.13268343236508 20.673879532511286 8.5
      vertex 113.00881904510253 20.71592582628907 8.5
    endloop
  endfacet
  facet normal -0.9978589232386023 -0.06540312923016546 0
    outer loop
      vertex 113.75 19.75 8.5
      vertex 113.75 19.75 17
      vertex 113.74144486137381 19.880526192220053 8.5
    endloop
  endfacet
  facet normal -0.9807852804032309 -0.19509032201612622 0
    outer loop
      vertex 113.74144486137381 19.880526192220053 8.5
      vertex 113.74144486137381 19.880526192220053 17
      vertex 113.71592582628907 20.00881904510252 8.5
    endloop
  endfacet
  facet normal -0.9469301294951279 -0.3214394653030958 0
    outer loop
      vertex 113.71592582628907 20.00881904510252 8.5
      vertex 113.71592582628907 20.00881904510252 17
      vertex 113.6738795325113 20.13268343236509 8.5
    endloop
  endfacet
  facet normal -0.8968727415326521 -0.4422886902190747 0
    outer loop
      vertex 113.6738795325113 20.13268343236509 8.5
      vertex 113.6738795325113 20.13268343236509 17
      vertex 113.61602540378443 20.25 8.5
    endloop
  endfacet
  facet normal -0.8314696123025523 -0.5555702330195917 0
    outer loop
      vertex 113.61602540378443 20.25 8.5
      vertex 113.61602540378443 20.25 17
      vertex 113.54335334029123 20.35876142900872 8.5
    endloop
  endfacet
  facet normal -0.7518398074790056 -0.6593458151000366 0
    outer loop
      vertex 113.54335334029123 20.35876142900872 8.5
      vertex 113.54335334029123 20.35876142900872 17
      vertex 113.45710678118655 20.457106781186546 8.5
    endloop
  endfacet
  facet normal -0.6593458151000693 -0.751839807478977 0
    outer loop
      vertex 113.45710678118655 20.457106781186546 8.5
      vertex 113.45710678118655 20.457106781186546 17
      vertex 113.35876142900872 20.543353340291237 8.5
    endloop
  endfacet
  facet normal -0.5555702330195792 -0.8314696123025606 0
    outer loop
      vertex 113.35876142900872 20.543353340291237 8.5
      vertex 113.35876142900872 20.543353340291237 17
      vertex 113.25 20.616025403784437 8.5
    endloop
  endfacet
  facet normal -0.32143946530320194 -0.9469301294950918 -2.830802580795963e-19
    outer loop
      vertex 113.00881904510253 20.71592582628907 8.5
      vertex 113.13268343236508 20.673879532511286 8.5
      vertex 113.13268343236508 20.673879532511286 17
    endloop
  endfacet
  facet normal -0.06540312923014195 -0.9978589232386035 4.5370297108332334e-20
    outer loop
      vertex 112.75 20.75 8.5
      vertex 112.88052619222005 20.74144486137381 8.5
      vertex 112.88052619222005 20.74144486137381 17
    endloop
  endfacet
  facet normal -0.19509032201610543 -0.980785280403235 1.7160760894557594e-19
    outer loop
      vertex 112.88052619222005 20.74144486137381 8.5
      vertex 113.00881904510253 20.71592582628907 8.5
      vertex 113.00881904510253 20.71592582628907 17
    endloop
  endfacet
  facet normal -0.44228869021898765 -0.8968727415326951 0
    outer loop
      vertex 113.25 20.616025403784437 8.5
      vertex 113.25 20.616025403784437 17
      vertex 113.13268343236508 20.673879532511286 8.5
    endloop
  endfacet
  facet normal -0.9978589232386023 -0.06540312923016546 0
    outer loop
      vertex 113.74144486137381 19.880526192220053 8.5
      vertex 113.75 19.75 17
      vertex 113.74144486137381 19.880526192220053 17
    endloop
  endfacet
  facet normal -0.9807852804032309 -0.19509032201612622 0
    outer loop
      vertex 113.71592582628907 20.00881904510252 8.5
      vertex 113.74144486137381 19.880526192220053 17
      vertex 113.71592582628907 20.00881904510252 17
    endloop
  endfacet
  facet normal -0.9469301294951279 -0.3214394653030958 0
    outer loop
      vertex 113.6738795325113 20.13268343236509 8.5
      vertex 113.71592582628907 20.00881904510252 17
      vertex 113.6738795325113 20.13268343236509 17
    endloop
  endfacet
  facet normal -0.8968727415326521 -0.4422886902190747 0
    outer loop
      vertex 113.61602540378443 20.25 8.5
      vertex 113.6738795325113 20.13268343236509 17
      vertex 113.61602540378443 20.25 17
    endloop
  endfacet
  facet normal -0.8314696123025523 -0.5555702330195917 0
    outer loop
      vertex 113.54335334029123 20.35876142900872 8.5
      vertex 113.61602540378443 20.25 17
      vertex 113.54335334029123 20.35876142900872 17
    endloop
  endfacet
  facet normal -0.7518398074790056 -0.6593458151000366 0
    outer loop
      vertex 113.45710678118655 20.457106781186546 8.5
      vertex 113.54335334029123 20.35876142900872 17
      vertex 113.45710678118655 20.457106781186546 17
    endloop
  endfacet
  facet normal -0.6593458151000693 -0.751839807478977 0
    outer loop
      vertex 113.35876142900872 20.543353340291237 8.5
      vertex 113.45710678118655 20.457106781186546 17
      vertex 113.35876142900872 20.543353340291237 17
    endloop
  endfacet
  facet normal -0.5555702330195792 -0.8314696123025606 0
    outer loop
      vertex 113.25 20.616025403784437 8.5
      vertex 113.35876142900872 20.543353340291237 17
      vertex 113.25 20.616025403784437 17
    endloop
  endfacet
  facet normal -0.44228869021898765 -0.8968727415326951 0
    outer loop
      vertex 113.13268343236508 20.673879532511286 8.5
      vertex 113.25 20.616025403784437 17
      vertex 113.13268343236508 20.673879532511286 17
    endloop
  endfacet
  facet normal -0.32143946530320194 -0.9469301294950918 0
    outer loop
      vertex 113.00881904510253 20.71592582628907 8.5
      vertex 113.13268343236508 20.673879532511286 17
      vertex 113.00881904510253 20.71592582628907 17
    endloop
  endfacet
  facet normal -0.06540312923014195 -0.9978589232386035 0
    outer loop
      vertex 112.75 20.75 8.5
      vertex 112.88052619222005 20.74144486137381 17
      vertex 112.75 20.75 17
    endloop
  endfacet
  facet normal -0.19509032201610543 -0.980785280403235 0
    outer loop
      vertex 112.88052619222005 20.74144486137381 8.5
      vertex 113.00881904510253 20.71592582628907 17
      vertex 112.88052619222005 20.74144486137381 17
    endloop
  endfacet
  facet normal 1 0 0
    outer loop
      vertex 6.75 2 6.5
      vertex 6.75 0 10.5
      vertex 6.75 0 6.5
    endloop
  endfacet
  facet normal 1 0 0
    outer loop
      vertex 6.75 2 6.5
      vertex 6.75 2 8.5
      vertex 6.75 1.25 8.5
    endloop
  endfacet
  facet normal 0 0 1
    outer loop
      vertex 6.75 2 6.5
      vertex 6.75 0 6.5
      vertex 17.25 2 6.5
    endloop
  endfacet
  facet normal 0 0 1
    outer loop
      vertex 17.25 2 6.5
      vertex 6.75 0 6.5
      vertex 17.25 0 6.5
    endloop
  endfacet
  facet normal -1 0 0
    outer loop
      vertex 17.25 2 6.5
      vertex 17.25 0 6.5
      vertex 17.25 1.25 8.5
    endloop
  endfacet
  facet normal -1 0 0
    outer loop
      vertex 17.25 2 6.5
      vertex 17.25 1.25 8.5
      vertex 17.25 2 8.5
    endloop
  endfacet
  facet normal 1 0 0
    outer loop
      vertex 6.75 2 6.5
      vertex 6.75 1.25 8.5
      vertex 6.75 0 10.5
    endloop
  endfacet
  facet normal 1 0 0
    outer loop
      vertex 6.75 1.25 8.5
      vertex 6.75 1.25 10.5
      vertex 6.75 0 10.5
    endloop
  endfacet
  facet normal 0 0 -1
    outer loop
      vertex 6.75 1.25 10.5
      vertex 17.25 0 10.5
      vertex 6.75 0 10.5
    endloop
  endfacet
  facet normal 0 0 -1
    outer loop
      vertex 6.75 1.25 10.5
      vertex 17.25 1.25 10.5
      vertex 17.25 0 10.5
    endloop
  endfacet
  facet normal -1 0 0
    outer loop
      vertex 17.25 1.25 10.5
      vertex 17.25 0 6.5
      vertex 17.25 0 10.5
    endloop
  endfacet
  facet normal -1 0 0
    outer loop
      vertex 17.25 1.25 8.5
      vertex 17.25 0 6.5
      vertex 17.25 1.25 10.5
    endloop
  endfacet
endsolid OpenSCAD_Model
