solid OpenSCAD_Model
  facet normal 0 0 -1
    outer loop
      vertex 2.223542864692438 0.10222252113279495 0
      vertex 1.8519497029047307 0.22836140246614 0
      vertex 3 0 0
    endloop
  endfacet
  facet normal 0 0 -1
    outer loop
      vertex 2.223542864692438 0.10222252113279495 0
      vertex 3 0 0
      vertex 2.6084214233398453 0.025665415878568965 0
    endloop
  endfacet
  facet normal 0 -1 0
    outer loop
      vertex 3 0 0
      vertex 16.15 0 3.25
      vertex 7.85 0 3.25
    endloop
  endfacet
  facet normal -0.3214394653031626 -0.9469301294951054 9.177741637035611e-19
    outer loop
      vertex 2.223542864692438 0.10222252113279495 0
      vertex 1.8519497029047307 0.22836140246614 9
      vertex 1.8519497029047307 0.22836140246614 0
    endloop
  endfacet
  facet normal -0.1950903220161273 -0.9807852804032305 0
    outer loop
      vertex 2.223542864692438 0.10222252113279495 0
      vertex 2.6084214233398453 0.025665415878568965 0
      vertex 2.223542864692438 0.10222252113279495 9
    endloop
  endfacet
  facet normal -0.06540312923014358 -0.9978589232386035 1.4329694367595393e-19
    outer loop
      vertex 2.6084214233398453 0.025665415878568965 0
      vertex 3 0 0
      vertex 3 0 9
    endloop
  endfacet
  facet normal 0 -1 0
    outer loop
      vertex 3 0 0
      vertex 7.85 0 3.25
      vertex 3 0 9
    endloop
  endfacet
  facet normal 0 0 -1
    outer loop
      vertex 1.5 0.401923788646684 0
      vertex 1.173715712973838 0.6199399791262943 0
      vertex 0.8786796564403572 0.8786796564403572 0
    endloop
  endfacet
  facet normal 0 0 -1
    outer loop
      vertex 1.5 0.401923788646684 0
      vertex 0.8786796564403572 0.8786796564403572 0
      vertex 1.8519497029047307 0.22836140246614 0
    endloop
  endfacet
  facet normal 0 0 -1
    outer loop
      vertex 1.8519497029047307 0.22836140246614 0
      vertex 0.8786796564403572 0.8786796564403572 0
      vertex 3 0 0
    endloop
  endfacet
  facet normal 0 0 -1
    outer loop
      vertex 0.8786796564403572 0.8786796564403572 0
      vertex 0.6199399791262943 1.173715712973838 0
      vertex 0.22836140246614 1.8519497029047307 0
    endloop
  endfacet
  facet normal 0 0 -1
    outer loop
      vertex 0.6199399791262943 1.173715712973838 0
      vertex 0.401923788646684 1.5 0
      vertex 0.22836140246614 1.8519497029047307 0
    endloop
  endfacet
  facet normal 0 0 -1
    outer loop
      vertex 3 0 0
      vertex 0.8786796564403572 0.8786796564403572 0
      vertex 0 3 0
    endloop
  endfacet
  facet normal 0 0 -1
    outer loop
      vertex 0.8786796564403572 0.8786796564403572 0
      vertex 0.22836140246614 1.8519497029047307 0
      vertex 0 3 0
    endloop
  endfacet
  facet normal 0 0 -1
    outer loop
      vertex 0.22836140246614 1.8519497029047307 0
      vertex 0.10222252113279495 2.223542864692438 0
      vertex 0 3 0
    endloop
  endfacet
  facet normal 0 0 -1
    outer loop
      vertex 0.10222252113279495 2.223542864692438 0
      vertex 0.025665415878568965 2.6084214233398453 0
      vertex 0 3 0
    endloop
  endfacet
  facet normal -0.4422886902190006 -0.8968727415326887 -4.217055871721615e-19
    outer loop
      vertex 1.5 0.401923788646684 0
      vertex 1.8519497029047307 0.22836140246614 0
      vertex 1.8519497029047307 0.22836140246614 9
    endloop
  endfacet
  facet normal -0.555570233019602 -0.8314696123025456 0
    outer loop
      vertex 1.5 0.401923788646684 0
      vertex 1.5 0.401923788646684 9
      vertex 1.173715712973838 0.6199399791262943 0
    endloop
  endfacet
  facet normal -0.7518398074789776 -0.6593458151000685 0
    outer loop
      vertex 0.8786796564403572 0.8786796564403572 0
      vertex 0.8786796564403572 0.8786796564403572 9
      vertex 0.6199399791262943 1.173715712973838 0
    endloop
  endfacet
  facet normal -0.6593458151000685 -0.7518398074789776 -8.612837385959414e-19
    outer loop
      vertex 1.173715712973838 0.6199399791262943 0
      vertex 0.8786796564403572 0.8786796564403572 9
      vertex 0.8786796564403572 0.8786796564403572 0
    endloop
  endfacet
  facet normal -0.8314696123025456 -0.555570233019602 1.4462939606209507e-18
    outer loop
      vertex 0.6199399791262943 1.173715712973838 0
      vertex 0.401923788646684 1.5 9
      vertex 0.401923788646684 1.5 0
    endloop
  endfacet
  facet normal -0.8968727415326887 -0.4422886902190006 0
    outer loop
      vertex 0.401923788646684 1.5 0
      vertex 0.401923788646684 1.5 9
      vertex 0.22836140246614 1.8519497029047307 0
    endloop
  endfacet
  facet normal -0.9469301294951054 -0.3214394653031626 0
    outer loop
      vertex 0.22836140246614 1.8519497029047307 0
      vertex 0.22836140246614 1.8519497029047307 9
      vertex 0.10222252113279495 2.223542864692438 0
    endloop
  endfacet
  facet normal -0.9807852804032305 -0.1950903220161273 0
    outer loop
      vertex 0.10222252113279495 2.223542864692438 0
      vertex 0.10222252113279495 2.223542864692438 9
      vertex 0.025665415878568965 2.6084214233398453 0
    endloop
  endfacet
  facet normal -0.9978589232386035 -0.06540312923014358 1.4329694367595393e-19
    outer loop
      vertex 0.025665415878568965 2.6084214233398453 0
      vertex 0 3 9
      vertex 0 3 0
    endloop
  endfacet
  facet normal 0 -1 0
    outer loop
      vertex 3 0 0
      vertex 112 0 0
      vertex 16.15 0 3.25
    endloop
  endfacet
  facet normal 0 -1 0
    outer loop
      vertex 112 0 0
      vertex 16.15 0 5.75
      vertex 16.15 0 3.25
    endloop
  endfacet
  facet normal 0 -1 0
    outer loop
      vertex 3 0 9
      vertex 16.15 0 5.75
      vertex 112 0 0
    endloop
  endfacet
  facet normal 0 0 -1
    outer loop
      vertex 3 0 0
      vertex 0 3 0
      vertex 115 3 0
    endloop
  endfacet
  facet normal -0.3214394653031626 -0.9469301294951054 0
    outer loop
      vertex 2.223542864692438 0.10222252113279495 0
      vertex 2.223542864692438 0.10222252113279495 9
      vertex 1.8519497029047307 0.22836140246614 9
    endloop
  endfacet
  facet normal -0.1950903220161273 -0.9807852804032305 0
    outer loop
      vertex 2.6084214233398453 0.025665415878568965 0
      vertex 2.6084214233398453 0.025665415878568965 9
      vertex 2.223542864692438 0.10222252113279495 9
    endloop
  endfacet
  facet normal -0.06540312923014358 -0.9978589232386035 0
    outer loop
      vertex 2.6084214233398453 0.025665415878568965 0
      vertex 3 0 9
      vertex 2.6084214233398453 0.025665415878568965 9
    endloop
  endfacet
  facet normal 0 -1 0
    outer loop
      vertex 3 0 9
      vertex 7.85 0 3.25
      vertex 7.85 0 5.75
    endloop
  endfacet
  facet normal 0 -1 0
    outer loop
      vertex 3 0 9
      vertex 7.85 0 5.75
      vertex 16.15 0 5.75
    endloop
  endfacet
  facet normal 0 0 1
    outer loop
      vertex 2.223542864692438 0.10222252113279495 9
      vertex 3 0 9
      vertex 1.8519497029047307 0.22836140246614 9
    endloop
  endfacet
  facet normal 0 0 1
    outer loop
      vertex 2.223542864692438 0.10222252113279495 9
      vertex 2.6084214233398453 0.025665415878568965 9
      vertex 3 0 9
    endloop
  endfacet
  facet normal -0.4422886902190006 -0.8968727415326887 0
    outer loop
      vertex 1.5 0.401923788646684 0
      vertex 1.8519497029047307 0.22836140246614 9
      vertex 1.5 0.401923788646684 9
    endloop
  endfacet
  facet normal -0.555570233019602 -0.8314696123025456 0
    outer loop
      vertex 1.173715712973838 0.6199399791262943 0
      vertex 1.5 0.401923788646684 9
      vertex 1.173715712973838 0.6199399791262943 9
    endloop
  endfacet
  facet normal -0.7518398074789776 -0.6593458151000685 0
    outer loop
      vertex 0.6199399791262943 1.173715712973838 0
      vertex 0.8786796564403572 0.8786796564403572 9
      vertex 0.6199399791262943 1.173715712973838 9
    endloop
  endfacet
  facet normal -0.6593458151000685 -0.7518398074789776 0
    outer loop
      vertex 1.173715712973838 0.6199399791262943 0
      vertex 1.173715712973838 0.6199399791262943 9
      vertex 0.8786796564403572 0.8786796564403572 9
    endloop
  endfacet
  facet normal -0.8314696123025456 -0.555570233019602 0
    outer loop
      vertex 0.6199399791262943 1.173715712973838 0
      vertex 0.6199399791262943 1.173715712973838 9
      vertex 0.401923788646684 1.5 9
    endloop
  endfacet
  facet normal -0.8968727415326887 -0.4422886902190006 0
    outer loop
      vertex 0.22836140246614 1.8519497029047307 0
      vertex 0.401923788646684 1.5 9
      vertex 0.22836140246614 1.8519497029047307 9
    endloop
  endfacet
  facet normal -0.9469301294951054 -0.3214394653031626 0
    outer loop
      vertex 0.10222252113279495 2.223542864692438 0
      vertex 0.22836140246614 1.8519497029047307 9
      vertex 0.10222252113279495 2.223542864692438 9
    endloop
  endfacet
  facet normal -0.9807852804032305 -0.1950903220161273 0
    outer loop
      vertex 0.025665415878568965 2.6084214233398453 0
      vertex 0.10222252113279495 2.223542864692438 9
      vertex 0.025665415878568965 2.6084214233398453 9
    endloop
  endfacet
  facet normal -0.9978589232386035 -0.06540312923014358 0
    outer loop
      vertex 0.025665415878568965 2.6084214233398453 0
      vertex 0.025665415878568965 2.6084214233398453 9
      vertex 0 3 9
    endloop
  endfacet
  facet normal 0 0 1
    outer loop
      vertex 1.5 0.401923788646684 9
      vertex 0.8786796564403572 0.8786796564403572 9
      vertex 1.173715712973838 0.6199399791262943 9
    endloop
  endfacet
  facet normal 0 0 1
    outer loop
      vertex 1.5 0.401923788646684 9
      vertex 1.8519497029047307 0.22836140246614 9
      vertex 0.8786796564403572 0.8786796564403572 9
    endloop
  endfacet
  facet normal 0 0 1
    outer loop
      vertex 1.8519497029047307 0.22836140246614 9
      vertex 3 0 9
      vertex 0.8786796564403572 0.8786796564403572 9
    endloop
  endfacet
  facet normal 0 0 1
    outer loop
      vertex 0.8786796564403572 0.8786796564403572 9
      vertex 0.401923788646684 1.5 9
      vertex 0.6199399791262943 1.173715712973838 9
    endloop
  endfacet
  facet normal 0 0 1
    outer loop
      vertex 0.8786796564403572 0.8786796564403572 9
      vertex 0.22836140246614 1.8519497029047307 9
      vertex 0.401923788646684 1.5 9
    endloop
  endfacet
  facet normal 0 0 1
    outer loop
      vertex 3 0 9
      vertex 0 3 9
      vertex 0.8786796564403572 0.8786796564403572 9
    endloop
  endfacet
  facet normal 0 0 1
    outer loop
      vertex 0.8786796564403572 0.8786796564403572 9
      vertex 0 3 9
      vertex 0.22836140246614 1.8519497029047307 9
    endloop
  endfacet
  facet normal 0 0 1
    outer loop
      vertex 0.22836140246614 1.8519497029047307 9
      vertex 0 3 9
      vertex 0.10222252113279495 2.223542864692438 9
    endloop
  endfacet
  facet normal 0 0 1
    outer loop
      vertex 0.10222252113279495 2.223542864692438 9
      vertex 0 3 9
      vertex 0.025665415878568965 2.6084214233398453 9
    endloop
  endfacet
  facet normal 0 0 1
    outer loop
      vertex 3 0 9
      vertex 44.23463313526982 4.152240934977426 9
      vertex 44 4.267949192431123 9
    endloop
  endfacet
  facet normal 0 0 1
    outer loop
      vertex 3 0 9
      vertex 44 4.267949192431123 9
      vertex 43.78247714198256 4.41329331941753 9
    endloop
  endfacet
  facet normal 0 0 1
    outer loop
      vertex 3 0 9
      vertex 44.48236190979496 4.068148347421864 9
      vertex 44.23463313526982 4.152240934977426 9
    endloop
  endfacet
  facet normal 0 0 1
    outer loop
      vertex 3 0 9
      vertex 44.738947615559894 4.017110277252379 9
      vertex 44.48236190979496 4.068148347421864 9
    endloop
  endfacet
  facet normal 0 0 1
    outer loop
      vertex 3 0 9
      vertex 45 4 9
      vertex 44.738947615559894 4.017110277252379 9
    endloop
  endfacet
  facet normal 0 0 1
    outer loop
      vertex 3 0 9
      vertex 43.58578643762691 4.585786437626905 9
      vertex 43.41329331941753 4.782477141982559 9
    endloop
  endfacet
  facet normal 0 0 1
    outer loop
      vertex 3 0 9
      vertex 43.78247714198256 4.41329331941753 9
      vertex 43.58578643762691 4.585786437626905 9
    endloop
  endfacet
  facet normal 0 0 1
    outer loop
      vertex 3 0 9
      vertex 43.41329331941753 4.782477141982559 9
      vertex 43.267949192431125 5 9
    endloop
  endfacet
  facet normal 0 0 1
    outer loop
      vertex 3 0 9
      vertex 43.267949192431125 5 9
      vertex 43.15224093497743 5.234633135269821 9
    endloop
  endfacet
  facet normal 0 0 1
    outer loop
      vertex 3 0 9
      vertex 43.15224093497743 5.234633135269821 9
      vertex 43.06814834742186 5.4823619097949585 9
    endloop
  endfacet
  facet normal 0 0 1
    outer loop
      vertex 3 0 9
      vertex 43.06814834742186 5.4823619097949585 9
      vertex 43.01711027725238 5.738947615559897 9
    endloop
  endfacet
  facet normal 0 0 1
    outer loop
      vertex 3 0 9
      vertex 43.01711027725238 5.738947615559897 9
      vertex 43 6 9
    endloop
  endfacet
  facet normal 0 0 1
    outer loop
      vertex 3 0 9
      vertex 115 3 9
      vertex 45 4 9
    endloop
  endfacet
  facet normal 0 0 -1
    outer loop
      vertex 0 3 0
      vertex 0 19 0
      vertex 0.025665415878568965 19.391578576660155 0
    endloop
  endfacet
  facet normal -1 0 0
    outer loop
      vertex 0 3 0
      vertex 0 3 9
      vertex 0 19 0
    endloop
  endfacet
  facet normal 0 0 -1
    outer loop
      vertex 0 3 0
      vertex 0.025665415878568965 19.391578576660155 0
      vertex 3 22 0
    endloop
  endfacet
  facet normal 0 0 -1
    outer loop
      vertex 0.025665415878568965 19.391578576660155 0
      vertex 0.10222252113279495 19.776457135307563 0
      vertex 0.22836140246614 20.14805029709527 0
    endloop
  endfacet
  facet normal 0 0 -1
    outer loop
      vertex 0.025665415878568965 19.391578576660155 0
      vertex 0.22836140246614 20.14805029709527 0
      vertex 0.8786796564403572 21.121320343559642 0
    endloop
  endfacet
  facet normal 0 0 -1
    outer loop
      vertex 0.22836140246614 20.14805029709527 0
      vertex 0.401923788646684 20.5 0
      vertex 0.6199399791262943 20.826284287026162 0
    endloop
  endfacet
  facet normal 0 0 -1
    outer loop
      vertex 0.22836140246614 20.14805029709527 0
      vertex 0.6199399791262943 20.826284287026162 0
      vertex 0.8786796564403572 21.121320343559642 0
    endloop
  endfacet
  facet normal 0 0 -1
    outer loop
      vertex 0.025665415878568965 19.391578576660155 0
      vertex 0.8786796564403572 21.121320343559642 0
      vertex 3 22 0
    endloop
  endfacet
  facet normal 0 0 -1
    outer loop
      vertex 0.8786796564403572 21.121320343559642 0
      vertex 1.173715712973838 21.380060020873707 0
      vertex 1.5 21.598076211353316 0
    endloop
  endfacet
  facet normal 0 0 -1
    outer loop
      vertex 0.8786796564403572 21.121320343559642 0
      vertex 1.5 21.598076211353316 0
      vertex 1.8519497029047307 21.771638597533858 0
    endloop
  endfacet
  facet normal 0 0 -1
    outer loop
      vertex 0.8786796564403572 21.121320343559642 0
      vertex 1.8519497029047307 21.771638597533858 0
      vertex 3 22 0
    endloop
  endfacet
  facet normal 0 0 -1
    outer loop
      vertex 1.8519497029047307 21.771638597533858 0
      vertex 2.223542864692438 21.897777478867205 0
      vertex 3 22 0
    endloop
  endfacet
  facet normal 0 0 -1
    outer loop
      vertex 2.223542864692438 21.897777478867205 0
      vertex 2.6084214233398453 21.97433458412143 0
      vertex 3 22 0
    endloop
  endfacet
  facet normal -0.9978589232386035 0.0654031292301435 1.3684408711325633e-19
    outer loop
      vertex 0 19 0
      vertex 0.025665415878568965 19.391578576660155 9
      vertex 0.025665415878568965 19.391578576660155 0
    endloop
  endfacet
  facet normal -0.9807852804032307 0.1950903220161271 0
    outer loop
      vertex 0.025665415878568965 19.391578576660155 0
      vertex 0.025665415878568965 19.391578576660155 9
      vertex 0.10222252113279495 19.776457135307563 0
    endloop
  endfacet
  facet normal -0.9469301294951054 0.32143946530316225 -7.745697484296747e-19
    outer loop
      vertex 0.10222252113279495 19.776457135307563 0
      vertex 0.22836140246614 20.14805029709527 9
      vertex 0.22836140246614 20.14805029709527 0
    endloop
  endfacet
  facet normal -0.8968727415326879 0.44228869021900186 -2.1481679031637585e-19
    outer loop
      vertex 0.22836140246614 20.14805029709527 0
      vertex 0.401923788646684 20.5 9
      vertex 0.401923788646684 20.5 0
    endloop
  endfacet
  facet normal -0.8314696123025457 0.5555702330196016 4.722787150693467e-19
    outer loop
      vertex 0.401923788646684 20.5 0
      vertex 0.6199399791262943 20.826284287026162 9
      vertex 0.6199399791262943 20.826284287026162 0
    endloop
  endfacet
  facet normal -0.7518398074789764 0.65934581510007 0
    outer loop
      vertex 0.6199399791262943 20.826284287026162 0
      vertex 0.6199399791262943 20.826284287026162 9
      vertex 0.8786796564403572 21.121320343559642 0
    endloop
  endfacet
  facet normal -0.6593458151000712 0.7518398074789754 -6.364080317743095e-20
    outer loop
      vertex 0.8786796564403572 21.121320343559642 0
      vertex 1.173715712973838 21.380060020873707 9
      vertex 1.173715712973838 21.380060020873707 0
    endloop
  endfacet
  facet normal -0.5555702330196003 0.8314696123025465 0
    outer loop
      vertex 1.173715712973838 21.380060020873707 0
      vertex 1.173715712973838 21.380060020873707 9
      vertex 1.5 21.598076211353316 0
    endloop
  endfacet
  facet normal -0.44228869021899686 0.8968727415326904 2.269560063657071e-19
    outer loop
      vertex 1.5 21.598076211353316 0
      vertex 1.8519497029047307 21.771638597533858 9
      vertex 1.8519497029047307 21.771638597533858 0
    endloop
  endfacet
  facet normal -0.32143946530316664 0.9469301294951039 -6.665874212554468e-19
    outer loop
      vertex 1.8519497029047307 21.771638597533858 0
      vertex 2.223542864692438 21.897777478867205 9
      vertex 2.223542864692438 21.897777478867205 0
    endloop
  endfacet
  facet normal -0.19509032201612297 0.9807852804032315 1.3357764966250086e-19
    outer loop
      vertex 2.223542864692438 21.897777478867205 0
      vertex 2.6084214233398453 21.97433458412143 9
      vertex 2.6084214233398453 21.97433458412143 0
    endloop
  endfacet
  facet normal -0.06540312923014809 0.9978589232386031 0
    outer loop
      vertex 2.6084214233398453 21.97433458412143 0
      vertex 2.6084214233398453 21.97433458412143 9
      vertex 3 22 0
    endloop
  endfacet
  facet normal 0 0 -1
    outer loop
      vertex 0 3 0
      vertex 3 22 0
      vertex 115 3 0
    endloop
  endfacet
  facet normal -1 0 0
    outer loop
      vertex 0 3 9
      vertex 0 19 9
      vertex 0 19 0
    endloop
  endfacet
  facet normal 0 0 1
    outer loop
      vertex 3 0 9
      vertex 3 22 9
      vertex 0 3 9
    endloop
  endfacet
  facet normal 0 0 1
    outer loop
      vertex 0 3 9
      vertex 0.025665415878568965 19.391578576660155 9
      vertex 0 19 9
    endloop
  endfacet
  facet normal 0 0 1
    outer loop
      vertex 3 0 9
      vertex 43 6 9
      vertex 3 22 9
    endloop
  endfacet
  facet normal -0.9978589232386035 0.0654031292301435 0
    outer loop
      vertex 0 19 0
      vertex 0 19 9
      vertex 0.025665415878568965 19.391578576660155 9
    endloop
  endfacet
  facet normal -0.9807852804032307 0.1950903220161271 0
    outer loop
      vertex 0.10222252113279495 19.776457135307563 0
      vertex 0.025665415878568965 19.391578576660155 9
      vertex 0.10222252113279495 19.776457135307563 9
    endloop
  endfacet
  facet normal -0.9469301294951054 0.32143946530316225 0
    outer loop
      vertex 0.10222252113279495 19.776457135307563 0
      vertex 0.10222252113279495 19.776457135307563 9
      vertex 0.22836140246614 20.14805029709527 9
    endloop
  endfacet
  facet normal -0.8968727415326879 0.44228869021900186 0
    outer loop
      vertex 0.22836140246614 20.14805029709527 0
      vertex 0.22836140246614 20.14805029709527 9
      vertex 0.401923788646684 20.5 9
    endloop
  endfacet
  facet normal -0.8314696123025457 0.5555702330196016 0
    outer loop
      vertex 0.401923788646684 20.5 0
      vertex 0.401923788646684 20.5 9
      vertex 0.6199399791262943 20.826284287026162 9
    endloop
  endfacet
  facet normal -0.7518398074789764 0.65934581510007 0
    outer loop
      vertex 0.8786796564403572 21.121320343559642 0
      vertex 0.6199399791262943 20.826284287026162 9
      vertex 0.8786796564403572 21.121320343559642 9
    endloop
  endfacet
  facet normal -0.6593458151000712 0.7518398074789754 0
    outer loop
      vertex 0.8786796564403572 21.121320343559642 0
      vertex 0.8786796564403572 21.121320343559642 9
      vertex 1.173715712973838 21.380060020873707 9
    endloop
  endfacet
  facet normal -0.5555702330196003 0.8314696123025465 0
    outer loop
      vertex 1.5 21.598076211353316 0
      vertex 1.173715712973838 21.380060020873707 9
      vertex 1.5 21.598076211353316 9
    endloop
  endfacet
  facet normal -0.44228869021899686 0.8968727415326904 0
    outer loop
      vertex 1.5 21.598076211353316 0
      vertex 1.5 21.598076211353316 9
      vertex 1.8519497029047307 21.771638597533858 9
    endloop
  endfacet
  facet normal -0.32143946530316664 0.9469301294951039 0
    outer loop
      vertex 1.8519497029047307 21.771638597533858 0
      vertex 1.8519497029047307 21.771638597533858 9
      vertex 2.223542864692438 21.897777478867205 9
    endloop
  endfacet
  facet normal -0.19509032201612297 0.9807852804032315 0
    outer loop
      vertex 2.223542864692438 21.897777478867205 0
      vertex 2.223542864692438 21.897777478867205 9
      vertex 2.6084214233398453 21.97433458412143 9
    endloop
  endfacet
  facet normal -0.06540312923014809 0.9978589232386031 0
    outer loop
      vertex 3 22 0
      vertex 2.6084214233398453 21.97433458412143 9
      vertex 3 22 9
    endloop
  endfacet
  facet normal 0 0 1
    outer loop
      vertex 0 3 9
      vertex 3 22 9
      vertex 0.025665415878568965 19.391578576660155 9
    endloop
  endfacet
  facet normal 0 0 1
    outer loop
      vertex 0.025665415878568965 19.391578576660155 9
      vertex 0.22836140246614 20.14805029709527 9
      vertex 0.10222252113279495 19.776457135307563 9
    endloop
  endfacet
  facet normal 0 0 1
    outer loop
      vertex 0.025665415878568965 19.391578576660155 9
      vertex 0.401923788646684 20.5 9
      vertex 0.22836140246614 20.14805029709527 9
    endloop
  endfacet
  facet normal 0 0 1
    outer loop
      vertex 0.025665415878568965 19.391578576660155 9
      vertex 1.173715712973838 21.380060020873707 9
      vertex 0.401923788646684 20.5 9
    endloop
  endfacet
  facet normal 0 0 1
    outer loop
      vertex 0.401923788646684 20.5 9
      vertex 1.173715712973838 21.380060020873707 9
      vertex 0.6199399791262943 20.826284287026162 9
    endloop
  endfacet
  facet normal 0 0 1
    outer loop
      vertex 0.025665415878568965 19.391578576660155 9
      vertex 3 22 9
      vertex 1.173715712973838 21.380060020873707 9
    endloop
  endfacet
  facet normal 0 0 1
    outer loop
      vertex 0.6199399791262943 20.826284287026162 9
      vertex 1.173715712973838 21.380060020873707 9
      vertex 0.8786796564403572 21.121320343559642 9
    endloop
  endfacet
  facet normal 0 0 1
    outer loop
      vertex 1.173715712973838 21.380060020873707 9
      vertex 1.8519497029047307 21.771638597533858 9
      vertex 1.5 21.598076211353316 9
    endloop
  endfacet
  facet normal 0 0 1
    outer loop
      vertex 1.173715712973838 21.380060020873707 9
      vertex 2.223542864692438 21.897777478867205 9
      vertex 1.8519497029047307 21.771638597533858 9
    endloop
  endfacet
  facet normal 0 0 1
    outer loop
      vertex 1.173715712973838 21.380060020873707 9
      vertex 3 22 9
      vertex 2.223542864692438 21.897777478867205 9
    endloop
  endfacet
  facet normal 0 0 1
    outer loop
      vertex 2.223542864692438 21.897777478867205 9
      vertex 3 22 9
      vertex 2.6084214233398453 21.97433458412143 9
    endloop
  endfacet
  facet normal 0 0 1
    outer loop
      vertex 3 22 9
      vertex 43 6 9
      vertex 43 16 9
    endloop
  endfacet
  facet normal 0 1 0
    outer loop
      vertex 3 22 0
      vertex 3 22 9
      vertex 112 22 9
    endloop
  endfacet
  facet normal 0 0 1
    outer loop
      vertex 3 22 9
      vertex 43 16 9
      vertex 43.01711027725238 16.261052384440102 9
    endloop
  endfacet
  facet normal 0 0 1
    outer loop
      vertex 3 22 9
      vertex 43.01711027725238 16.261052384440102 9
      vertex 43.06814834742186 16.51763809020504 9
    endloop
  endfacet
  facet normal 0 0 1
    outer loop
      vertex 3 22 9
      vertex 43.06814834742186 16.51763809020504 9
      vertex 43.15224093497743 16.76536686473018 9
    endloop
  endfacet
  facet normal 0 0 1
    outer loop
      vertex 3 22 9
      vertex 43.15224093497743 16.76536686473018 9
      vertex 43.267949192431125 17 9
    endloop
  endfacet
  facet normal 0 0 1
    outer loop
      vertex 3 22 9
      vertex 43.267949192431125 17 9
      vertex 43.41329331941753 17.21752285801744 9
    endloop
  endfacet
  facet normal 0 0 1
    outer loop
      vertex 3 22 9
      vertex 43.41329331941753 17.21752285801744 9
      vertex 43.58578643762691 17.414213562373096 9
    endloop
  endfacet
  facet normal 0 0 1
    outer loop
      vertex 3 22 9
      vertex 43.58578643762691 17.414213562373096 9
      vertex 43.78247714198256 17.58670668058247 9
    endloop
  endfacet
  facet normal 0 0 1
    outer loop
      vertex 3 22 9
      vertex 43.78247714198256 17.58670668058247 9
      vertex 44 17.732050807568875 9
    endloop
  endfacet
  facet normal 0 0 1
    outer loop
      vertex 3 22 9
      vertex 44 17.732050807568875 9
      vertex 44.23463313526982 17.847759065022572 9
    endloop
  endfacet
  facet normal 0 0 1
    outer loop
      vertex 3 22 9
      vertex 44.23463313526982 17.847759065022572 9
      vertex 44.48236190979496 17.93185165257814 9
    endloop
  endfacet
  facet normal 0 0 1
    outer loop
      vertex 3 22 9
      vertex 44.48236190979496 17.93185165257814 9
      vertex 44.738947615559894 17.982889722747622 9
    endloop
  endfacet
  facet normal 0 0 1
    outer loop
      vertex 3 22 9
      vertex 44.738947615559894 17.982889722747622 9
      vertex 45 18 9
    endloop
  endfacet
  facet normal 0 0 1
    outer loop
      vertex 3 22 9
      vertex 45 18 9
      vertex 112.39157857666015 21.97433458412143 9
    endloop
  endfacet
  facet normal 0 0 -1
    outer loop
      vertex 3 0 0
      vertex 115 3 0
      vertex 112 0 0
    endloop
  endfacet
  facet normal 0 0 -1
    outer loop
      vertex 112 0 0
      vertex 113.14805029709527 0.22836140246614 0
      vertex 112.39157857666015 0.025665415878568965 0
    endloop
  endfacet
  facet normal 0 0 -1
    outer loop
      vertex 112.39157857666015 0.025665415878568965 0
      vertex 113.14805029709527 0.22836140246614 0
      vertex 112.77645713530757 0.10222252113279495 0
    endloop
  endfacet
  facet normal 0.0654031292301441 -0.9978589232386035 0
    outer loop
      vertex 112 0 0
      vertex 112.39157857666015 0.025665415878568965 0
      vertex 112 0 9
    endloop
  endfacet
  facet normal 0.19509032201612364 -0.9807852804032313 0
    outer loop
      vertex 112.39157857666015 0.025665415878568965 0
      vertex 112.77645713530757 0.10222252113279495 0
      vertex 112.39157857666015 0.025665415878568965 9
    endloop
  endfacet
  facet normal 0.3214394653031678 -0.9469301294951036 8.635751189560337e-19
    outer loop
      vertex 112.77645713530757 0.10222252113279495 0
      vertex 113.14805029709527 0.22836140246614 0
      vertex 113.14805029709527 0.22836140246614 9
    endloop
  endfacet
  facet normal 0 0 -1
    outer loop
      vertex 112 0 0
      vertex 114.12132034355965 0.8786796564403572 0
      vertex 113.14805029709527 0.22836140246614 0
    endloop
  endfacet
  facet normal 0 0 -1
    outer loop
      vertex 113.14805029709527 0.22836140246614 0
      vertex 114.12132034355965 0.8786796564403572 0
      vertex 113.5 0.401923788646684 0
    endloop
  endfacet
  facet normal 0 0 -1
    outer loop
      vertex 113.5 0.401923788646684 0
      vertex 114.12132034355965 0.8786796564403572 0
      vertex 113.82628428702616 0.6199399791262943 0
    endloop
  endfacet
  facet normal 0 0 -1
    outer loop
      vertex 112 0 0
      vertex 115 3 0
      vertex 114.12132034355965 0.8786796564403572 0
    endloop
  endfacet
  facet normal 0 0 -1
    outer loop
      vertex 114.12132034355965 0.8786796564403572 0
      vertex 114.59807621135332 1.5 0
      vertex 114.3800600208737 1.173715712973838 0
    endloop
  endfacet
  facet normal 0 0 -1
    outer loop
      vertex 114.12132034355965 0.8786796564403572 0
      vertex 114.77163859753387 1.8519497029047307 0
      vertex 114.59807621135332 1.5 0
    endloop
  endfacet
  facet normal 0 0 -1
    outer loop
      vertex 114.12132034355965 0.8786796564403572 0
      vertex 115 3 0
      vertex 114.77163859753387 1.8519497029047307 0
    endloop
  endfacet
  facet normal 0 0 -1
    outer loop
      vertex 114.77163859753387 1.8519497029047307 0
      vertex 114.97433458412144 2.6084214233398453 0
      vertex 114.8977774788672 2.223542864692438 0
    endloop
  endfacet
  facet normal 0 0 -1
    outer loop
      vertex 114.77163859753387 1.8519497029047307 0
      vertex 115 3 0
      vertex 114.97433458412144 2.6084214233398453 0
    endloop
  endfacet
  facet normal 0.4422886902189983 -0.8968727415326898 -4.821315395642088e-19
    outer loop
      vertex 113.14805029709527 0.22836140246614 0
      vertex 113.5 0.401923788646684 0
      vertex 113.5 0.401923788646684 9
    endloop
  endfacet
  facet normal 0.55557023301961 -0.83146961230254 0
    outer loop
      vertex 113.5 0.401923788646684 0
      vertex 113.82628428702616 0.6199399791262943 0
      vertex 113.5 0.401923788646684 9
    endloop
  endfacet
  facet normal 0.6593458151000564 -0.7518398074789882 9.119653087271376e-19
    outer loop
      vertex 113.82628428702616 0.6199399791262943 0
      vertex 114.12132034355965 0.8786796564403572 0
      vertex 114.12132034355965 0.8786796564403572 9
    endloop
  endfacet
  facet normal 0.7518398074789888 -0.6593458151000557 0
    outer loop
      vertex 114.12132034355965 0.8786796564403572 0
      vertex 114.3800600208737 1.173715712973838 0
      vertex 114.12132034355965 0.8786796564403572 9
    endloop
  endfacet
  facet normal 0.8314696123025382 -0.5555702330196128 -7.572293470790399e-19
    outer loop
      vertex 114.3800600208737 1.173715712973838 0
      vertex 114.59807621135332 1.5 0
      vertex 114.59807621135332 1.5 9
    endloop
  endfacet
  facet normal 0.8968727415326833 -0.44228869021901146 -9.587534262924021e-19
    outer loop
      vertex 114.59807621135332 1.5 0
      vertex 114.77163859753387 1.8519497029047307 0
      vertex 114.77163859753387 1.8519497029047307 9
    endloop
  endfacet
  facet normal 0.946930129495115 -0.3214394653031342 0
    outer loop
      vertex 114.77163859753387 1.8519497029047307 0
      vertex 114.8977774788672 2.223542864692438 0
      vertex 114.77163859753387 1.8519497029047307 9
    endloop
  endfacet
  facet normal 0.9807852804032245 -0.1950903220161578 -3.94362684933752e-19
    outer loop
      vertex 114.8977774788672 2.223542864692438 0
      vertex 114.97433458412144 2.6084214233398453 0
      vertex 114.97433458412144 2.6084214233398453 9
    endloop
  endfacet
  facet normal 0.9978589232386044 -0.06540312923013006 -1.0861371207055716e-19
    outer loop
      vertex 114.97433458412144 2.6084214233398453 0
      vertex 115 3 0
      vertex 115 3 9
    endloop
  endfacet
  facet normal 0 -1 0
    outer loop
      vertex 3 0 9
      vertex 112 0 0
      vertex 112 0 9
    endloop
  endfacet
  facet normal 0 0 1
    outer loop
      vertex 115 3 9
      vertex 55 4 9
      vertex 45 4 9
    endloop
  endfacet
  facet normal 0 0 1
    outer loop
      vertex 55.261052384440106 4.017110277252379 9
      vertex 63.738947615559894 4.017110277252379 9
      vertex 55.51763809020504 4.068148347421864 9
    endloop
  endfacet
  facet normal 0 0 1
    outer loop
      vertex 55.51763809020504 4.068148347421864 9
      vertex 63.48236190979496 4.068148347421864 9
      vertex 55.76536686473018 4.152240934977426 9
    endloop
  endfacet
  facet normal 0 0 1
    outer loop
      vertex 55.76536686473018 4.152240934977426 9
      vertex 63.23463313526982 4.152240934977426 9
      vertex 56 4.267949192431123 9
    endloop
  endfacet
  facet normal 0 0 1
    outer loop
      vertex 56 4.267949192431123 9
      vertex 63 4.267949192431123 9
      vertex 56.21752285801744 4.41329331941753 9
    endloop
  endfacet
  facet normal 0 0 1
    outer loop
      vertex 56.21752285801744 4.41329331941753 9
      vertex 62.78247714198256 4.41329331941753 9
      vertex 56.41421356237309 4.585786437626905 9
    endloop
  endfacet
  facet normal 0 0 1
    outer loop
      vertex 56.41421356237309 4.585786437626905 9
      vertex 62.41329331941753 4.782477141982559 9
      vertex 56.586706680582466 4.782477141982559 9
    endloop
  endfacet
  facet normal 0 0 1
    outer loop
      vertex 55.261052384440106 4.017110277252379 9
      vertex 64 4 9
      vertex 63.738947615559894 4.017110277252379 9
    endloop
  endfacet
  facet normal 0 0 1
    outer loop
      vertex 55.51763809020504 4.068148347421864 9
      vertex 63.738947615559894 4.017110277252379 9
      vertex 63.48236190979496 4.068148347421864 9
    endloop
  endfacet
  facet normal 0 0 1
    outer loop
      vertex 55.76536686473018 4.152240934977426 9
      vertex 63.48236190979496 4.068148347421864 9
      vertex 63.23463313526982 4.152240934977426 9
    endloop
  endfacet
  facet normal 0 0 1
    outer loop
      vertex 56 4.267949192431123 9
      vertex 63.23463313526982 4.152240934977426 9
      vertex 63 4.267949192431123 9
    endloop
  endfacet
  facet normal 0 0 1
    outer loop
      vertex 56.41421356237309 4.585786437626905 9
      vertex 62.78247714198256 4.41329331941753 9
      vertex 62.58578643762691 4.585786437626905 9
    endloop
  endfacet
  facet normal 0 0 1
    outer loop
      vertex 56.21752285801744 4.41329331941753 9
      vertex 63 4.267949192431123 9
      vertex 62.78247714198256 4.41329331941753 9
    endloop
  endfacet
  facet normal 0 0 1
    outer loop
      vertex 56.41421356237309 4.585786437626905 9
      vertex 62.58578643762691 4.585786437626905 9
      vertex 62.41329331941753 4.782477141982559 9
    endloop
  endfacet
  facet normal 0 0 1
    outer loop
      vertex 56.586706680582466 4.782477141982559 9
      vertex 62.41329331941753 4.782477141982559 9
      vertex 56.732050807568875 5 9
    endloop
  endfacet
  facet normal 0 0 1
    outer loop
      vertex 56.732050807568875 5 9
      vertex 62.267949192431125 5 9
      vertex 56.84775906502257 5.234633135269821 9
    endloop
  endfacet
  facet normal 0 0 1
    outer loop
      vertex 56.84775906502257 5.234633135269821 9
      vertex 62.15224093497743 5.234633135269821 9
      vertex 56.93185165257814 5.4823619097949585 9
    endloop
  endfacet
  facet normal 0 0 1
    outer loop
      vertex 56.93185165257814 5.4823619097949585 9
      vertex 62.06814834742186 5.4823619097949585 9
      vertex 56.98288972274762 5.738947615559897 9
    endloop
  endfacet
  facet normal 0 0 1
    outer loop
      vertex 56.732050807568875 5 9
      vertex 62.41329331941753 4.782477141982559 9
      vertex 62.267949192431125 5 9
    endloop
  endfacet
  facet normal 0 0 1
    outer loop
      vertex 56.84775906502257 5.234633135269821 9
      vertex 62.267949192431125 5 9
      vertex 62.15224093497743 5.234633135269821 9
    endloop
  endfacet
  facet normal 0 0 1
    outer loop
      vertex 56.93185165257814 5.4823619097949585 9
      vertex 62.15224093497743 5.234633135269821 9
      vertex 62.06814834742186 5.4823619097949585 9
    endloop
  endfacet
  facet normal 0 0 1
    outer loop
      vertex 56.98288972274762 5.738947615559897 9
      vertex 62.06814834742186 5.4823619097949585 9
      vertex 62.01711027725238 5.738947615559897 9
    endloop
  endfacet
  facet normal 0 0 1
    outer loop
      vertex 57 6 9
      vertex 56.98288972274762 5.738947615559897 9
      vertex 62.01711027725238 5.738947615559897 9
    endloop
  endfacet
  facet normal 0 0 1
    outer loop
      vertex 57 6 9
      vertex 62.01711027725238 5.738947615559897 9
      vertex 62 6 9
    endloop
  endfacet
  facet normal 0 0 1
    outer loop
      vertex 3 0 9
      vertex 112 0 9
      vertex 115 3 9
    endloop
  endfacet
  facet normal 0 0 1
    outer loop
      vertex 115 3 9
      vertex 55.261052384440106 4.017110277252379 9
      vertex 55 4 9
    endloop
  endfacet
  facet normal 0 0 1
    outer loop
      vertex 115 3 9
      vertex 64 4 9
      vertex 55.261052384440106 4.017110277252379 9
    endloop
  endfacet
  facet normal 0 0 1
    outer loop
      vertex 115 3 9
      vertex 74 4 9
      vertex 64 4 9
    endloop
  endfacet
  facet normal 0 0 1
    outer loop
      vertex 74.2610523844401 4.017110277252379 9
      vertex 82.7389476155599 4.017110277252379 9
      vertex 74.51763809020504 4.068148347421864 9
    endloop
  endfacet
  facet normal 0 0 1
    outer loop
      vertex 74.51763809020504 4.068148347421864 9
      vertex 82.48236190979496 4.068148347421864 9
      vertex 74.76536686473018 4.152240934977426 9
    endloop
  endfacet
  facet normal 0 0 1
    outer loop
      vertex 74.76536686473018 4.152240934977426 9
      vertex 82.23463313526982 4.152240934977426 9
      vertex 75 4.267949192431123 9
    endloop
  endfacet
  facet normal 0 0 1
    outer loop
      vertex 75 4.267949192431123 9
      vertex 82 4.267949192431123 9
      vertex 75.21752285801745 4.41329331941753 9
    endloop
  endfacet
  facet normal 0 0 1
    outer loop
      vertex 75.21752285801745 4.41329331941753 9
      vertex 81.78247714198255 4.41329331941753 9
      vertex 75.41421356237309 4.585786437626905 9
    endloop
  endfacet
  facet normal 0 0 1
    outer loop
      vertex 75.41421356237309 4.585786437626905 9
      vertex 81.58578643762691 4.585786437626905 9
      vertex 75.58670668058247 4.782477141982559 9
    endloop
  endfacet
  facet normal 0 0 1
    outer loop
      vertex 75.58670668058247 4.782477141982559 9
      vertex 81.41329331941753 4.782477141982559 9
      vertex 75.73205080756888 5 9
    endloop
  endfacet
  facet normal 0 0 1
    outer loop
      vertex 75.73205080756888 5 9
      vertex 81.26794919243112 5 9
      vertex 75.84775906502257 5.234633135269821 9
    endloop
  endfacet
  facet normal 0 0 1
    outer loop
      vertex 75.84775906502257 5.234633135269821 9
      vertex 81.15224093497743 5.234633135269821 9
      vertex 75.93185165257813 5.4823619097949585 9
    endloop
  endfacet
  facet normal 0 0 1
    outer loop
      vertex 75.93185165257813 5.4823619097949585 9
      vertex 81.06814834742187 5.4823619097949585 9
      vertex 75.98288972274761 5.738947615559897 9
    endloop
  endfacet
  facet normal 0 0 1
    outer loop
      vertex 76 6 9
      vertex 75.98288972274761 5.738947615559897 9
      vertex 81.01711027725239 5.738947615559897 9
    endloop
  endfacet
  facet normal 0 0 1
    outer loop
      vertex 74.51763809020504 4.068148347421864 9
      vertex 82.7389476155599 4.017110277252379 9
      vertex 82.48236190979496 4.068148347421864 9
    endloop
  endfacet
  facet normal 0 0 1
    outer loop
      vertex 74.76536686473018 4.152240934977426 9
      vertex 82.48236190979496 4.068148347421864 9
      vertex 82.23463313526982 4.152240934977426 9
    endloop
  endfacet
  facet normal 0 0 1
    outer loop
      vertex 75 4.267949192431123 9
      vertex 82.23463313526982 4.152240934977426 9
      vertex 82 4.267949192431123 9
    endloop
  endfacet
  facet normal 0 0 1
    outer loop
      vertex 74.2610523844401 4.017110277252379 9
      vertex 83 4 9
      vertex 82.7389476155599 4.017110277252379 9
    endloop
  endfacet
  facet normal 0 0 1
    outer loop
      vertex 75.21752285801745 4.41329331941753 9
      vertex 82 4.267949192431123 9
      vertex 81.78247714198255 4.41329331941753 9
    endloop
  endfacet
  facet normal 0 0 1
    outer loop
      vertex 75.41421356237309 4.585786437626905 9
      vertex 81.78247714198255 4.41329331941753 9
      vertex 81.58578643762691 4.585786437626905 9
    endloop
  endfacet
  facet normal 0 0 1
    outer loop
      vertex 75.58670668058247 4.782477141982559 9
      vertex 81.58578643762691 4.585786437626905 9
      vertex 81.41329331941753 4.782477141982559 9
    endloop
  endfacet
  facet normal 0 0 1
    outer loop
      vertex 75.73205080756888 5 9
      vertex 81.41329331941753 4.782477141982559 9
      vertex 81.26794919243112 5 9
    endloop
  endfacet
  facet normal 0 0 1
    outer loop
      vertex 75.84775906502257 5.234633135269821 9
      vertex 81.26794919243112 5 9
      vertex 81.15224093497743 5.234633135269821 9
    endloop
  endfacet
  facet normal 0 0 1
    outer loop
      vertex 75.93185165257813 5.4823619097949585 9
      vertex 81.15224093497743 5.234633135269821 9
      vertex 81.06814834742187 5.4823619097949585 9
    endloop
  endfacet
  facet normal 0 0 1
    outer loop
      vertex 81.06814834742187 5.4823619097949585 9
      vertex 81.01711027725239 5.738947615559897 9
      vertex 75.98288972274761 5.738947615559897 9
    endloop
  endfacet
  facet normal 0 0 1
    outer loop
      vertex 76 6 9
      vertex 81.01711027725239 5.738947615559897 9
      vertex 81 6 9
    endloop
  endfacet
  facet normal 0.0654031292301441 -0.9978589232386035 0
    outer loop
      vertex 112.39157857666015 0.025665415878568965 0
      vertex 112.39157857666015 0.025665415878568965 9
      vertex 112 0 9
    endloop
  endfacet
  facet normal 0.19509032201612364 -0.9807852804032313 0
    outer loop
      vertex 112.77645713530757 0.10222252113279495 0
      vertex 112.77645713530757 0.10222252113279495 9
      vertex 112.39157857666015 0.025665415878568965 9
    endloop
  endfacet
  facet normal 0.3214394653031678 -0.9469301294951036 0
    outer loop
      vertex 112.77645713530757 0.10222252113279495 0
      vertex 113.14805029709527 0.22836140246614 9
      vertex 112.77645713530757 0.10222252113279495 9
    endloop
  endfacet
  facet normal 0 0 1
    outer loop
      vertex 112 0 9
      vertex 112.39157857666015 0.025665415878568965 9
      vertex 113.14805029709527 0.22836140246614 9
    endloop
  endfacet
  facet normal 0 0 1
    outer loop
      vertex 112.39157857666015 0.025665415878568965 9
      vertex 112.77645713530757 0.10222252113279495 9
      vertex 113.14805029709527 0.22836140246614 9
    endloop
  endfacet
  facet normal 0.4422886902189983 -0.8968727415326898 0
    outer loop
      vertex 113.14805029709527 0.22836140246614 0
      vertex 113.5 0.401923788646684 9
      vertex 113.14805029709527 0.22836140246614 9
    endloop
  endfacet
  facet normal 0.55557023301961 -0.83146961230254 0
    outer loop
      vertex 113.82628428702616 0.6199399791262943 0
      vertex 113.82628428702616 0.6199399791262943 9
      vertex 113.5 0.401923788646684 9
    endloop
  endfacet
  facet normal 0.6593458151000564 -0.7518398074789882 0
    outer loop
      vertex 113.82628428702616 0.6199399791262943 0
      vertex 114.12132034355965 0.8786796564403572 9
      vertex 113.82628428702616 0.6199399791262943 9
    endloop
  endfacet
  facet normal 0.7518398074789888 -0.6593458151000557 0
    outer loop
      vertex 114.3800600208737 1.173715712973838 0
      vertex 114.3800600208737 1.173715712973838 9
      vertex 114.12132034355965 0.8786796564403572 9
    endloop
  endfacet
  facet normal 0.8314696123025382 -0.5555702330196128 0
    outer loop
      vertex 114.3800600208737 1.173715712973838 0
      vertex 114.59807621135332 1.5 9
      vertex 114.3800600208737 1.173715712973838 9
    endloop
  endfacet
  facet normal 0.8968727415326833 -0.44228869021901146 0
    outer loop
      vertex 114.59807621135332 1.5 0
      vertex 114.77163859753387 1.8519497029047307 9
      vertex 114.59807621135332 1.5 9
    endloop
  endfacet
  facet normal 0.946930129495115 -0.3214394653031342 0
    outer loop
      vertex 114.8977774788672 2.223542864692438 0
      vertex 114.8977774788672 2.223542864692438 9
      vertex 114.77163859753387 1.8519497029047307 9
    endloop
  endfacet
  facet normal 0.9807852804032245 -0.1950903220161578 0
    outer loop
      vertex 114.8977774788672 2.223542864692438 0
      vertex 114.97433458412144 2.6084214233398453 9
      vertex 114.8977774788672 2.223542864692438 9
    endloop
  endfacet
  facet normal 0.9978589232386044 -0.06540312923013006 0
    outer loop
      vertex 114.97433458412144 2.6084214233398453 0
      vertex 115 3 9
      vertex 114.97433458412144 2.6084214233398453 9
    endloop
  endfacet
  facet normal 0 0 1
    outer loop
      vertex 115 3 9
      vertex 74.2610523844401 4.017110277252379 9
      vertex 74 4 9
    endloop
  endfacet
  facet normal 0 0 1
    outer loop
      vertex 115 3 9
      vertex 83 4 9
      vertex 74.2610523844401 4.017110277252379 9
    endloop
  endfacet
  facet normal 0 0 1
    outer loop
      vertex 115 3 9
      vertex 93 4 9
      vertex 83 4 9
    endloop
  endfacet
  facet normal 0 0 1
    outer loop
      vertex 115 3 9
      vertex 93.2610523844401 4.017110277252379 9
      vertex 93 4 9
    endloop
  endfacet
  facet normal 0 0 1
    outer loop
      vertex 93.2610523844401 4.017110277252379 9
      vertex 101.7389476155599 4.017110277252379 9
      vertex 93.51763809020504 4.068148347421864 9
    endloop
  endfacet
  facet normal 0 0 1
    outer loop
      vertex 93.51763809020504 4.068148347421864 9
      vertex 101.48236190979496 4.068148347421864 9
      vertex 93.76536686473018 4.152240934977426 9
    endloop
  endfacet
  facet normal 0 0 1
    outer loop
      vertex 93.76536686473018 4.152240934977426 9
      vertex 101.23463313526982 4.152240934977426 9
      vertex 94 4.267949192431123 9
    endloop
  endfacet
  facet normal 0 0 1
    outer loop
      vertex 94 4.267949192431123 9
      vertex 101 4.267949192431123 9
      vertex 94.21752285801745 4.41329331941753 9
    endloop
  endfacet
  facet normal 0 0 1
    outer loop
      vertex 94.21752285801745 4.41329331941753 9
      vertex 100.78247714198255 4.41329331941753 9
      vertex 94.41421356237309 4.585786437626905 9
    endloop
  endfacet
  facet normal 0 0 1
    outer loop
      vertex 94.41421356237309 4.585786437626905 9
      vertex 100.58578643762691 4.585786437626905 9
      vertex 94.58670668058247 4.782477141982559 9
    endloop
  endfacet
  facet normal 0 0 1
    outer loop
      vertex 94.58670668058247 4.782477141982559 9
      vertex 100.41329331941753 4.782477141982559 9
      vertex 94.73205080756888 5 9
    endloop
  endfacet
  facet normal 0 0 1
    outer loop
      vertex 94.73205080756888 5 9
      vertex 100.26794919243112 5 9
      vertex 94.84775906502257 5.234633135269821 9
    endloop
  endfacet
  facet normal 0 0 1
    outer loop
      vertex 94.84775906502257 5.234633135269821 9
      vertex 100.15224093497743 5.234633135269821 9
      vertex 94.93185165257813 5.4823619097949585 9
    endloop
  endfacet
  facet normal 0 0 1
    outer loop
      vertex 94.93185165257813 5.4823619097949585 9
      vertex 100.06814834742187 5.4823619097949585 9
      vertex 94.98288972274761 5.738947615559897 9
    endloop
  endfacet
  facet normal 0 0 1
    outer loop
      vertex 93.76536686473018 4.152240934977426 9
      vertex 101.48236190979496 4.068148347421864 9
      vertex 101.23463313526982 4.152240934977426 9
    endloop
  endfacet
  facet normal 0 0 1
    outer loop
      vertex 94 4.267949192431123 9
      vertex 101.23463313526982 4.152240934977426 9
      vertex 101 4.267949192431123 9
    endloop
  endfacet
  facet normal 0 0 1
    outer loop
      vertex 94.21752285801745 4.41329331941753 9
      vertex 101 4.267949192431123 9
      vertex 100.78247714198255 4.41329331941753 9
    endloop
  endfacet
  facet normal 0 0 1
    outer loop
      vertex 94.41421356237309 4.585786437626905 9
      vertex 100.78247714198255 4.41329331941753 9
      vertex 100.58578643762691 4.585786437626905 9
    endloop
  endfacet
  facet normal 0 0 1
    outer loop
      vertex 94.58670668058247 4.782477141982559 9
      vertex 100.58578643762691 4.585786437626905 9
      vertex 100.41329331941753 4.782477141982559 9
    endloop
  endfacet
  facet normal 0 0 1
    outer loop
      vertex 93.2610523844401 4.017110277252379 9
      vertex 102 4 9
      vertex 101.7389476155599 4.017110277252379 9
    endloop
  endfacet
  facet normal 0 0 1
    outer loop
      vertex 93.51763809020504 4.068148347421864 9
      vertex 101.7389476155599 4.017110277252379 9
      vertex 101.48236190979496 4.068148347421864 9
    endloop
  endfacet
  facet normal 0 0 1
    outer loop
      vertex 94.73205080756888 5 9
      vertex 100.41329331941753 4.782477141982559 9
      vertex 100.26794919243112 5 9
    endloop
  endfacet
  facet normal 0 0 1
    outer loop
      vertex 94.84775906502257 5.234633135269821 9
      vertex 100.26794919243112 5 9
      vertex 100.15224093497743 5.234633135269821 9
    endloop
  endfacet
  facet normal 0 0 1
    outer loop
      vertex 94.93185165257813 5.4823619097949585 9
      vertex 100.15224093497743 5.234633135269821 9
      vertex 100.06814834742187 5.4823619097949585 9
    endloop
  endfacet
  facet normal 0 0 1
    outer loop
      vertex 95 6 9
      vertex 94.98288972274761 5.738947615559897 9
      vertex 100.06814834742187 5.4823619097949585 9
    endloop
  endfacet
  facet normal 0 0 1
    outer loop
      vertex 115 3 9
      vertex 102 4 9
      vertex 93.2610523844401 4.017110277252379 9
    endloop
  endfacet
  facet normal 0 0 1
    outer loop
      vertex 112 0 9
      vertex 113.14805029709527 0.22836140246614 9
      vertex 114.12132034355965 0.8786796564403572 9
    endloop
  endfacet
  facet normal 0 0 1
    outer loop
      vertex 113.14805029709527 0.22836140246614 9
      vertex 113.5 0.401923788646684 9
      vertex 114.12132034355965 0.8786796564403572 9
    endloop
  endfacet
  facet normal 0 0 1
    outer loop
      vertex 113.5 0.401923788646684 9
      vertex 113.82628428702616 0.6199399791262943 9
      vertex 114.12132034355965 0.8786796564403572 9
    endloop
  endfacet
  facet normal 0 0 1
    outer loop
      vertex 112 0 9
      vertex 114.12132034355965 0.8786796564403572 9
      vertex 115 3 9
    endloop
  endfacet
  facet normal 0 0 1
    outer loop
      vertex 114.12132034355965 0.8786796564403572 9
      vertex 114.3800600208737 1.173715712973838 9
      vertex 114.59807621135332 1.5 9
    endloop
  endfacet
  facet normal 0 0 1
    outer loop
      vertex 114.12132034355965 0.8786796564403572 9
      vertex 114.59807621135332 1.5 9
      vertex 114.77163859753387 1.8519497029047307 9
    endloop
  endfacet
  facet normal 0 0 1
    outer loop
      vertex 114.12132034355965 0.8786796564403572 9
      vertex 114.77163859753387 1.8519497029047307 9
      vertex 115 3 9
    endloop
  endfacet
  facet normal 0 0 1
    outer loop
      vertex 115 3 9
      vertex 112 4 9
      vertex 102 4 9
    endloop
  endfacet
  facet normal 0 0 1
    outer loop
      vertex 114.77163859753387 1.8519497029047307 9
      vertex 114.8977774788672 2.223542864692438 9
      vertex 114.97433458412144 2.6084214233398453 9
    endloop
  endfacet
  facet normal 0 0 1
    outer loop
      vertex 114.77163859753387 1.8519497029047307 9
      vertex 114.97433458412144 2.6084214233398453 9
      vertex 115 3 9
    endloop
  endfacet
  facet normal 0 0 1
    outer loop
      vertex 115 3 9
      vertex 112.2610523844401 4.017110277252379 9
      vertex 112 4 9
    endloop
  endfacet
  facet normal 0 0 1
    outer loop
      vertex 115 3 9
      vertex 112.51763809020504 4.068148347421864 9
      vertex 112.2610523844401 4.017110277252379 9
    endloop
  endfacet
  facet normal 0 0 1
    outer loop
      vertex 115 3 9
      vertex 112.76536686473018 4.152240934977426 9
      vertex 112.51763809020504 4.068148347421864 9
    endloop
  endfacet
  facet normal 0 0 1
    outer loop
      vertex 115 3 9
      vertex 113 4.267949192431123 9
      vertex 112.76536686473018 4.152240934977426 9
    endloop
  endfacet
  facet normal 0 0 1
    outer loop
      vertex 115 3 9
      vertex 113.21752285801745 4.41329331941753 9
      vertex 113 4.267949192431123 9
    endloop
  endfacet
  facet normal 0 0 1
    outer loop
      vertex 115 3 9
      vertex 113.41421356237309 4.585786437626905 9
      vertex 113.21752285801745 4.41329331941753 9
    endloop
  endfacet
  facet normal 0 0 1
    outer loop
      vertex 115 3 9
      vertex 113.58670668058247 4.782477141982559 9
      vertex 113.41421356237309 4.585786437626905 9
    endloop
  endfacet
  facet normal 0 0 1
    outer loop
      vertex 115 3 9
      vertex 113.73205080756888 5 9
      vertex 113.58670668058247 4.782477141982559 9
    endloop
  endfacet
  facet normal 0 0 1
    outer loop
      vertex 115 3 9
      vertex 113.84775906502257 5.234633135269821 9
      vertex 113.73205080756888 5 9
    endloop
  endfacet
  facet normal 0 0 1
    outer loop
      vertex 115 3 9
      vertex 113.93185165257813 5.4823619097949585 9
      vertex 113.84775906502257 5.234633135269821 9
    endloop
  endfacet
  facet normal 0 0 1
    outer loop
      vertex 115 3 9
      vertex 113.98288972274761 5.738947615559897 9
      vertex 113.93185165257813 5.4823619097949585 9
    endloop
  endfacet
  facet normal 0 0 1
    outer loop
      vertex 115 3 9
      vertex 114 6 9
      vertex 113.98288972274761 5.738947615559897 9
    endloop
  endfacet
  facet normal 0 0 -1
    outer loop
      vertex 3 22 0
      vertex 112.39157857666015 21.97433458412143 0
      vertex 115 3 0
    endloop
  endfacet
  facet normal 0 0 -1
    outer loop
      vertex 3 22 0
      vertex 112 22 0
      vertex 112.39157857666015 21.97433458412143 0
    endloop
  endfacet
  facet normal 0 1 0
    outer loop
      vertex 3 22 0
      vertex 112 22 9
      vertex 112 22 0
    endloop
  endfacet
  facet normal 0 0 -1
    outer loop
      vertex 115 3 0
      vertex 114.97433458412144 19.391578576660155 0
      vertex 115 19 0
    endloop
  endfacet
  facet normal 1 0 0
    outer loop
      vertex 115 3 0
      vertex 115 19 0
      vertex 115 19 9
    endloop
  endfacet
  facet normal 0 0 -1
    outer loop
      vertex 115 3 0
      vertex 112.39157857666015 21.97433458412143 0
      vertex 114.97433458412144 19.391578576660155 0
    endloop
  endfacet
  facet normal 0 0 -1
    outer loop
      vertex 114.97433458412144 19.391578576660155 0
      vertex 114.77163859753387 20.14805029709527 0
      vertex 114.8977774788672 19.776457135307563 0
    endloop
  endfacet
  facet normal 0 0 -1
    outer loop
      vertex 114.97433458412144 19.391578576660155 0
      vertex 114.12132034355965 21.121320343559642 0
      vertex 114.77163859753387 20.14805029709527 0
    endloop
  endfacet
  facet normal 0 0 -1
    outer loop
      vertex 114.77163859753387 20.14805029709527 0
      vertex 114.12132034355965 21.121320343559642 0
      vertex 114.59807621135332 20.5 0
    endloop
  endfacet
  facet normal 0 0 -1
    outer loop
      vertex 114.97433458412144 19.391578576660155 0
      vertex 112.39157857666015 21.97433458412143 0
      vertex 114.12132034355965 21.121320343559642 0
    endloop
  endfacet
  facet normal 0 0 -1
    outer loop
      vertex 114.59807621135332 20.5 0
      vertex 114.12132034355965 21.121320343559642 0
      vertex 114.3800600208737 20.826284287026162 0
    endloop
  endfacet
  facet normal 0 0 -1
    outer loop
      vertex 113.14805029709527 21.771638597533858 0
      vertex 112.39157857666015 21.97433458412143 0
      vertex 112.77645713530757 21.897777478867205 0
    endloop
  endfacet
  facet normal 0 0 -1
    outer loop
      vertex 114.12132034355965 21.121320343559642 0
      vertex 113.14805029709527 21.771638597533858 0
      vertex 113.5 21.598076211353316 0
    endloop
  endfacet
  facet normal 0 0 -1
    outer loop
      vertex 114.12132034355965 21.121320343559642 0
      vertex 113.5 21.598076211353316 0
      vertex 113.82628428702616 21.380060020873707 0
    endloop
  endfacet
  facet normal 0 0 -1
    outer loop
      vertex 114.12132034355965 21.121320343559642 0
      vertex 112.39157857666015 21.97433458412143 0
      vertex 113.14805029709527 21.771638597533858 0
    endloop
  endfacet
  facet normal 0.9978589232386044 0.06540312923012999 0
    outer loop
      vertex 115 19 0
      vertex 114.97433458412144 19.391578576660155 0
      vertex 115 19 9
    endloop
  endfacet
  facet normal 0.9807852804032247 0.1950903220161576 -3.908420750941334e-19
    outer loop
      vertex 114.97433458412144 19.391578576660155 0
      vertex 114.8977774788672 19.776457135307563 0
      vertex 114.8977774788672 19.776457135307563 9
    endloop
  endfacet
  facet normal 0.946930129495115 0.32143946530313383 0
    outer loop
      vertex 114.8977774788672 19.776457135307563 0
      vertex 114.77163859753387 20.14805029709527 0
      vertex 114.8977774788672 19.776457135307563 9
    endloop
  endfacet
  facet normal 0.8968727415326826 0.44228869021901285 0
    outer loop
      vertex 114.77163859753387 20.14805029709527 0
      vertex 114.59807621135332 20.5 0
      vertex 114.77163859753387 20.14805029709527 9
    endloop
  endfacet
  facet normal 0.8314696123025384 0.5555702330196126 -1.1613433286116313e-18
    outer loop
      vertex 114.59807621135332 20.5 0
      vertex 114.3800600208737 20.826284287026162 0
      vertex 114.3800600208737 20.826284287026162 9
    endloop
  endfacet
  facet normal 0.7518398074789876 0.6593458151000571 1.1908549527602437e-18
    outer loop
      vertex 114.3800600208737 20.826284287026162 0
      vertex 114.12132034355965 21.121320343559642 0
      vertex 114.12132034355965 21.121320343559642 9
    endloop
  endfacet
  facet normal 0.0654031292301486 0.9978589232386031 0
    outer loop
      vertex 112 22 0
      vertex 112 22 9
      vertex 112.39157857666015 21.97433458412143 0
    endloop
  endfacet
  facet normal 0.19509032201611928 0.9807852804032322 2.7089572108126584e-19
    outer loop
      vertex 112.39157857666015 21.97433458412143 0
      vertex 112.77645713530757 21.897777478867205 9
      vertex 112.77645713530757 21.897777478867205 0
    endloop
  endfacet
  facet normal 0.3214394653031718 0.9469301294951021 8.49945894483162e-19
    outer loop
      vertex 113.14805029709527 21.771638597533858 0
      vertex 112.77645713530757 21.897777478867205 0
      vertex 112.77645713530757 21.897777478867205 9
    endloop
  endfacet
  facet normal 0.6593458151000591 0.751839807478986 1.2959233041415501e-20
    outer loop
      vertex 114.12132034355965 21.121320343559642 0
      vertex 113.82628428702616 21.380060020873707 0
      vertex 113.82628428702616 21.380060020873707 9
    endloop
  endfacet
  facet normal 0.5555702330196085 0.8314696123025411 0
    outer loop
      vertex 113.82628428702616 21.380060020873707 0
      vertex 113.5 21.598076211353316 0
      vertex 113.82628428702616 21.380060020873707 9
    endloop
  endfacet
  facet normal 0.44228869021899464 0.8968727415326916 6.768811203717809e-19
    outer loop
      vertex 113.14805029709527 21.771638597533858 0
      vertex 113.5 21.598076211353316 9
      vertex 113.5 21.598076211353316 0
    endloop
  endfacet
  facet normal 0 0 1
    outer loop
      vertex 57 6 9
      vertex 62 6 9
      vertex 57 16 9
    endloop
  endfacet
  facet normal 0 0 1
    outer loop
      vertex 62 16 9
      vertex 57 16 9
      vertex 62 6 9
    endloop
  endfacet
  facet normal 0 0 1
    outer loop
      vertex 76 6 9
      vertex 81 6 9
      vertex 76 16 9
    endloop
  endfacet
  facet normal 0 0 1
    outer loop
      vertex 81 16 9
      vertex 76 16 9
      vertex 81 6 9
    endloop
  endfacet
  facet normal 0 0 1
    outer loop
      vertex 57 16 9
      vertex 62 16 9
      vertex 56.98288972274762 16.261052384440102 9
    endloop
  endfacet
  facet normal 0 0 1
    outer loop
      vertex 56.98288972274762 16.261052384440102 9
      vertex 62.01711027725238 16.261052384440102 9
      vertex 56.93185165257814 16.51763809020504 9
    endloop
  endfacet
  facet normal 0 0 1
    outer loop
      vertex 56.98288972274762 16.261052384440102 9
      vertex 62 16 9
      vertex 62.01711027725238 16.261052384440102 9
    endloop
  endfacet
  facet normal 0 0 1
    outer loop
      vertex 56.93185165257814 16.51763809020504 9
      vertex 62.01711027725238 16.261052384440102 9
      vertex 62.06814834742186 16.51763809020504 9
    endloop
  endfacet
  facet normal 0 0 1
    outer loop
      vertex 56.93185165257814 16.51763809020504 9
      vertex 62.06814834742186 16.51763809020504 9
      vertex 56.84775906502257 16.76536686473018 9
    endloop
  endfacet
  facet normal 0 0 1
    outer loop
      vertex 56.84775906502257 16.76536686473018 9
      vertex 62.15224093497743 16.76536686473018 9
      vertex 56.732050807568875 17 9
    endloop
  endfacet
  facet normal 0 0 1
    outer loop
      vertex 56.732050807568875 17 9
      vertex 62.41329331941753 17.21752285801744 9
      vertex 56.586706680582466 17.21752285801744 9
    endloop
  endfacet
  facet normal 0 0 1
    outer loop
      vertex 56.586706680582466 17.21752285801744 9
      vertex 62.41329331941753 17.21752285801744 9
      vertex 56.41421356237309 17.414213562373096 9
    endloop
  endfacet
  facet normal 0 0 1
    outer loop
      vertex 56.84775906502257 16.76536686473018 9
      vertex 62.06814834742186 16.51763809020504 9
      vertex 62.15224093497743 16.76536686473018 9
    endloop
  endfacet
  facet normal 0 0 1
    outer loop
      vertex 56.732050807568875 17 9
      vertex 62.15224093497743 16.76536686473018 9
      vertex 62.267949192431125 17 9
    endloop
  endfacet
  facet normal 0 0 1
    outer loop
      vertex 56.732050807568875 17 9
      vertex 62.267949192431125 17 9
      vertex 62.41329331941753 17.21752285801744 9
    endloop
  endfacet
  facet normal 0 0 1
    outer loop
      vertex 56.41421356237309 17.414213562373096 9
      vertex 62.41329331941753 17.21752285801744 9
      vertex 62.58578643762691 17.414213562373096 9
    endloop
  endfacet
  facet normal 0 0 1
    outer loop
      vertex 56.21752285801744 17.58670668058247 9
      vertex 62.78247714198256 17.58670668058247 9
      vertex 56 17.732050807568875 9
    endloop
  endfacet
  facet normal 0 0 1
    outer loop
      vertex 55.76536686473018 17.847759065022572 9
      vertex 56 17.732050807568875 9
      vertex 63 17.732050807568875 9
    endloop
  endfacet
  facet normal 0 0 1
    outer loop
      vertex 55.51763809020504 17.93185165257814 9
      vertex 55.76536686473018 17.847759065022572 9
      vertex 63.23463313526982 17.847759065022572 9
    endloop
  endfacet
  facet normal 0 0 1
    outer loop
      vertex 56.41421356237309 17.414213562373096 9
      vertex 62.58578643762691 17.414213562373096 9
      vertex 56.21752285801744 17.58670668058247 9
    endloop
  endfacet
  facet normal 0 0 1
    outer loop
      vertex 55.261052384440106 17.982889722747622 9
      vertex 55.51763809020504 17.93185165257814 9
      vertex 63.48236190979496 17.93185165257814 9
    endloop
  endfacet
  facet normal 0 0 1
    outer loop
      vertex 56.21752285801744 17.58670668058247 9
      vertex 62.58578643762691 17.414213562373096 9
      vertex 62.78247714198256 17.58670668058247 9
    endloop
  endfacet
  facet normal 0 0 1
    outer loop
      vertex 56 17.732050807568875 9
      vertex 62.78247714198256 17.58670668058247 9
      vertex 63 17.732050807568875 9
    endloop
  endfacet
  facet normal 0 0 1
    outer loop
      vertex 55.76536686473018 17.847759065022572 9
      vertex 63 17.732050807568875 9
      vertex 63.23463313526982 17.847759065022572 9
    endloop
  endfacet
  facet normal 0 0 1
    outer loop
      vertex 55.51763809020504 17.93185165257814 9
      vertex 63.23463313526982 17.847759065022572 9
      vertex 63.48236190979496 17.93185165257814 9
    endloop
  endfacet
  facet normal 0 0 1
    outer loop
      vertex 55.261052384440106 17.982889722747622 9
      vertex 63.48236190979496 17.93185165257814 9
      vertex 63.738947615559894 17.982889722747622 9
    endloop
  endfacet
  facet normal 0 0 1
    outer loop
      vertex 112.39157857666015 21.97433458412143 9
      vertex 45 18 9
      vertex 55 18 9
    endloop
  endfacet
  facet normal 0 0 1
    outer loop
      vertex 76 16 9
      vertex 81 16 9
      vertex 75.98288972274761 16.261052384440102 9
    endloop
  endfacet
  facet normal 0 0 1
    outer loop
      vertex 75.98288972274761 16.261052384440102 9
      vertex 81.01711027725239 16.261052384440102 9
      vertex 75.93185165257813 16.51763809020504 9
    endloop
  endfacet
  facet normal 0 0 1
    outer loop
      vertex 75.93185165257813 16.51763809020504 9
      vertex 81.06814834742187 16.51763809020504 9
      vertex 75.84775906502257 16.76536686473018 9
    endloop
  endfacet
  facet normal 0 0 1
    outer loop
      vertex 75.73205080756888 17 9
      vertex 75.84775906502257 16.76536686473018 9
      vertex 81.15224093497743 16.76536686473018 9
    endloop
  endfacet
  facet normal 0 0 1
    outer loop
      vertex 75.73205080756888 17 9
      vertex 81.26794919243112 17 9
      vertex 75.58670668058247 17.21752285801744 9
    endloop
  endfacet
  facet normal 0 0 1
    outer loop
      vertex 75.58670668058247 17.21752285801744 9
      vertex 81.41329331941753 17.21752285801744 9
      vertex 75.41421356237309 17.414213562373096 9
    endloop
  endfacet
  facet normal 0 0 1
    outer loop
      vertex 74.76536686473018 17.847759065022572 9
      vertex 75 17.732050807568875 9
      vertex 82 17.732050807568875 9
    endloop
  endfacet
  facet normal 0 0 1
    outer loop
      vertex 74.51763809020504 17.93185165257814 9
      vertex 74.76536686473018 17.847759065022572 9
      vertex 82.23463313526982 17.847759065022572 9
    endloop
  endfacet
  facet normal 0 0 1
    outer loop
      vertex 74 18 9
      vertex 74.2610523844401 17.982889722747622 9
      vertex 82.7389476155599 17.982889722747622 9
    endloop
  endfacet
  facet normal 0 0 1
    outer loop
      vertex 74.2610523844401 17.982889722747622 9
      vertex 74.51763809020504 17.93185165257814 9
      vertex 82.48236190979496 17.93185165257814 9
    endloop
  endfacet
  facet normal 0 0 1
    outer loop
      vertex 75.41421356237309 17.414213562373096 9
      vertex 81.58578643762691 17.414213562373096 9
      vertex 75.21752285801745 17.58670668058247 9
    endloop
  endfacet
  facet normal 0 0 1
    outer loop
      vertex 75.21752285801745 17.58670668058247 9
      vertex 81.78247714198255 17.58670668058247 9
      vertex 75 17.732050807568875 9
    endloop
  endfacet
  facet normal 0 0 1
    outer loop
      vertex 75.98288972274761 16.261052384440102 9
      vertex 81 16 9
      vertex 81.01711027725239 16.261052384440102 9
    endloop
  endfacet
  facet normal 0 0 1
    outer loop
      vertex 75.93185165257813 16.51763809020504 9
      vertex 81.01711027725239 16.261052384440102 9
      vertex 81.06814834742187 16.51763809020504 9
    endloop
  endfacet
  facet normal 0 0 1
    outer loop
      vertex 75.84775906502257 16.76536686473018 9
      vertex 81.06814834742187 16.51763809020504 9
      vertex 81.15224093497743 16.76536686473018 9
    endloop
  endfacet
  facet normal 0 0 1
    outer loop
      vertex 75.73205080756888 17 9
      vertex 81.15224093497743 16.76536686473018 9
      vertex 81.26794919243112 17 9
    endloop
  endfacet
  facet normal 0 0 1
    outer loop
      vertex 75.58670668058247 17.21752285801744 9
      vertex 81.26794919243112 17 9
      vertex 81.41329331941753 17.21752285801744 9
    endloop
  endfacet
  facet normal 0 0 1
    outer loop
      vertex 75.41421356237309 17.414213562373096 9
      vertex 81.41329331941753 17.21752285801744 9
      vertex 81.58578643762691 17.414213562373096 9
    endloop
  endfacet
  facet normal 0 0 1
    outer loop
      vertex 75.21752285801745 17.58670668058247 9
      vertex 81.58578643762691 17.414213562373096 9
      vertex 81.78247714198255 17.58670668058247 9
    endloop
  endfacet
  facet normal 0 0 1
    outer loop
      vertex 75 17.732050807568875 9
      vertex 81.78247714198255 17.58670668058247 9
      vertex 82 17.732050807568875 9
    endloop
  endfacet
  facet normal 0 0 1
    outer loop
      vertex 74.76536686473018 17.847759065022572 9
      vertex 82 17.732050807568875 9
      vertex 82.23463313526982 17.847759065022572 9
    endloop
  endfacet
  facet normal 0 0 1
    outer loop
      vertex 74.51763809020504 17.93185165257814 9
      vertex 82.23463313526982 17.847759065022572 9
      vertex 82.48236190979496 17.93185165257814 9
    endloop
  endfacet
  facet normal 0 0 1
    outer loop
      vertex 74.2610523844401 17.982889722747622 9
      vertex 82.48236190979496 17.93185165257814 9
      vertex 82.7389476155599 17.982889722747622 9
    endloop
  endfacet
  facet normal 0 0 1
    outer loop
      vertex 74 18 9
      vertex 82.7389476155599 17.982889722747622 9
      vertex 83 18 9
    endloop
  endfacet
  facet normal 0 0 1
    outer loop
      vertex 112.39157857666015 21.97433458412143 9
      vertex 55 18 9
      vertex 55.261052384440106 17.982889722747622 9
    endloop
  endfacet
  facet normal 0 0 1
    outer loop
      vertex 112.39157857666015 21.97433458412143 9
      vertex 55.261052384440106 17.982889722747622 9
      vertex 63.738947615559894 17.982889722747622 9
    endloop
  endfacet
  facet normal 0 0 1
    outer loop
      vertex 3 22 9
      vertex 112.39157857666015 21.97433458412143 9
      vertex 112 22 9
    endloop
  endfacet
  facet normal 0 0 1
    outer loop
      vertex 112.39157857666015 21.97433458412143 9
      vertex 63.738947615559894 17.982889722747622 9
      vertex 64 18 9
    endloop
  endfacet
  facet normal 0 0 1
    outer loop
      vertex 112.39157857666015 21.97433458412143 9
      vertex 64 18 9
      vertex 74 18 9
    endloop
  endfacet
  facet normal 1 0 0
    outer loop
      vertex 115 3 0
      vertex 115 19 9
      vertex 115 3 9
    endloop
  endfacet
  facet normal 0 0 1
    outer loop
      vertex 95 6 9
      vertex 100.06814834742187 5.4823619097949585 9
      vertex 95 16 9
    endloop
  endfacet
  facet normal 0 0 1
    outer loop
      vertex 100.01711027725239 5.738947615559897 9
      vertex 95 16 9
      vertex 100.06814834742187 5.4823619097949585 9
    endloop
  endfacet
  facet normal 0 0 1
    outer loop
      vertex 100.01711027725239 5.738947615559897 9
      vertex 100 6 9
      vertex 95 16 9
    endloop
  endfacet
  facet normal 0 0 1
    outer loop
      vertex 100 6 9
      vertex 100 16 9
      vertex 95 16 9
    endloop
  endfacet
  facet normal 0 0 1
    outer loop
      vertex 115 3 9
      vertex 114 16 9
      vertex 114 6 9
    endloop
  endfacet
  facet normal 0 0 1
    outer loop
      vertex 115 3 9
      vertex 114.97433458412144 19.391578576660155 9
      vertex 114 16 9
    endloop
  endfacet
  facet normal 0 0 1
    outer loop
      vertex 115 3 9
      vertex 115 19 9
      vertex 114.97433458412144 19.391578576660155 9
    endloop
  endfacet
  facet normal 0.9978589232386044 0.06540312923012999 0
    outer loop
      vertex 114.97433458412144 19.391578576660155 0
      vertex 114.97433458412144 19.391578576660155 9
      vertex 115 19 9
    endloop
  endfacet
  facet normal 0.9807852804032247 0.1950903220161576 0
    outer loop
      vertex 114.97433458412144 19.391578576660155 0
      vertex 114.8977774788672 19.776457135307563 9
      vertex 114.97433458412144 19.391578576660155 9
    endloop
  endfacet
  facet normal 0.946930129495115 0.32143946530313383 0
    outer loop
      vertex 114.77163859753387 20.14805029709527 0
      vertex 114.77163859753387 20.14805029709527 9
      vertex 114.8977774788672 19.776457135307563 9
    endloop
  endfacet
  facet normal 0.8968727415326826 0.44228869021901285 0
    outer loop
      vertex 114.59807621135332 20.5 0
      vertex 114.59807621135332 20.5 9
      vertex 114.77163859753387 20.14805029709527 9
    endloop
  endfacet
  facet normal 0.8314696123025384 0.5555702330196126 0
    outer loop
      vertex 114.59807621135332 20.5 0
      vertex 114.3800600208737 20.826284287026162 9
      vertex 114.59807621135332 20.5 9
    endloop
  endfacet
  facet normal 0.7518398074789876 0.6593458151000571 0
    outer loop
      vertex 114.3800600208737 20.826284287026162 0
      vertex 114.12132034355965 21.121320343559642 9
      vertex 114.3800600208737 20.826284287026162 9
    endloop
  endfacet
  facet normal 0.0654031292301486 0.9978589232386031 0
    outer loop
      vertex 112.39157857666015 21.97433458412143 0
      vertex 112 22 9
      vertex 112.39157857666015 21.97433458412143 9
    endloop
  endfacet
  facet normal 0.19509032201611928 0.9807852804032322 0
    outer loop
      vertex 112.39157857666015 21.97433458412143 0
      vertex 112.39157857666015 21.97433458412143 9
      vertex 112.77645713530757 21.897777478867205 9
    endloop
  endfacet
  facet normal 0.3214394653031718 0.9469301294951021 0
    outer loop
      vertex 113.14805029709527 21.771638597533858 0
      vertex 112.77645713530757 21.897777478867205 9
      vertex 113.14805029709527 21.771638597533858 9
    endloop
  endfacet
  facet normal 0.6593458151000591 0.751839807478986 0
    outer loop
      vertex 114.12132034355965 21.121320343559642 0
      vertex 113.82628428702616 21.380060020873707 9
      vertex 114.12132034355965 21.121320343559642 9
    endloop
  endfacet
  facet normal 0.5555702330196085 0.8314696123025411 0
    outer loop
      vertex 113.5 21.598076211353316 0
      vertex 113.5 21.598076211353316 9
      vertex 113.82628428702616 21.380060020873707 9
    endloop
  endfacet
  facet normal 0.44228869021899464 0.8968727415326916 0
    outer loop
      vertex 113.14805029709527 21.771638597533858 0
      vertex 113.14805029709527 21.771638597533858 9
      vertex 113.5 21.598076211353316 9
    endloop
  endfacet
  facet normal 0 0 1
    outer loop
      vertex 95 16 9
      vertex 100 16 9
      vertex 94.98288972274761 16.261052384440102 9
    endloop
  endfacet
  facet normal 0 0 1
    outer loop
      vertex 94.98288972274761 16.261052384440102 9
      vertex 100.01711027725239 16.261052384440102 9
      vertex 94.93185165257813 16.51763809020504 9
    endloop
  endfacet
  facet normal 0 0 1
    outer loop
      vertex 94.98288972274761 16.261052384440102 9
      vertex 100 16 9
      vertex 100.01711027725239 16.261052384440102 9
    endloop
  endfacet
  facet normal 0 0 1
    outer loop
      vertex 94.93185165257813 16.51763809020504 9
      vertex 100.01711027725239 16.261052384440102 9
      vertex 100.06814834742187 16.51763809020504 9
    endloop
  endfacet
  facet normal 0 0 1
    outer loop
      vertex 94.93185165257813 16.51763809020504 9
      vertex 100.06814834742187 16.51763809020504 9
      vertex 94.84775906502257 16.76536686473018 9
    endloop
  endfacet
  facet normal 0 0 1
    outer loop
      vertex 94.84775906502257 16.76536686473018 9
      vertex 100.15224093497743 16.76536686473018 9
      vertex 94.73205080756888 17 9
    endloop
  endfacet
  facet normal 0 0 1
    outer loop
      vertex 94.73205080756888 17 9
      vertex 100.26794919243112 17 9
      vertex 94.58670668058247 17.21752285801744 9
    endloop
  endfacet
  facet normal 0 0 1
    outer loop
      vertex 94.58670668058247 17.21752285801744 9
      vertex 100.41329331941753 17.21752285801744 9
      vertex 94.41421356237309 17.414213562373096 9
    endloop
  endfacet
  facet normal 0 0 1
    outer loop
      vertex 94.41421356237309 17.414213562373096 9
      vertex 100.58578643762691 17.414213562373096 9
      vertex 94.21752285801745 17.58670668058247 9
    endloop
  endfacet
  facet normal 0 0 1
    outer loop
      vertex 94 17.732050807568875 9
      vertex 94.21752285801745 17.58670668058247 9
      vertex 100.78247714198255 17.58670668058247 9
    endloop
  endfacet
  facet normal 0 0 1
    outer loop
      vertex 94 17.732050807568875 9
      vertex 101 17.732050807568875 9
      vertex 93.76536686473018 17.847759065022572 9
    endloop
  endfacet
  facet normal 0 0 1
    outer loop
      vertex 93.76536686473018 17.847759065022572 9
      vertex 101.23463313526982 17.847759065022572 9
      vertex 93.51763809020504 17.93185165257814 9
    endloop
  endfacet
  facet normal 0 0 1
    outer loop
      vertex 93.2610523844401 17.982889722747622 9
      vertex 93.51763809020504 17.93185165257814 9
      vertex 101.48236190979496 17.93185165257814 9
    endloop
  endfacet
  facet normal 0 0 1
    outer loop
      vertex 94.84775906502257 16.76536686473018 9
      vertex 100.06814834742187 16.51763809020504 9
      vertex 100.15224093497743 16.76536686473018 9
    endloop
  endfacet
  facet normal 0 0 1
    outer loop
      vertex 94.73205080756888 17 9
      vertex 100.15224093497743 16.76536686473018 9
      vertex 100.26794919243112 17 9
    endloop
  endfacet
  facet normal 0 0 1
    outer loop
      vertex 94.58670668058247 17.21752285801744 9
      vertex 100.26794919243112 17 9
      vertex 100.41329331941753 17.21752285801744 9
    endloop
  endfacet
  facet normal 0 0 1
    outer loop
      vertex 94.41421356237309 17.414213562373096 9
      vertex 100.41329331941753 17.21752285801744 9
      vertex 100.58578643762691 17.414213562373096 9
    endloop
  endfacet
  facet normal 0 0 1
    outer loop
      vertex 94.21752285801745 17.58670668058247 9
      vertex 100.58578643762691 17.414213562373096 9
      vertex 100.78247714198255 17.58670668058247 9
    endloop
  endfacet
  facet normal 0 0 1
    outer loop
      vertex 94 17.732050807568875 9
      vertex 100.78247714198255 17.58670668058247 9
      vertex 101 17.732050807568875 9
    endloop
  endfacet
  facet normal 0 0 1
    outer loop
      vertex 93.76536686473018 17.847759065022572 9
      vertex 101 17.732050807568875 9
      vertex 101.23463313526982 17.847759065022572 9
    endloop
  endfacet
  facet normal 0 0 1
    outer loop
      vertex 93.51763809020504 17.93185165257814 9
      vertex 101.23463313526982 17.847759065022572 9
      vertex 101.48236190979496 17.93185165257814 9
    endloop
  endfacet
  facet normal 0 0 1
    outer loop
      vertex 93.2610523844401 17.982889722747622 9
      vertex 101.48236190979496 17.93185165257814 9
      vertex 101.7389476155599 17.982889722747622 9
    endloop
  endfacet
  facet normal 0 0 1
    outer loop
      vertex 112.39157857666015 21.97433458412143 9
      vertex 74 18 9
      vertex 83 18 9
    endloop
  endfacet
  facet normal 0 0 1
    outer loop
      vertex 112.39157857666015 21.97433458412143 9
      vertex 83 18 9
      vertex 93 18 9
    endloop
  endfacet
  facet normal 0 0 1
    outer loop
      vertex 112.39157857666015 21.97433458412143 9
      vertex 93 18 9
      vertex 93.2610523844401 17.982889722747622 9
    endloop
  endfacet
  facet normal 0 0 1
    outer loop
      vertex 114.97433458412144 19.391578576660155 9
      vertex 113.98288972274761 16.261052384440102 9
      vertex 114 16 9
    endloop
  endfacet
  facet normal 0 0 1
    outer loop
      vertex 114.97433458412144 19.391578576660155 9
      vertex 113.93185165257813 16.51763809020504 9
      vertex 113.98288972274761 16.261052384440102 9
    endloop
  endfacet
  facet normal 0 0 1
    outer loop
      vertex 114.97433458412144 19.391578576660155 9
      vertex 113.58670668058247 17.21752285801744 9
      vertex 113.73205080756888 17 9
    endloop
  endfacet
  facet normal 0 0 1
    outer loop
      vertex 114.97433458412144 19.391578576660155 9
      vertex 113.84775906502257 16.76536686473018 9
      vertex 113.93185165257813 16.51763809020504 9
    endloop
  endfacet
  facet normal 0 0 1
    outer loop
      vertex 114.97433458412144 19.391578576660155 9
      vertex 113.73205080756888 17 9
      vertex 113.84775906502257 16.76536686473018 9
    endloop
  endfacet
  facet normal 0 0 1
    outer loop
      vertex 114.97433458412144 19.391578576660155 9
      vertex 113.41421356237309 17.414213562373096 9
      vertex 113.58670668058247 17.21752285801744 9
    endloop
  endfacet
  facet normal 0 0 1
    outer loop
      vertex 114.97433458412144 19.391578576660155 9
      vertex 113.21752285801745 17.58670668058247 9
      vertex 113.41421356237309 17.414213562373096 9
    endloop
  endfacet
  facet normal 0 0 1
    outer loop
      vertex 114.97433458412144 19.391578576660155 9
      vertex 112.76536686473018 17.847759065022572 9
      vertex 113 17.732050807568875 9
    endloop
  endfacet
  facet normal 0 0 1
    outer loop
      vertex 114.97433458412144 19.391578576660155 9
      vertex 113 17.732050807568875 9
      vertex 113.21752285801745 17.58670668058247 9
    endloop
  endfacet
  facet normal 0 0 1
    outer loop
      vertex 112.39157857666015 21.97433458412143 9
      vertex 93.2610523844401 17.982889722747622 9
      vertex 101.7389476155599 17.982889722747622 9
    endloop
  endfacet
  facet normal 0 0 1
    outer loop
      vertex 112.39157857666015 21.97433458412143 9
      vertex 101.7389476155599 17.982889722747622 9
      vertex 102 18 9
    endloop
  endfacet
  facet normal 0 0 1
    outer loop
      vertex 112.39157857666015 21.97433458412143 9
      vertex 102 18 9
      vertex 112 18 9
    endloop
  endfacet
  facet normal 0 0 1
    outer loop
      vertex 112.39157857666015 21.97433458412143 9
      vertex 112.51763809020504 17.93185165257814 9
      vertex 112.76536686473018 17.847759065022572 9
    endloop
  endfacet
  facet normal 0 0 1
    outer loop
      vertex 112.39157857666015 21.97433458412143 9
      vertex 112 18 9
      vertex 112.2610523844401 17.982889722747622 9
    endloop
  endfacet
  facet normal 0 0 1
    outer loop
      vertex 112.39157857666015 21.97433458412143 9
      vertex 112.2610523844401 17.982889722747622 9
      vertex 112.51763809020504 17.93185165257814 9
    endloop
  endfacet
  facet normal 0 0 1
    outer loop
      vertex 114.97433458412144 19.391578576660155 9
      vertex 112.39157857666015 21.97433458412143 9
      vertex 112.76536686473018 17.847759065022572 9
    endloop
  endfacet
  facet normal 0 0 1
    outer loop
      vertex 114.97433458412144 19.391578576660155 9
      vertex 114.8977774788672 19.776457135307563 9
      vertex 114.77163859753387 20.14805029709527 9
    endloop
  endfacet
  facet normal 0 0 1
    outer loop
      vertex 114.97433458412144 19.391578576660155 9
      vertex 114.77163859753387 20.14805029709527 9
      vertex 114.12132034355965 21.121320343559642 9
    endloop
  endfacet
  facet normal 0 0 1
    outer loop
      vertex 114.77163859753387 20.14805029709527 9
      vertex 114.59807621135332 20.5 9
      vertex 114.12132034355965 21.121320343559642 9
    endloop
  endfacet
  facet normal 0 0 1
    outer loop
      vertex 114.97433458412144 19.391578576660155 9
      vertex 114.12132034355965 21.121320343559642 9
      vertex 112.39157857666015 21.97433458412143 9
    endloop
  endfacet
  facet normal 0 0 1
    outer loop
      vertex 114.59807621135332 20.5 9
      vertex 114.3800600208737 20.826284287026162 9
      vertex 114.12132034355965 21.121320343559642 9
    endloop
  endfacet
  facet normal 0 0 1
    outer loop
      vertex 113.14805029709527 21.771638597533858 9
      vertex 112.77645713530757 21.897777478867205 9
      vertex 112.39157857666015 21.97433458412143 9
    endloop
  endfacet
  facet normal 0 0 1
    outer loop
      vertex 114.12132034355965 21.121320343559642 9
      vertex 113.5 21.598076211353316 9
      vertex 113.14805029709527 21.771638597533858 9
    endloop
  endfacet
  facet normal 0 0 1
    outer loop
      vertex 114.12132034355965 21.121320343559642 9
      vertex 113.82628428702616 21.380060020873707 9
      vertex 113.5 21.598076211353316 9
    endloop
  endfacet
  facet normal 0 0 1
    outer loop
      vertex 114.12132034355965 21.121320343559642 9
      vertex 113.14805029709527 21.771638597533858 9
      vertex 112.39157857666015 21.97433458412143 9
    endloop
  endfacet
  facet normal -0.9469301294951011 -0.32143946530317513 0
    outer loop
      vertex 43.06814834742186 5.4823619097949585 11
      vertex 43.06814834742186 5.4823619097949585 9
      vertex 43.15224093497743 5.234633135269821 9
    endloop
  endfacet
  facet normal -0.9807852804032315 -0.19509032201612297 0
    outer loop
      vertex 43.06814834742186 5.4823619097949585 11
      vertex 43.01711027725238 5.738947615559897 9
      vertex 43.06814834742186 5.4823619097949585 9
    endloop
  endfacet
  facet normal -0.9469301294951011 -0.32143946530317513 0
    outer loop
      vertex 43.15224093497743 5.234633135269821 11
      vertex 43.06814834742186 5.4823619097949585 11
      vertex 43.15224093497743 5.234633135269821 9
    endloop
  endfacet
  facet normal -0.9807852804032315 -0.19509032201612297 -3.235024475926466e-20
    outer loop
      vertex 43.06814834742186 5.4823619097949585 11
      vertex 43.01711027725238 5.738947615559897 11
      vertex 43.01711027725238 5.738947615559897 9
    endloop
  endfacet
  facet normal 0 0 1
    outer loop
      vertex 43.15224093497743 5.234633135269821 11
      vertex 43 6 11
      vertex 43.06814834742186 5.4823619097949585 11
    endloop
  endfacet
  facet normal -0.9978589232386039 -0.06540312923013908 0
    outer loop
      vertex 43 6 11
      vertex 43 6 9
      vertex 43.01711027725238 5.738947615559897 9
    endloop
  endfacet
  facet normal -0.9978589232386039 -0.06540312923013908 0
    outer loop
      vertex 43.01711027725238 5.738947615559897 11
      vertex 43 6 11
      vertex 43.01711027725238 5.738947615559897 9
    endloop
  endfacet
  facet normal 0 0 1
    outer loop
      vertex 43.06814834742186 5.4823619097949585 11
      vertex 43 6 11
      vertex 43.01711027725238 5.738947615559897 11
    endloop
  endfacet
  facet normal -0.5555702330196057 -0.8314696123025428 0
    outer loop
      vertex 44 4.267949192431123 11
      vertex 43.78247714198256 4.41329331941753 9
      vertex 44 4.267949192431123 9
    endloop
  endfacet
  facet normal -0.19509032201613274 -0.9807852804032295 0
    outer loop
      vertex 44.738947615559894 4.017110277252379 11
      vertex 44.48236190979496 4.068148347421864 9
      vertex 44.738947615559894 4.017110277252379 9
    endloop
  endfacet
  facet normal -0.06540312923014178 -0.9978589232386035 0
    outer loop
      vertex 44.738947615559894 4.017110277252379 11
      vertex 44.738947615559894 4.017110277252379 9
      vertex 45 4 9
    endloop
  endfacet
  facet normal -0.3214394653031537 -0.9469301294951085 0
    outer loop
      vertex 44.23463313526982 4.152240934977426 11
      vertex 44.23463313526982 4.152240934977426 9
      vertex 44.48236190979496 4.068148347421864 9
    endloop
  endfacet
  facet normal -0.4422886902190091 -0.8968727415326844 0
    outer loop
      vertex 44 4.267949192431123 11
      vertex 44 4.267949192431123 9
      vertex 44.23463313526982 4.152240934977426 9
    endloop
  endfacet
  facet normal -0.6593458151000694 -0.751839807478977 0
    outer loop
      vertex 43.78247714198256 4.41329331941753 11
      vertex 43.58578643762691 4.585786437626905 9
      vertex 43.78247714198256 4.41329331941753 9
    endloop
  endfacet
  facet normal -0.7518398074789667 -0.6593458151000812 0
    outer loop
      vertex 43.58578643762691 4.585786437626905 11
      vertex 43.41329331941753 4.782477141982559 9
      vertex 43.58578643762691 4.585786437626905 9
    endloop
  endfacet
  facet normal -0.8314696123025543 -0.5555702330195886 0
    outer loop
      vertex 43.41329331941753 4.782477141982559 11
      vertex 43.267949192431125 5 9
      vertex 43.41329331941753 4.782477141982559 9
    endloop
  endfacet
  facet normal -0.8968727415326871 -0.44228869021900374 0
    outer loop
      vertex 43.15224093497743 5.234633135269821 11
      vertex 43.15224093497743 5.234633135269821 9
      vertex 43.267949192431125 5 9
    endloop
  endfacet
  facet normal -0.3214394653031537 -0.9469301294951085 -1.0378708835147663e-18
    outer loop
      vertex 44.23463313526982 4.152240934977426 11
      vertex 44.48236190979496 4.068148347421864 9
      vertex 44.48236190979496 4.068148347421864 11
    endloop
  endfacet
  facet normal -0.19509032201613274 -0.9807852804032295 -3.1848326761229175e-19
    outer loop
      vertex 44.738947615559894 4.017110277252379 11
      vertex 44.48236190979496 4.068148347421864 11
      vertex 44.48236190979496 4.068148347421864 9
    endloop
  endfacet
  facet normal -0.06540312923014178 -0.9978589232386035 -6.958904841864965e-19
    outer loop
      vertex 44.738947615559894 4.017110277252379 11
      vertex 45 4 9
      vertex 45 4 11
    endloop
  endfacet
  facet normal -0.4422886902190091 -0.8968727415326844 0
    outer loop
      vertex 44.23463313526982 4.152240934977426 11
      vertex 44 4.267949192431123 11
      vertex 44.23463313526982 4.152240934977426 9
    endloop
  endfacet
  facet normal -0.5555702330196057 -0.8314696123025428 -6.842583606766714e-19
    outer loop
      vertex 44 4.267949192431123 11
      vertex 43.78247714198256 4.41329331941753 11
      vertex 43.78247714198256 4.41329331941753 9
    endloop
  endfacet
  facet normal -0.6593458151000694 -0.751839807478977 -9.296302243962108e-19
    outer loop
      vertex 43.78247714198256 4.41329331941753 11
      vertex 43.58578643762691 4.585786437626905 11
      vertex 43.58578643762691 4.585786437626905 9
    endloop
  endfacet
  facet normal -0.7518398074789667 -0.6593458151000812 -5.093698791393101e-18
    outer loop
      vertex 43.58578643762691 4.585786437626905 11
      vertex 43.41329331941753 4.782477141982559 11
      vertex 43.41329331941753 4.782477141982559 9
    endloop
  endfacet
  facet normal 0 0 1
    outer loop
      vertex 44.23463313526982 4.152240934977426 11
      vertex 43.78247714198256 4.41329331941753 11
      vertex 44 4.267949192431123 11
    endloop
  endfacet
  facet normal 0 0 1
    outer loop
      vertex 44.23463313526982 4.152240934977426 11
      vertex 44.48236190979496 4.068148347421864 11
      vertex 45 4 11
    endloop
  endfacet
  facet normal 0 0 1
    outer loop
      vertex 44.738947615559894 4.017110277252379 11
      vertex 45 4 11
      vertex 44.48236190979496 4.068148347421864 11
    endloop
  endfacet
  facet normal 0 0 1
    outer loop
      vertex 44.23463313526982 4.152240934977426 11
      vertex 45 4 11
      vertex 43.58578643762691 4.585786437626905 11
    endloop
  endfacet
  facet normal 0 0 1
    outer loop
      vertex 44.23463313526982 4.152240934977426 11
      vertex 43.58578643762691 4.585786437626905 11
      vertex 43.78247714198256 4.41329331941753 11
    endloop
  endfacet
  facet normal -0.8314696123025543 -0.5555702330195886 -2.680706893961342e-18
    outer loop
      vertex 43.41329331941753 4.782477141982559 11
      vertex 43.267949192431125 5 11
      vertex 43.267949192431125 5 9
    endloop
  endfacet
  facet normal -0.8968727415326871 -0.44228869021900374 0
    outer loop
      vertex 43.267949192431125 5 11
      vertex 43.15224093497743 5.234633135269821 11
      vertex 43.267949192431125 5 9
    endloop
  endfacet
  facet normal 0 0 1
    outer loop
      vertex 43.58578643762691 4.585786437626905 11
      vertex 43.15224093497743 5.234633135269821 11
      vertex 43.41329331941753 4.782477141982559 11
    endloop
  endfacet
  facet normal 0 0 1
    outer loop
      vertex 43.41329331941753 4.782477141982559 11
      vertex 43.15224093497743 5.234633135269821 11
      vertex 43.267949192431125 5 11
    endloop
  endfacet
  facet normal 0 0 1
    outer loop
      vertex 43.58578643762691 4.585786437626905 11
      vertex 43 6 11
      vertex 43.15224093497743 5.234633135269821 11
    endloop
  endfacet
  facet normal 0 -1 0
    outer loop
      vertex 45 4 11
      vertex 45 4 9
      vertex 55 4 11
    endloop
  endfacet
  facet normal 0 0 1
    outer loop
      vertex 43.58578643762691 4.585786437626905 11
      vertex 45 4 11
      vertex 56.41421356237309 4.585786437626905 11
    endloop
  endfacet
  facet normal 0 -1 0
    outer loop
      vertex 55 4 11
      vertex 45 4 9
      vertex 55 4 9
    endloop
  endfacet
  facet normal 0.06540312923014178 -0.9978589232386035 0
    outer loop
      vertex 55.261052384440106 4.017110277252379 11
      vertex 55 4 9
      vertex 55.261052384440106 4.017110277252379 9
    endloop
  endfacet
  facet normal 0.19509032201613274 -0.9807852804032295 0
    outer loop
      vertex 55.261052384440106 4.017110277252379 11
      vertex 55.261052384440106 4.017110277252379 9
      vertex 55.51763809020504 4.068148347421864 9
    endloop
  endfacet
  facet normal 0.3214394653031537 -0.9469301294951085 0
    outer loop
      vertex 55.76536686473018 4.152240934977426 11
      vertex 55.51763809020504 4.068148347421864 9
      vertex 55.76536686473018 4.152240934977426 9
    endloop
  endfacet
  facet normal 0.4422886902190091 -0.8968727415326844 0
    outer loop
      vertex 55.76536686473018 4.152240934977426 11
      vertex 55.76536686473018 4.152240934977426 9
      vertex 56 4.267949192431123 9
    endloop
  endfacet
  facet normal 0.5555702330196057 -0.8314696123025428 0
    outer loop
      vertex 56.21752285801744 4.41329331941753 11
      vertex 56 4.267949192431123 9
      vertex 56.21752285801744 4.41329331941753 9
    endloop
  endfacet
  facet normal 0.6593458151000694 -0.751839807478977 0
    outer loop
      vertex 56.21752285801744 4.41329331941753 11
      vertex 56.21752285801744 4.41329331941753 9
      vertex 56.41421356237309 4.585786437626905 9
    endloop
  endfacet
  facet normal 0.7518398074789802 -0.6593458151000657 0
    outer loop
      vertex 56.41421356237309 4.585786437626905 11
      vertex 56.41421356237309 4.585786437626905 9
      vertex 56.586706680582466 4.782477141982559 9
    endloop
  endfacet
  facet normal 0.8314696123025418 -0.5555702330196074 0
    outer loop
      vertex 56.732050807568875 5 11
      vertex 56.586706680582466 4.782477141982559 9
      vertex 56.732050807568875 5 9
    endloop
  endfacet
  facet normal 0.8968727415326871 -0.44228869021900374 0
    outer loop
      vertex 56.732050807568875 5 11
      vertex 56.732050807568875 5 9
      vertex 56.84775906502257 5.234633135269821 9
    endloop
  endfacet
  facet normal 0.9469301294951011 -0.32143946530317513 0
    outer loop
      vertex 56.84775906502257 5.234633135269821 11
      vertex 56.84775906502257 5.234633135269821 9
      vertex 56.93185165257814 5.4823619097949585 9
    endloop
  endfacet
  facet normal 0.9807852804032315 -0.19509032201612297 0
    outer loop
      vertex 56.93185165257814 5.4823619097949585 11
      vertex 56.93185165257814 5.4823619097949585 9
      vertex 56.98288972274762 5.738947615559897 9
    endloop
  endfacet
  facet normal 0 0 1
    outer loop
      vertex 45 4 11
      vertex 55 4 11
      vertex 56.41421356237309 4.585786437626905 11
    endloop
  endfacet
  facet normal 0.06540312923014178 -0.9978589232386035 0
    outer loop
      vertex 55 4 11
      vertex 55 4 9
      vertex 55.261052384440106 4.017110277252379 11
    endloop
  endfacet
  facet normal 0.19509032201613274 -0.9807852804032295 3.1848326761229175e-19
    outer loop
      vertex 55.261052384440106 4.017110277252379 11
      vertex 55.51763809020504 4.068148347421864 9
      vertex 55.51763809020504 4.068148347421864 11
    endloop
  endfacet
  facet normal 0.3214394653031537 -0.9469301294951085 0
    outer loop
      vertex 55.51763809020504 4.068148347421864 11
      vertex 55.51763809020504 4.068148347421864 9
      vertex 55.76536686473018 4.152240934977426 11
    endloop
  endfacet
  facet normal 0.4422886902190091 -0.8968727415326844 -1.468553606163063e-18
    outer loop
      vertex 55.76536686473018 4.152240934977426 11
      vertex 56 4.267949192431123 9
      vertex 56 4.267949192431123 11
    endloop
  endfacet
  facet normal 0.5555702330196057 -0.8314696123025428 0
    outer loop
      vertex 56 4.267949192431123 11
      vertex 56 4.267949192431123 9
      vertex 56.21752285801744 4.41329331941753 11
    endloop
  endfacet
  facet normal 0.6593458151000694 -0.751839807478977 9.296302243962108e-19
    outer loop
      vertex 56.21752285801744 4.41329331941753 11
      vertex 56.41421356237309 4.585786437626905 9
      vertex 56.41421356237309 4.585786437626905 11
    endloop
  endfacet
  facet normal 0.7518398074789802 -0.6593458151000657 -3.6062171038236943e-19
    outer loop
      vertex 56.41421356237309 4.585786437626905 11
      vertex 56.586706680582466 4.782477141982559 9
      vertex 56.586706680582466 4.782477141982559 11
    endloop
  endfacet
  facet normal 0 0 1
    outer loop
      vertex 55 4 11
      vertex 55.261052384440106 4.017110277252379 11
      vertex 55.76536686473018 4.152240934977426 11
    endloop
  endfacet
  facet normal 0 0 1
    outer loop
      vertex 55.261052384440106 4.017110277252379 11
      vertex 55.51763809020504 4.068148347421864 11
      vertex 55.76536686473018 4.152240934977426 11
    endloop
  endfacet
  facet normal 0 0 1
    outer loop
      vertex 55 4 11
      vertex 55.76536686473018 4.152240934977426 11
      vertex 56.41421356237309 4.585786437626905 11
    endloop
  endfacet
  facet normal 0 0 1
    outer loop
      vertex 55.76536686473018 4.152240934977426 11
      vertex 56 4.267949192431123 11
      vertex 56.41421356237309 4.585786437626905 11
    endloop
  endfacet
  facet normal 0 0 1
    outer loop
      vertex 56 4.267949192431123 11
      vertex 56.21752285801744 4.41329331941753 11
      vertex 56.41421356237309 4.585786437626905 11
    endloop
  endfacet
  facet normal 0.8314696123025418 -0.5555702330196074 0
    outer loop
      vertex 56.586706680582466 4.782477141982559 11
      vertex 56.586706680582466 4.782477141982559 9
      vertex 56.732050807568875 5 11
    endloop
  endfacet
  facet normal 0.8968727415326871 -0.44228869021900374 1.7491224729685752e-18
    outer loop
      vertex 56.732050807568875 5 11
      vertex 56.84775906502257 5.234633135269821 9
      vertex 56.84775906502257 5.234633135269821 11
    endloop
  endfacet
  facet normal 0.9469301294951011 -0.32143946530317513 5.512757620116178e-19
    outer loop
      vertex 56.84775906502257 5.234633135269821 11
      vertex 56.93185165257814 5.4823619097949585 9
      vertex 56.93185165257814 5.4823619097949585 11
    endloop
  endfacet
  facet normal 0.9807852804032315 -0.19509032201612297 3.235024475926466e-20
    outer loop
      vertex 56.93185165257814 5.4823619097949585 11
      vertex 56.98288972274762 5.738947615559897 9
      vertex 56.98288972274762 5.738947615559897 11
    endloop
  endfacet
  facet normal 0 0 1
    outer loop
      vertex 56.41421356237309 4.585786437626905 11
      vertex 56.586706680582466 4.782477141982559 11
      vertex 56.732050807568875 5 11
    endloop
  endfacet
  facet normal 0 0 1
    outer loop
      vertex 56.41421356237309 4.585786437626905 11
      vertex 56.732050807568875 5 11
      vertex 56.84775906502257 5.234633135269821 11
    endloop
  endfacet
  facet normal 0 0 1
    outer loop
      vertex 56.41421356237309 4.585786437626905 11
      vertex 56.84775906502257 5.234633135269821 11
      vertex 57 6 11
    endloop
  endfacet
  facet normal 0 0 1
    outer loop
      vertex 56.84775906502257 5.234633135269821 11
      vertex 56.93185165257814 5.4823619097949585 11
      vertex 57 6 11
    endloop
  endfacet
  facet normal 0.9978589232386039 -0.06540312923013908 0
    outer loop
      vertex 57 6 11
      vertex 56.98288972274762 5.738947615559897 9
      vertex 57 6 9
    endloop
  endfacet
  facet normal 0.9978589232386039 -0.06540312923013908 0
    outer loop
      vertex 56.98288972274762 5.738947615559897 11
      vertex 56.98288972274762 5.738947615559897 9
      vertex 57 6 11
    endloop
  endfacet
  facet normal 0 0 1
    outer loop
      vertex 56.93185165257814 5.4823619097949585 11
      vertex 56.98288972274762 5.738947615559897 11
      vertex 57 6 11
    endloop
  endfacet
  facet normal -1 0 0
    outer loop
      vertex 43 6 11
      vertex 43 16 11
      vertex 43 6 9
    endloop
  endfacet
  facet normal -1 0 0
    outer loop
      vertex 43 16 11
      vertex 43 16 9
      vertex 43 6 9
    endloop
  endfacet
  facet normal 0 0 1
    outer loop
      vertex 43.58578643762691 4.585786437626905 11
      vertex 43 16 11
      vertex 43 6 11
    endloop
  endfacet
  facet normal 0 0 1
    outer loop
      vertex 43.58578643762691 4.585786437626905 11
      vertex 56.41421356237309 4.585786437626905 11
      vertex 56.41421356237309 17.414213562373096 11
    endloop
  endfacet
  facet normal 1 0 0
    outer loop
      vertex 57 6 11
      vertex 57 6 9
      vertex 57 16 9
    endloop
  endfacet
  facet normal 0 0 1
    outer loop
      vertex 56.41421356237309 4.585786437626905 11
      vertex 57 6 11
      vertex 56.41421356237309 17.414213562373096 11
    endloop
  endfacet
  facet normal 0 0 1
    outer loop
      vertex 43.58578643762691 4.585786437626905 11
      vertex 43.58578643762691 17.414213562373096 11
      vertex 43 16 11
    endloop
  endfacet
  facet normal 0 0 1
    outer loop
      vertex 43.58578643762691 4.585786437626905 11
      vertex 56.41421356237309 17.414213562373096 11
      vertex 43.58578643762691 17.414213562373096 11
    endloop
  endfacet
  facet normal 1 0 0
    outer loop
      vertex 57 6 11
      vertex 57 16 9
      vertex 57 16 11
    endloop
  endfacet
  facet normal 0 0 1
    outer loop
      vertex 57 6 11
      vertex 57 16 11
      vertex 56.41421356237309 17.414213562373096 11
    endloop
  endfacet
  facet normal -0.9978589232386037 0.06540312923013929 0
    outer loop
      vertex 43 16 11
      vertex 43.01711027725238 16.261052384440102 9
      vertex 43 16 9
    endloop
  endfacet
  facet normal -0.9807852804032312 0.1950903220161236 0
    outer loop
      vertex 43.06814834742186 16.51763809020504 11
      vertex 43.06814834742186 16.51763809020504 9
      vertex 43.01711027725238 16.261052384440102 9
    endloop
  endfacet
  facet normal -0.9978589232386037 0.06540312923013929 3.058475730255213e-20
    outer loop
      vertex 43 16 11
      vertex 43.01711027725238 16.261052384440102 11
      vertex 43.01711027725238 16.261052384440102 9
    endloop
  endfacet
  facet normal -0.9807852804032312 0.1950903220161236 0
    outer loop
      vertex 43.01711027725238 16.261052384440102 11
      vertex 43.06814834742186 16.51763809020504 11
      vertex 43.01711027725238 16.261052384440102 9
    endloop
  endfacet
  facet normal 0 0 1
    outer loop
      vertex 43 16 11
      vertex 43.06814834742186 16.51763809020504 11
      vertex 43.01711027725238 16.261052384440102 11
    endloop
  endfacet
  facet normal 0 0 1
    outer loop
      vertex 43 16 11
      vertex 43.15224093497743 16.76536686473018 11
      vertex 43.06814834742186 16.51763809020504 11
    endloop
  endfacet
  facet normal -0.9469301294951019 0.3214394653031731 0
    outer loop
      vertex 43.06814834742186 16.51763809020504 11
      vertex 43.15224093497743 16.76536686473018 9
      vertex 43.06814834742186 16.51763809020504 9
    endloop
  endfacet
  facet normal -0.9469301294951019 0.3214394653031731 9.18659011584189e-19
    outer loop
      vertex 43.06814834742186 16.51763809020504 11
      vertex 43.15224093497743 16.76536686473018 11
      vertex 43.15224093497743 16.76536686473018 9
    endloop
  endfacet
  facet normal -0.8968727415326871 0.44228869021900374 0
    outer loop
      vertex 43.267949192431125 17 11
      vertex 43.267949192431125 17 9
      vertex 43.15224093497743 16.76536686473018 9
    endloop
  endfacet
  facet normal -0.8314696123025523 0.5555702330195917 0
    outer loop
      vertex 43.267949192431125 17 11
      vertex 43.41329331941753 17.21752285801744 9
      vertex 43.267949192431125 17 9
    endloop
  endfacet
  facet normal -0.7518398074789712 0.6593458151000761 0
    outer loop
      vertex 43.58578643762691 17.414213562373096 11
      vertex 43.58578643762691 17.414213562373096 9
      vertex 43.41329331941753 17.21752285801744 9
    endloop
  endfacet
  facet normal -0.6593458151000674 0.7518398074789787 0
    outer loop
      vertex 43.78247714198256 17.58670668058247 11
      vertex 43.78247714198256 17.58670668058247 9
      vertex 43.58578643762691 17.414213562373096 9
    endloop
  endfacet
  facet normal -0.5555702330196011 0.8314696123025459 0
    outer loop
      vertex 43.78247714198256 17.58670668058247 11
      vertex 44 17.732050807568875 9
      vertex 43.78247714198256 17.58670668058247 9
    endloop
  endfacet
  facet normal -0.4422886902190091 0.8968727415326844 0
    outer loop
      vertex 44.23463313526982 17.847759065022572 11
      vertex 44.23463313526982 17.847759065022572 9
      vertex 44 17.732050807568875 9
    endloop
  endfacet
  facet normal -0.3214394653031689 0.9469301294951031 0
    outer loop
      vertex 44.48236190979496 17.93185165257814 11
      vertex 44.48236190979496 17.93185165257814 9
      vertex 44.23463313526982 17.847759065022572 9
    endloop
  endfacet
  facet normal -0.19509032201612622 0.9807852804032308 0
    outer loop
      vertex 44.738947615559894 17.982889722747622 11
      vertex 44.738947615559894 17.982889722747622 9
      vertex 44.48236190979496 17.93185165257814 9
    endloop
  endfacet
  facet normal -0.0654031292301384 0.9978589232386037 0
    outer loop
      vertex 44.738947615559894 17.982889722747622 11
      vertex 45 18 9
      vertex 44.738947615559894 17.982889722747622 9
    endloop
  endfacet
  facet normal 0 1 0
    outer loop
      vertex 45 18 11
      vertex 55 18 9
      vertex 45 18 9
    endloop
  endfacet
  facet normal -0.8968727415326871 0.44228869021900374 0
    outer loop
      vertex 43.15224093497743 16.76536686473018 11
      vertex 43.267949192431125 17 11
      vertex 43.15224093497743 16.76536686473018 9
    endloop
  endfacet
  facet normal -0.8314696123025523 0.5555702330195917 -7.902266978855675e-20
    outer loop
      vertex 43.267949192431125 17 11
      vertex 43.41329331941753 17.21752285801744 11
      vertex 43.41329331941753 17.21752285801744 9
    endloop
  endfacet
  facet normal -0.7518398074789712 0.6593458151000761 0
    outer loop
      vertex 43.41329331941753 17.21752285801744 11
      vertex 43.58578643762691 17.414213562373096 11
      vertex 43.41329331941753 17.21752285801744 9
    endloop
  endfacet
  facet normal 0 0 1
    outer loop
      vertex 43 16 11
      vertex 43.58578643762691 17.414213562373096 11
      vertex 43.15224093497743 16.76536686473018 11
    endloop
  endfacet
  facet normal 0 0 1
    outer loop
      vertex 43.15224093497743 16.76536686473018 11
      vertex 43.58578643762691 17.414213562373096 11
      vertex 43.267949192431125 17 11
    endloop
  endfacet
  facet normal 0 0 1
    outer loop
      vertex 43.267949192431125 17 11
      vertex 43.58578643762691 17.414213562373096 11
      vertex 43.41329331941753 17.21752285801744 11
    endloop
  endfacet
  facet normal -0.6593458151000674 0.7518398074789787 0
    outer loop
      vertex 43.58578643762691 17.414213562373096 11
      vertex 43.78247714198256 17.58670668058247 11
      vertex 43.58578643762691 17.414213562373096 9
    endloop
  endfacet
  facet normal -0.5555702330196011 0.8314696123025459 4.8504238012604955e-18
    outer loop
      vertex 43.78247714198256 17.58670668058247 11
      vertex 44 17.732050807568875 11
      vertex 44 17.732050807568875 9
    endloop
  endfacet
  facet normal -0.4422886902190091 0.8968727415326844 0
    outer loop
      vertex 44 17.732050807568875 11
      vertex 44.23463313526982 17.847759065022572 11
      vertex 44 17.732050807568875 9
    endloop
  endfacet
  facet normal -0.3214394653031689 0.9469301294951031 0
    outer loop
      vertex 44.23463313526982 17.847759065022572 11
      vertex 44.48236190979496 17.93185165257814 11
      vertex 44.23463313526982 17.847759065022572 9
    endloop
  endfacet
  facet normal -0.19509032201612622 0.9807852804032308 0
    outer loop
      vertex 44.48236190979496 17.93185165257814 11
      vertex 44.738947615559894 17.982889722747622 11
      vertex 44.48236190979496 17.93185165257814 9
    endloop
  endfacet
  facet normal -0.0654031292301384 0.9978589232386037 1.6932885154367025e-19
    outer loop
      vertex 44.738947615559894 17.982889722747622 11
      vertex 45 18 11
      vertex 45 18 9
    endloop
  endfacet
  facet normal 0 0 1
    outer loop
      vertex 43.58578643762691 17.414213562373096 11
      vertex 44.23463313526982 17.847759065022572 11
      vertex 43.78247714198256 17.58670668058247 11
    endloop
  endfacet
  facet normal 0 0 1
    outer loop
      vertex 43.78247714198256 17.58670668058247 11
      vertex 44.23463313526982 17.847759065022572 11
      vertex 44 17.732050807568875 11
    endloop
  endfacet
  facet normal 0 0 1
    outer loop
      vertex 43.58578643762691 17.414213562373096 11
      vertex 45 18 11
      vertex 44.23463313526982 17.847759065022572 11
    endloop
  endfacet
  facet normal 0 0 1
    outer loop
      vertex 44.23463313526982 17.847759065022572 11
      vertex 45 18 11
      vertex 44.48236190979496 17.93185165257814 11
    endloop
  endfacet
  facet normal 0 0 1
    outer loop
      vertex 44.48236190979496 17.93185165257814 11
      vertex 45 18 11
      vertex 44.738947615559894 17.982889722747622 11
    endloop
  endfacet
  facet normal 0 0 1
    outer loop
      vertex 43.58578643762691 17.414213562373096 11
      vertex 56.41421356237309 17.414213562373096 11
      vertex 45 18 11
    endloop
  endfacet
  facet normal 0.9978589232386037 0.06540312923013929 0
    outer loop
      vertex 56.98288972274762 16.261052384440102 11
      vertex 57 16 9
      vertex 56.98288972274762 16.261052384440102 9
    endloop
  endfacet
  facet normal 0.9807852804032312 0.1950903220161236 0
    outer loop
      vertex 56.98288972274762 16.261052384440102 11
      vertex 56.98288972274762 16.261052384440102 9
      vertex 56.93185165257814 16.51763809020504 9
    endloop
  endfacet
  facet normal 0.9978589232386037 0.06540312923013929 0
    outer loop
      vertex 57 16 11
      vertex 57 16 9
      vertex 56.98288972274762 16.261052384440102 11
    endloop
  endfacet
  facet normal 0.9807852804032312 0.1950903220161236 4.036039193673949e-19
    outer loop
      vertex 56.98288972274762 16.261052384440102 11
      vertex 56.93185165257814 16.51763809020504 9
      vertex 56.93185165257814 16.51763809020504 11
    endloop
  endfacet
  facet normal 0 0 1
    outer loop
      vertex 57 16 11
      vertex 56.98288972274762 16.261052384440102 11
      vertex 56.41421356237309 17.414213562373096 11
    endloop
  endfacet
  facet normal 0.9469301294951019 0.3214394653031731 0
    outer loop
      vertex 56.93185165257814 16.51763809020504 11
      vertex 56.93185165257814 16.51763809020504 9
      vertex 56.84775906502257 16.76536686473018 9
    endloop
  endfacet
  facet normal 0.8968727415326871 0.44228869021900374 0
    outer loop
      vertex 56.732050807568875 17 11
      vertex 56.84775906502257 16.76536686473018 9
      vertex 56.732050807568875 17 9
    endloop
  endfacet
  facet normal 0.7518398074789846 0.6593458151000606 0
    outer loop
      vertex 56.41421356237309 17.414213562373096 11
      vertex 56.586706680582466 17.21752285801744 9
      vertex 56.41421356237309 17.414213562373096 9
    endloop
  endfacet
  facet normal 0.8314696123025398 0.5555702330196105 0
    outer loop
      vertex 56.732050807568875 17 11
      vertex 56.732050807568875 17 9
      vertex 56.586706680582466 17.21752285801744 9
    endloop
  endfacet
  facet normal 0.3214394653031689 0.9469301294951031 0
    outer loop
      vertex 55.76536686473018 17.847759065022572 11
      vertex 55.76536686473018 17.847759065022572 9
      vertex 55.51763809020504 17.93185165257814 9
    endloop
  endfacet
  facet normal 0.0654031292301384 0.9978589232386037 0
    outer loop
      vertex 55 18 11
      vertex 55.261052384440106 17.982889722747622 9
      vertex 55 18 9
    endloop
  endfacet
  facet normal 0.19509032201612622 0.9807852804032308 0
    outer loop
      vertex 55.261052384440106 17.982889722747622 11
      vertex 55.51763809020504 17.93185165257814 9
      vertex 55.261052384440106 17.982889722747622 9
    endloop
  endfacet
  facet normal 0.5555702330196011 0.8314696123025459 0
    outer loop
      vertex 56 17.732050807568875 11
      vertex 56.21752285801744 17.58670668058247 9
      vertex 56 17.732050807568875 9
    endloop
  endfacet
  facet normal 0.6593458151000674 0.7518398074789787 0
    outer loop
      vertex 56.41421356237309 17.414213562373096 11
      vertex 56.41421356237309 17.414213562373096 9
      vertex 56.21752285801744 17.58670668058247 9
    endloop
  endfacet
  facet normal 0.4422886902190091 0.8968727415326844 0
    outer loop
      vertex 55.76536686473018 17.847759065022572 11
      vertex 56 17.732050807568875 9
      vertex 55.76536686473018 17.847759065022572 9
    endloop
  endfacet
  facet normal 0 1 0
    outer loop
      vertex 45 18 11
      vertex 55 18 11
      vertex 55 18 9
    endloop
  endfacet
  facet normal 0 0 1
    outer loop
      vertex 45 18 11
      vertex 56.41421356237309 17.414213562373096 11
      vertex 55 18 11
    endloop
  endfacet
  facet normal 0.9469301294951019 0.3214394653031731 -9.18659011584189e-19
    outer loop
      vertex 56.93185165257814 16.51763809020504 11
      vertex 56.84775906502257 16.76536686473018 9
      vertex 56.84775906502257 16.76536686473018 11
    endloop
  endfacet
  facet normal 0.8968727415326871 0.44228869021900374 0
    outer loop
      vertex 56.84775906502257 16.76536686473018 11
      vertex 56.84775906502257 16.76536686473018 9
      vertex 56.732050807568875 17 11
    endloop
  endfacet
  facet normal 0.7518398074789846 0.6593458151000606 0
    outer loop
      vertex 56.586706680582466 17.21752285801744 11
      vertex 56.586706680582466 17.21752285801744 9
      vertex 56.41421356237309 17.414213562373096 11
    endloop
  endfacet
  facet normal 0.8314696123025398 0.5555702330196105 3.481907079907121e-18
    outer loop
      vertex 56.732050807568875 17 11
      vertex 56.586706680582466 17.21752285801744 9
      vertex 56.586706680582466 17.21752285801744 11
    endloop
  endfacet
  facet normal 0 0 1
    outer loop
      vertex 56.98288972274762 16.261052384440102 11
      vertex 56.93185165257814 16.51763809020504 11
      vertex 56.732050807568875 17 11
    endloop
  endfacet
  facet normal 0 0 1
    outer loop
      vertex 56.93185165257814 16.51763809020504 11
      vertex 56.84775906502257 16.76536686473018 11
      vertex 56.732050807568875 17 11
    endloop
  endfacet
  facet normal 0 0 1
    outer loop
      vertex 56.98288972274762 16.261052384440102 11
      vertex 56.732050807568875 17 11
      vertex 56.41421356237309 17.414213562373096 11
    endloop
  endfacet
  facet normal 0 0 1
    outer loop
      vertex 56.732050807568875 17 11
      vertex 56.586706680582466 17.21752285801744 11
      vertex 56.41421356237309 17.414213562373096 11
    endloop
  endfacet
  facet normal 0.3214394653031689 0.9469301294951031 0
    outer loop
      vertex 55.51763809020504 17.93185165257814 11
      vertex 55.76536686473018 17.847759065022572 11
      vertex 55.51763809020504 17.93185165257814 9
    endloop
  endfacet
  facet normal 0.0654031292301384 0.9978589232386037 -1.6932885154367025e-19
    outer loop
      vertex 55 18 11
      vertex 55.261052384440106 17.982889722747622 11
      vertex 55.261052384440106 17.982889722747622 9
    endloop
  endfacet
  facet normal 0.19509032201612622 0.9807852804032308 -1.1680237621801337e-18
    outer loop
      vertex 55.261052384440106 17.982889722747622 11
      vertex 55.51763809020504 17.93185165257814 11
      vertex 55.51763809020504 17.93185165257814 9
    endloop
  endfacet
  facet normal 0.5555702330196011 0.8314696123025459 0
    outer loop
      vertex 56.21752285801744 17.58670668058247 11
      vertex 56.21752285801744 17.58670668058247 9
      vertex 56 17.732050807568875 11
    endloop
  endfacet
  facet normal 0.6593458151000674 0.7518398074789787 0
    outer loop
      vertex 56.21752285801744 17.58670668058247 11
      vertex 56.41421356237309 17.414213562373096 11
      vertex 56.21752285801744 17.58670668058247 9
    endloop
  endfacet
  facet normal 0.4422886902190091 0.8968727415326844 1.468553606163063e-18
    outer loop
      vertex 55.76536686473018 17.847759065022572 11
      vertex 56 17.732050807568875 11
      vertex 56 17.732050807568875 9
    endloop
  endfacet
  facet normal 0 0 1
    outer loop
      vertex 55.261052384440106 17.982889722747622 11
      vertex 55.76536686473018 17.847759065022572 11
      vertex 55.51763809020504 17.93185165257814 11
    endloop
  endfacet
  facet normal 0 0 1
    outer loop
      vertex 55 18 11
      vertex 55.76536686473018 17.847759065022572 11
      vertex 55.261052384440106 17.982889722747622 11
    endloop
  endfacet
  facet normal 0 0 1
    outer loop
      vertex 55.76536686473018 17.847759065022572 11
      vertex 56.41421356237309 17.414213562373096 11
      vertex 56 17.732050807568875 11
    endloop
  endfacet
  facet normal 0 0 1
    outer loop
      vertex 56.21752285801744 17.58670668058247 11
      vertex 56 17.732050807568875 11
      vertex 56.41421356237309 17.414213562373096 11
    endloop
  endfacet
  facet normal 0 0 1
    outer loop
      vertex 55 18 11
      vertex 56.41421356237309 17.414213562373096 11
      vertex 55.76536686473018 17.847759065022572 11
    endloop
  endfacet
  facet normal -0.6593458151000694 -0.751839807478977 0
    outer loop
      vertex 62.78247714198256 4.41329331941753 11
      vertex 62.58578643762691 4.585786437626905 9
      vertex 62.78247714198256 4.41329331941753 9
    endloop
  endfacet
  facet normal -0.7518398074789667 -0.6593458151000812 0
    outer loop
      vertex 62.58578643762691 4.585786437626905 11
      vertex 62.41329331941753 4.782477141982559 9
      vertex 62.58578643762691 4.585786437626905 9
    endloop
  endfacet
  facet normal -0.19509032201613274 -0.9807852804032295 0
    outer loop
      vertex 63.738947615559894 4.017110277252379 11
      vertex 63.48236190979496 4.068148347421864 9
      vertex 63.738947615559894 4.017110277252379 9
    endloop
  endfacet
  facet normal -0.3214394653031537 -0.9469301294951085 0
    outer loop
      vertex 63.23463313526982 4.152240934977426 11
      vertex 63.23463313526982 4.152240934977426 9
      vertex 63.48236190979496 4.068148347421864 9
    endloop
  endfacet
  facet normal -0.4422886902190091 -0.8968727415326844 0
    outer loop
      vertex 63 4.267949192431123 11
      vertex 63 4.267949192431123 9
      vertex 63.23463313526982 4.152240934977426 9
    endloop
  endfacet
  facet normal -0.5555702330196057 -0.8314696123025428 0
    outer loop
      vertex 63 4.267949192431123 11
      vertex 62.78247714198256 4.41329331941753 9
      vertex 63 4.267949192431123 9
    endloop
  endfacet
  facet normal -0.06540312923014178 -0.9978589232386035 0
    outer loop
      vertex 63.738947615559894 4.017110277252379 11
      vertex 63.738947615559894 4.017110277252379 9
      vertex 64 4 9
    endloop
  endfacet
  facet normal -0.8314696123025543 -0.5555702330195886 0
    outer loop
      vertex 62.41329331941753 4.782477141982559 11
      vertex 62.267949192431125 5 9
      vertex 62.41329331941753 4.782477141982559 9
    endloop
  endfacet
  facet normal -0.8968727415326871 -0.44228869021900374 0
    outer loop
      vertex 62.15224093497743 5.234633135269821 11
      vertex 62.15224093497743 5.234633135269821 9
      vertex 62.267949192431125 5 9
    endloop
  endfacet
  facet normal -0.9469301294951011 -0.32143946530317513 0
    outer loop
      vertex 62.06814834742186 5.4823619097949585 11
      vertex 62.06814834742186 5.4823619097949585 9
      vertex 62.15224093497743 5.234633135269821 9
    endloop
  endfacet
  facet normal -0.9807852804032315 -0.19509032201612297 0
    outer loop
      vertex 62.06814834742186 5.4823619097949585 11
      vertex 62.01711027725238 5.738947615559897 9
      vertex 62.06814834742186 5.4823619097949585 9
    endloop
  endfacet
  facet normal -0.5555702330196057 -0.8314696123025428 -6.842583606766714e-19
    outer loop
      vertex 63 4.267949192431123 11
      vertex 62.78247714198256 4.41329331941753 11
      vertex 62.78247714198256 4.41329331941753 9
    endloop
  endfacet
  facet normal -0.6593458151000694 -0.751839807478977 -9.296302243962108e-19
    outer loop
      vertex 62.78247714198256 4.41329331941753 11
      vertex 62.58578643762691 4.585786437626905 11
      vertex 62.58578643762691 4.585786437626905 9
    endloop
  endfacet
  facet normal -0.7518398074789667 -0.6593458151000812 -5.093698791393101e-18
    outer loop
      vertex 62.58578643762691 4.585786437626905 11
      vertex 62.41329331941753 4.782477141982559 11
      vertex 62.41329331941753 4.782477141982559 9
    endloop
  endfacet
  facet normal -0.3214394653031537 -0.9469301294951085 -1.0378708835147663e-18
    outer loop
      vertex 63.23463313526982 4.152240934977426 11
      vertex 63.48236190979496 4.068148347421864 9
      vertex 63.48236190979496 4.068148347421864 11
    endloop
  endfacet
  facet normal -0.19509032201613274 -0.9807852804032295 -3.1848326761229175e-19
    outer loop
      vertex 63.738947615559894 4.017110277252379 11
      vertex 63.48236190979496 4.068148347421864 11
      vertex 63.48236190979496 4.068148347421864 9
    endloop
  endfacet
  facet normal -0.4422886902190091 -0.8968727415326844 0
    outer loop
      vertex 63.23463313526982 4.152240934977426 11
      vertex 63 4.267949192431123 11
      vertex 63.23463313526982 4.152240934977426 9
    endloop
  endfacet
  facet normal -0.06540312923014178 -0.9978589232386035 -6.958904841864965e-19
    outer loop
      vertex 63.738947615559894 4.017110277252379 11
      vertex 64 4 9
      vertex 64 4 11
    endloop
  endfacet
  facet normal 0 0 1
    outer loop
      vertex 63.23463313526982 4.152240934977426 11
      vertex 62.58578643762691 4.585786437626905 11
      vertex 62.78247714198256 4.41329331941753 11
    endloop
  endfacet
  facet normal 0 0 1
    outer loop
      vertex 63.738947615559894 4.017110277252379 11
      vertex 64 4 11
      vertex 63.48236190979496 4.068148347421864 11
    endloop
  endfacet
  facet normal 0 0 1
    outer loop
      vertex 63.23463313526982 4.152240934977426 11
      vertex 63.48236190979496 4.068148347421864 11
      vertex 64 4 11
    endloop
  endfacet
  facet normal 0 0 1
    outer loop
      vertex 63.23463313526982 4.152240934977426 11
      vertex 62.78247714198256 4.41329331941753 11
      vertex 63 4.267949192431123 11
    endloop
  endfacet
  facet normal 0 0 1
    outer loop
      vertex 63.23463313526982 4.152240934977426 11
      vertex 64 4 11
      vertex 62.58578643762691 4.585786437626905 11
    endloop
  endfacet
  facet normal -0.8314696123025543 -0.5555702330195886 -2.680706893961342e-18
    outer loop
      vertex 62.41329331941753 4.782477141982559 11
      vertex 62.267949192431125 5 11
      vertex 62.267949192431125 5 9
    endloop
  endfacet
  facet normal -0.8968727415326871 -0.44228869021900374 0
    outer loop
      vertex 62.267949192431125 5 11
      vertex 62.15224093497743 5.234633135269821 11
      vertex 62.267949192431125 5 9
    endloop
  endfacet
  facet normal -0.9469301294951011 -0.32143946530317513 0
    outer loop
      vertex 62.15224093497743 5.234633135269821 11
      vertex 62.06814834742186 5.4823619097949585 11
      vertex 62.15224093497743 5.234633135269821 9
    endloop
  endfacet
  facet normal -0.9807852804032315 -0.19509032201612297 -3.235024475926466e-20
    outer loop
      vertex 62.06814834742186 5.4823619097949585 11
      vertex 62.01711027725238 5.738947615559897 11
      vertex 62.01711027725238 5.738947615559897 9
    endloop
  endfacet
  facet normal 0 0 1
    outer loop
      vertex 62.58578643762691 4.585786437626905 11
      vertex 62.15224093497743 5.234633135269821 11
      vertex 62.41329331941753 4.782477141982559 11
    endloop
  endfacet
  facet normal 0 0 1
    outer loop
      vertex 62.41329331941753 4.782477141982559 11
      vertex 62.15224093497743 5.234633135269821 11
      vertex 62.267949192431125 5 11
    endloop
  endfacet
  facet normal 0 0 1
    outer loop
      vertex 62.58578643762691 4.585786437626905 11
      vertex 62 6 11
      vertex 62.15224093497743 5.234633135269821 11
    endloop
  endfacet
  facet normal 0 0 1
    outer loop
      vertex 62.15224093497743 5.234633135269821 11
      vertex 62 6 11
      vertex 62.06814834742186 5.4823619097949585 11
    endloop
  endfacet
  facet normal -0.9978589232386039 -0.06540312923013908 0
    outer loop
      vertex 62 6 11
      vertex 62 6 9
      vertex 62.01711027725238 5.738947615559897 9
    endloop
  endfacet
  facet normal -0.9978589232386039 -0.06540312923013908 0
    outer loop
      vertex 62.01711027725238 5.738947615559897 11
      vertex 62 6 11
      vertex 62.01711027725238 5.738947615559897 9
    endloop
  endfacet
  facet normal 0 0 1
    outer loop
      vertex 62.06814834742186 5.4823619097949585 11
      vertex 62 6 11
      vertex 62.01711027725238 5.738947615559897 11
    endloop
  endfacet
  facet normal 0 -1 0
    outer loop
      vertex 74 4 11
      vertex 64 4 9
      vertex 74 4 9
    endloop
  endfacet
  facet normal 0 -1 0
    outer loop
      vertex 64 4 11
      vertex 64 4 9
      vertex 74 4 11
    endloop
  endfacet
  facet normal 0 0 1
    outer loop
      vertex 64 4 11
      vertex 75.41421356237309 4.585786437626905 11
      vertex 62.58578643762691 4.585786437626905 11
    endloop
  endfacet
  facet normal 0 0 1
    outer loop
      vertex 64 4 11
      vertex 74 4 11
      vertex 75.41421356237309 4.585786437626905 11
    endloop
  endfacet
  facet normal 0.06540312923014178 -0.9978589232386035 0
    outer loop
      vertex 74.2610523844401 4.017110277252379 11
      vertex 74 4 9
      vertex 74.2610523844401 4.017110277252379 9
    endloop
  endfacet
  facet normal 0.19509032201613274 -0.9807852804032295 0
    outer loop
      vertex 74.2610523844401 4.017110277252379 11
      vertex 74.2610523844401 4.017110277252379 9
      vertex 74.51763809020504 4.068148347421864 9
    endloop
  endfacet
  facet normal 0.3214394653031537 -0.9469301294951085 0
    outer loop
      vertex 74.76536686473018 4.152240934977426 11
      vertex 74.51763809020504 4.068148347421864 9
      vertex 74.76536686473018 4.152240934977426 9
    endloop
  endfacet
  facet normal 0.4422886902190091 -0.8968727415326844 0
    outer loop
      vertex 74.76536686473018 4.152240934977426 11
      vertex 74.76536686473018 4.152240934977426 9
      vertex 75 4.267949192431123 9
    endloop
  endfacet
  facet normal 0.5555702330195933 -0.8314696123025512 0
    outer loop
      vertex 75.21752285801745 4.41329331941753 11
      vertex 75 4.267949192431123 9
      vertex 75.21752285801745 4.41329331941753 9
    endloop
  endfacet
  facet normal 0.6593458151000828 -0.7518398074789652 0
    outer loop
      vertex 75.21752285801745 4.41329331941753 11
      vertex 75.21752285801745 4.41329331941753 9
      vertex 75.41421356237309 4.585786437626905 9
    endloop
  endfacet
  facet normal 0.7518398074789802 -0.6593458151000657 0
    outer loop
      vertex 75.41421356237309 4.585786437626905 11
      vertex 75.41421356237309 4.585786437626905 9
      vertex 75.58670668058247 4.782477141982559 9
    endloop
  endfacet
  facet normal 0.8314696123025292 -0.5555702330196262 0
    outer loop
      vertex 75.73205080756888 5 11
      vertex 75.58670668058247 4.782477141982559 9
      vertex 75.73205080756888 5 9
    endloop
  endfacet
  facet normal 0.8968727415326979 -0.44228869021898193 0
    outer loop
      vertex 75.73205080756888 5 11
      vertex 75.73205080756888 5 9
      vertex 75.84775906502257 5.234633135269821 9
    endloop
  endfacet
  facet normal 0.9469301294951094 -0.32143946530315076 0
    outer loop
      vertex 75.84775906502257 5.234633135269821 11
      vertex 75.84775906502257 5.234633135269821 9
      vertex 75.93185165257813 5.4823619097949585 9
    endloop
  endfacet
  facet normal 0.9807852804032315 -0.19509032201612297 0
    outer loop
      vertex 75.93185165257813 5.4823619097949585 11
      vertex 75.93185165257813 5.4823619097949585 9
      vertex 75.98288972274761 5.738947615559897 9
    endloop
  endfacet
  facet normal 0.06540312923014178 -0.9978589232386035 0
    outer loop
      vertex 74 4 11
      vertex 74 4 9
      vertex 74.2610523844401 4.017110277252379 11
    endloop
  endfacet
  facet normal 0.19509032201613274 -0.9807852804032295 3.1848326761229175e-19
    outer loop
      vertex 74.2610523844401 4.017110277252379 11
      vertex 74.51763809020504 4.068148347421864 9
      vertex 74.51763809020504 4.068148347421864 11
    endloop
  endfacet
  facet normal 0.3214394653031537 -0.9469301294951085 0
    outer loop
      vertex 74.51763809020504 4.068148347421864 11
      vertex 74.51763809020504 4.068148347421864 9
      vertex 74.76536686473018 4.152240934977426 11
    endloop
  endfacet
  facet normal 0.4422886902190091 -0.8968727415326844 -1.468553606163063e-18
    outer loop
      vertex 74.76536686473018 4.152240934977426 11
      vertex 75 4.267949192431123 9
      vertex 75 4.267949192431123 11
    endloop
  endfacet
  facet normal 0.5555702330195933 -0.8314696123025512 0
    outer loop
      vertex 75 4.267949192431123 11
      vertex 75 4.267949192431123 9
      vertex 75.21752285801745 4.41329331941753 11
    endloop
  endfacet
  facet normal 0.6593458151000828 -0.7518398074789652 5.797325200849408e-18
    outer loop
      vertex 75.21752285801745 4.41329331941753 11
      vertex 75.41421356237309 4.585786437626905 9
      vertex 75.41421356237309 4.585786437626905 11
    endloop
  endfacet
  facet normal 0 0 1
    outer loop
      vertex 74 4 11
      vertex 74.2610523844401 4.017110277252379 11
      vertex 74.76536686473018 4.152240934977426 11
    endloop
  endfacet
  facet normal 0 0 1
    outer loop
      vertex 74.2610523844401 4.017110277252379 11
      vertex 74.51763809020504 4.068148347421864 11
      vertex 74.76536686473018 4.152240934977426 11
    endloop
  endfacet
  facet normal 0 0 1
    outer loop
      vertex 74 4 11
      vertex 74.76536686473018 4.152240934977426 11
      vertex 75.41421356237309 4.585786437626905 11
    endloop
  endfacet
  facet normal 0 0 1
    outer loop
      vertex 74.76536686473018 4.152240934977426 11
      vertex 75 4.267949192431123 11
      vertex 75.41421356237309 4.585786437626905 11
    endloop
  endfacet
  facet normal 0 0 1
    outer loop
      vertex 75 4.267949192431123 11
      vertex 75.21752285801745 4.41329331941753 11
      vertex 75.41421356237309 4.585786437626905 11
    endloop
  endfacet
  facet normal 0.7518398074789802 -0.6593458151000657 -3.6062171038236943e-19
    outer loop
      vertex 75.41421356237309 4.585786437626905 11
      vertex 75.58670668058247 4.782477141982559 9
      vertex 75.58670668058247 4.782477141982559 11
    endloop
  endfacet
  facet normal 0.8314696123025292 -0.5555702330196262 0
    outer loop
      vertex 75.58670668058247 4.782477141982559 11
      vertex 75.58670668058247 4.782477141982559 9
      vertex 75.73205080756888 5 11
    endloop
  endfacet
  facet normal 0.8968727415326979 -0.44228869021898193 -1.756369981551643e-18
    outer loop
      vertex 75.73205080756888 5 11
      vertex 75.84775906502257 5.234633135269821 9
      vertex 75.84775906502257 5.234633135269821 11
    endloop
  endfacet
  facet normal 0.9469301294951094 -0.32143946530315076 -1.759789376680987e-18
    outer loop
      vertex 75.84775906502257 5.234633135269821 11
      vertex 75.93185165257813 5.4823619097949585 9
      vertex 75.93185165257813 5.4823619097949585 11
    endloop
  endfacet
  facet normal 0.9807852804032315 -0.19509032201612297 3.235024475926466e-20
    outer loop
      vertex 75.93185165257813 5.4823619097949585 11
      vertex 75.98288972274761 5.738947615559897 9
      vertex 75.98288972274761 5.738947615559897 11
    endloop
  endfacet
  facet normal 0 0 1
    outer loop
      vertex 75.41421356237309 4.585786437626905 11
      vertex 75.58670668058247 4.782477141982559 11
      vertex 75.73205080756888 5 11
    endloop
  endfacet
  facet normal 0 0 1
    outer loop
      vertex 75.41421356237309 4.585786437626905 11
      vertex 75.73205080756888 5 11
      vertex 75.84775906502257 5.234633135269821 11
    endloop
  endfacet
  facet normal 0 0 1
    outer loop
      vertex 75.41421356237309 4.585786437626905 11
      vertex 75.84775906502257 5.234633135269821 11
      vertex 76 6 11
    endloop
  endfacet
  facet normal 0 0 1
    outer loop
      vertex 75.84775906502257 5.234633135269821 11
      vertex 75.93185165257813 5.4823619097949585 11
      vertex 76 6 11
    endloop
  endfacet
  facet normal 0.9978589232386019 -0.06540312923016611 0
    outer loop
      vertex 76 6 11
      vertex 75.98288972274761 5.738947615559897 9
      vertex 76 6 9
    endloop
  endfacet
  facet normal 0.9978589232386019 -0.06540312923016611 0
    outer loop
      vertex 75.98288972274761 5.738947615559897 11
      vertex 75.98288972274761 5.738947615559897 9
      vertex 76 6 11
    endloop
  endfacet
  facet normal 0 0 1
    outer loop
      vertex 75.93185165257813 5.4823619097949585 11
      vertex 75.98288972274761 5.738947615559897 11
      vertex 76 6 11
    endloop
  endfacet
  facet normal 0 0 1
    outer loop
      vertex 62.58578643762691 4.585786437626905 11
      vertex 62 16 11
      vertex 62 6 11
    endloop
  endfacet
  facet normal -1 0 0
    outer loop
      vertex 62 6 11
      vertex 62 16 11
      vertex 62 6 9
    endloop
  endfacet
  facet normal 0 0 1
    outer loop
      vertex 62.58578643762691 4.585786437626905 11
      vertex 75.41421356237309 4.585786437626905 11
      vertex 75.41421356237309 17.414213562373096 11
    endloop
  endfacet
  facet normal -1 0 0
    outer loop
      vertex 62 16 11
      vertex 62 16 9
      vertex 62 6 9
    endloop
  endfacet
  facet normal 0 0 1
    outer loop
      vertex 62.58578643762691 4.585786437626905 11
      vertex 62.58578643762691 17.414213562373096 11
      vertex 62 16 11
    endloop
  endfacet
  facet normal 0 0 1
    outer loop
      vertex 62.58578643762691 4.585786437626905 11
      vertex 75.41421356237309 17.414213562373096 11
      vertex 62.58578643762691 17.414213562373096 11
    endloop
  endfacet
  facet normal 1 0 0
    outer loop
      vertex 76 6 11
      vertex 76 6 9
      vertex 76 16 9
    endloop
  endfacet
  facet normal 0 0 1
    outer loop
      vertex 75.41421356237309 4.585786437626905 11
      vertex 76 6 11
      vertex 75.41421356237309 17.414213562373096 11
    endloop
  endfacet
  facet normal 1 0 0
    outer loop
      vertex 76 6 11
      vertex 76 16 9
      vertex 76 16 11
    endloop
  endfacet
  facet normal 0 0 1
    outer loop
      vertex 76 6 11
      vertex 76 16 11
      vertex 75.41421356237309 17.414213562373096 11
    endloop
  endfacet
  facet normal -0.9978589232386037 0.06540312923013929 0
    outer loop
      vertex 62 16 11
      vertex 62.01711027725238 16.261052384440102 9
      vertex 62 16 9
    endloop
  endfacet
  facet normal -0.9807852804032312 0.1950903220161236 0
    outer loop
      vertex 62.06814834742186 16.51763809020504 11
      vertex 62.06814834742186 16.51763809020504 9
      vertex 62.01711027725238 16.261052384440102 9
    endloop
  endfacet
  facet normal -0.9978589232386037 0.06540312923013929 3.058475730255213e-20
    outer loop
      vertex 62 16 11
      vertex 62.01711027725238 16.261052384440102 11
      vertex 62.01711027725238 16.261052384440102 9
    endloop
  endfacet
  facet normal -0.9807852804032312 0.1950903220161236 0
    outer loop
      vertex 62.01711027725238 16.261052384440102 11
      vertex 62.06814834742186 16.51763809020504 11
      vertex 62.01711027725238 16.261052384440102 9
    endloop
  endfacet
  facet normal 0 0 1
    outer loop
      vertex 62 16 11
      vertex 62.06814834742186 16.51763809020504 11
      vertex 62.01711027725238 16.261052384440102 11
    endloop
  endfacet
  facet normal 0 0 1
    outer loop
      vertex 62 16 11
      vertex 62.15224093497743 16.76536686473018 11
      vertex 62.06814834742186 16.51763809020504 11
    endloop
  endfacet
  facet normal -0.9469301294951019 0.3214394653031731 0
    outer loop
      vertex 62.06814834742186 16.51763809020504 11
      vertex 62.15224093497743 16.76536686473018 9
      vertex 62.06814834742186 16.51763809020504 9
    endloop
  endfacet
  facet normal -0.8968727415326871 0.44228869021900374 0
    outer loop
      vertex 62.267949192431125 17 11
      vertex 62.267949192431125 17 9
      vertex 62.15224093497743 16.76536686473018 9
    endloop
  endfacet
  facet normal -0.8314696123025523 0.5555702330195917 0
    outer loop
      vertex 62.267949192431125 17 11
      vertex 62.41329331941753 17.21752285801744 9
      vertex 62.267949192431125 17 9
    endloop
  endfacet
  facet normal -0.7518398074789712 0.6593458151000761 0
    outer loop
      vertex 62.58578643762691 17.414213562373096 11
      vertex 62.58578643762691 17.414213562373096 9
      vertex 62.41329331941753 17.21752285801744 9
    endloop
  endfacet
  facet normal -0.6593458151000674 0.7518398074789787 0
    outer loop
      vertex 62.78247714198256 17.58670668058247 11
      vertex 62.78247714198256 17.58670668058247 9
      vertex 62.58578643762691 17.414213562373096 9
    endloop
  endfacet
  facet normal -0.5555702330196011 0.8314696123025459 0
    outer loop
      vertex 62.78247714198256 17.58670668058247 11
      vertex 63 17.732050807568875 9
      vertex 62.78247714198256 17.58670668058247 9
    endloop
  endfacet
  facet normal -0.4422886902190091 0.8968727415326844 0
    outer loop
      vertex 63.23463313526982 17.847759065022572 11
      vertex 63.23463313526982 17.847759065022572 9
      vertex 63 17.732050807568875 9
    endloop
  endfacet
  facet normal -0.3214394653031689 0.9469301294951031 0
    outer loop
      vertex 63.48236190979496 17.93185165257814 11
      vertex 63.48236190979496 17.93185165257814 9
      vertex 63.23463313526982 17.847759065022572 9
    endloop
  endfacet
  facet normal -0.19509032201612622 0.9807852804032308 0
    outer loop
      vertex 63.738947615559894 17.982889722747622 11
      vertex 63.738947615559894 17.982889722747622 9
      vertex 63.48236190979496 17.93185165257814 9
    endloop
  endfacet
  facet normal -0.0654031292301384 0.9978589232386037 0
    outer loop
      vertex 63.738947615559894 17.982889722747622 11
      vertex 64 18 9
      vertex 63.738947615559894 17.982889722747622 9
    endloop
  endfacet
  facet normal -0.9469301294951019 0.3214394653031731 9.18659011584189e-19
    outer loop
      vertex 62.06814834742186 16.51763809020504 11
      vertex 62.15224093497743 16.76536686473018 11
      vertex 62.15224093497743 16.76536686473018 9
    endloop
  endfacet
  facet normal -0.8968727415326871 0.44228869021900374 0
    outer loop
      vertex 62.15224093497743 16.76536686473018 11
      vertex 62.267949192431125 17 11
      vertex 62.15224093497743 16.76536686473018 9
    endloop
  endfacet
  facet normal -0.8314696123025523 0.5555702330195917 -7.902266978855675e-20
    outer loop
      vertex 62.267949192431125 17 11
      vertex 62.41329331941753 17.21752285801744 11
      vertex 62.41329331941753 17.21752285801744 9
    endloop
  endfacet
  facet normal -0.7518398074789712 0.6593458151000761 0
    outer loop
      vertex 62.41329331941753 17.21752285801744 11
      vertex 62.58578643762691 17.414213562373096 11
      vertex 62.41329331941753 17.21752285801744 9
    endloop
  endfacet
  facet normal 0 0 1
    outer loop
      vertex 62 16 11
      vertex 62.58578643762691 17.414213562373096 11
      vertex 62.15224093497743 16.76536686473018 11
    endloop
  endfacet
  facet normal 0 0 1
    outer loop
      vertex 62.15224093497743 16.76536686473018 11
      vertex 62.58578643762691 17.414213562373096 11
      vertex 62.267949192431125 17 11
    endloop
  endfacet
  facet normal 0 0 1
    outer loop
      vertex 62.267949192431125 17 11
      vertex 62.58578643762691 17.414213562373096 11
      vertex 62.41329331941753 17.21752285801744 11
    endloop
  endfacet
  facet normal -0.6593458151000674 0.7518398074789787 0
    outer loop
      vertex 62.58578643762691 17.414213562373096 11
      vertex 62.78247714198256 17.58670668058247 11
      vertex 62.58578643762691 17.414213562373096 9
    endloop
  endfacet
  facet normal -0.5555702330196011 0.8314696123025459 4.8504238012604955e-18
    outer loop
      vertex 62.78247714198256 17.58670668058247 11
      vertex 63 17.732050807568875 11
      vertex 63 17.732050807568875 9
    endloop
  endfacet
  facet normal -0.4422886902190091 0.8968727415326844 0
    outer loop
      vertex 63 17.732050807568875 11
      vertex 63.23463313526982 17.847759065022572 11
      vertex 63 17.732050807568875 9
    endloop
  endfacet
  facet normal -0.3214394653031689 0.9469301294951031 0
    outer loop
      vertex 63.23463313526982 17.847759065022572 11
      vertex 63.48236190979496 17.93185165257814 11
      vertex 63.23463313526982 17.847759065022572 9
    endloop
  endfacet
  facet normal -0.19509032201612622 0.9807852804032308 0
    outer loop
      vertex 63.48236190979496 17.93185165257814 11
      vertex 63.738947615559894 17.982889722747622 11
      vertex 63.48236190979496 17.93185165257814 9
    endloop
  endfacet
  facet normal -0.0654031292301384 0.9978589232386037 1.6932885154367025e-19
    outer loop
      vertex 63.738947615559894 17.982889722747622 11
      vertex 64 18 11
      vertex 64 18 9
    endloop
  endfacet
  facet normal 0 0 1
    outer loop
      vertex 62.58578643762691 17.414213562373096 11
      vertex 63.23463313526982 17.847759065022572 11
      vertex 62.78247714198256 17.58670668058247 11
    endloop
  endfacet
  facet normal 0 0 1
    outer loop
      vertex 62.78247714198256 17.58670668058247 11
      vertex 63.23463313526982 17.847759065022572 11
      vertex 63 17.732050807568875 11
    endloop
  endfacet
  facet normal 0 0 1
    outer loop
      vertex 62.58578643762691 17.414213562373096 11
      vertex 64 18 11
      vertex 63.23463313526982 17.847759065022572 11
    endloop
  endfacet
  facet normal 0 0 1
    outer loop
      vertex 63.23463313526982 17.847759065022572 11
      vertex 64 18 11
      vertex 63.48236190979496 17.93185165257814 11
    endloop
  endfacet
  facet normal 0 0 1
    outer loop
      vertex 63.48236190979496 17.93185165257814 11
      vertex 64 18 11
      vertex 63.738947615559894 17.982889722747622 11
    endloop
  endfacet
  facet normal 0 1 0
    outer loop
      vertex 64 18 11
      vertex 74 18 9
      vertex 64 18 9
    endloop
  endfacet
  facet normal 0 0 1
    outer loop
      vertex 62.58578643762691 17.414213562373096 11
      vertex 75.41421356237309 17.414213562373096 11
      vertex 64 18 11
    endloop
  endfacet
  facet normal 0 1 0
    outer loop
      vertex 64 18 11
      vertex 74 18 11
      vertex 74 18 9
    endloop
  endfacet
  facet normal 0 0 1
    outer loop
      vertex 64 18 11
      vertex 75.41421356237309 17.414213562373096 11
      vertex 74 18 11
    endloop
  endfacet
  facet normal 0.9978589232386019 0.06540312923016633 0
    outer loop
      vertex 75.98288972274761 16.261052384440102 11
      vertex 76 16 9
      vertex 75.98288972274761 16.261052384440102 9
    endloop
  endfacet
  facet normal 0.9807852804032312 0.1950903220161236 0
    outer loop
      vertex 75.98288972274761 16.261052384440102 11
      vertex 75.98288972274761 16.261052384440102 9
      vertex 75.93185165257813 16.51763809020504 9
    endloop
  endfacet
  facet normal 0.9978589232386019 0.06540312923016633 0
    outer loop
      vertex 76 16 11
      vertex 76 16 9
      vertex 75.98288972274761 16.261052384440102 11
    endloop
  endfacet
  facet normal 0.9807852804032312 0.1950903220161236 4.036039193673949e-19
    outer loop
      vertex 75.98288972274761 16.261052384440102 11
      vertex 75.93185165257813 16.51763809020504 9
      vertex 75.93185165257813 16.51763809020504 11
    endloop
  endfacet
  facet normal 0 0 1
    outer loop
      vertex 76 16 11
      vertex 75.98288972274761 16.261052384440102 11
      vertex 75.41421356237309 17.414213562373096 11
    endloop
  endfacet
  facet normal 0.6593458151000808 0.7518398074789668 0
    outer loop
      vertex 75.41421356237309 17.414213562373096 11
      vertex 75.41421356237309 17.414213562373096 9
      vertex 75.21752285801745 17.58670668058247 9
    endloop
  endfacet
  facet normal 0.5555702330195886 0.8314696123025545 0
    outer loop
      vertex 75 17.732050807568875 11
      vertex 75.21752285801745 17.58670668058247 9
      vertex 75 17.732050807568875 9
    endloop
  endfacet
  facet normal 0.3214394653031689 0.9469301294951031 0
    outer loop
      vertex 74.76536686473018 17.847759065022572 11
      vertex 74.76536686473018 17.847759065022572 9
      vertex 74.51763809020504 17.93185165257814 9
    endloop
  endfacet
  facet normal 0.4422886902190091 0.8968727415326844 0
    outer loop
      vertex 74.76536686473018 17.847759065022572 11
      vertex 75 17.732050807568875 9
      vertex 74.76536686473018 17.847759065022572 9
    endloop
  endfacet
  facet normal 0.0654031292301384 0.9978589232386037 0
    outer loop
      vertex 74 18 11
      vertex 74.2610523844401 17.982889722747622 9
      vertex 74 18 9
    endloop
  endfacet
  facet normal 0.19509032201612622 0.9807852804032308 0
    outer loop
      vertex 74.2610523844401 17.982889722747622 11
      vertex 74.51763809020504 17.93185165257814 9
      vertex 74.2610523844401 17.982889722747622 9
    endloop
  endfacet
  facet normal 0.9469301294951101 0.3214394653031487 0
    outer loop
      vertex 75.93185165257813 16.51763809020504 11
      vertex 75.93185165257813 16.51763809020504 9
      vertex 75.84775906502257 16.76536686473018 9
    endloop
  endfacet
  facet normal 0.8968727415326979 0.44228869021898193 0
    outer loop
      vertex 75.73205080756888 17 11
      vertex 75.84775906502257 16.76536686473018 9
      vertex 75.73205080756888 17 9
    endloop
  endfacet
  facet normal 0.831469612302527 0.5555702330196293 0
    outer loop
      vertex 75.73205080756888 17 11
      vertex 75.73205080756888 17 9
      vertex 75.58670668058247 17.21752285801744 9
    endloop
  endfacet
  facet normal 0.7518398074789846 0.6593458151000606 0
    outer loop
      vertex 75.41421356237309 17.414213562373096 11
      vertex 75.58670668058247 17.21752285801744 9
      vertex 75.41421356237309 17.414213562373096 9
    endloop
  endfacet
  facet normal 0.6593458151000808 0.7518398074789668 -3.457812969113918e-18
    outer loop
      vertex 75.41421356237309 17.414213562373096 11
      vertex 75.21752285801745 17.58670668058247 9
      vertex 75.21752285801745 17.58670668058247 11
    endloop
  endfacet
  facet normal 0.5555702330195886 0.8314696123025545 0
    outer loop
      vertex 75.21752285801745 17.58670668058247 11
      vertex 75.21752285801745 17.58670668058247 9
      vertex 75 17.732050807568875 11
    endloop
  endfacet
  facet normal 0.4422886902190091 0.8968727415326844 0
    outer loop
      vertex 75 17.732050807568875 11
      vertex 75 17.732050807568875 9
      vertex 74.76536686473018 17.847759065022572 11
    endloop
  endfacet
  facet normal 0.3214394653031689 0.9469301294951031 0
    outer loop
      vertex 74.51763809020504 17.93185165257814 11
      vertex 74.76536686473018 17.847759065022572 11
      vertex 74.51763809020504 17.93185165257814 9
    endloop
  endfacet
  facet normal 0.0654031292301384 0.9978589232386037 -1.6932885154367025e-19
    outer loop
      vertex 74 18 11
      vertex 74.2610523844401 17.982889722747622 11
      vertex 74.2610523844401 17.982889722747622 9
    endloop
  endfacet
  facet normal 0.19509032201612622 0.9807852804032308 -1.1680237621801337e-18
    outer loop
      vertex 74.2610523844401 17.982889722747622 11
      vertex 74.51763809020504 17.93185165257814 11
      vertex 74.51763809020504 17.93185165257814 9
    endloop
  endfacet
  facet normal 0 0 1
    outer loop
      vertex 74.2610523844401 17.982889722747622 11
      vertex 74.76536686473018 17.847759065022572 11
      vertex 74.51763809020504 17.93185165257814 11
    endloop
  endfacet
  facet normal 0 0 1
    outer loop
      vertex 75.41421356237309 17.414213562373096 11
      vertex 75.21752285801745 17.58670668058247 11
      vertex 75 17.732050807568875 11
    endloop
  endfacet
  facet normal 0 0 1
    outer loop
      vertex 75.41421356237309 17.414213562373096 11
      vertex 75 17.732050807568875 11
      vertex 74.76536686473018 17.847759065022572 11
    endloop
  endfacet
  facet normal 0 0 1
    outer loop
      vertex 74 18 11
      vertex 75.41421356237309 17.414213562373096 11
      vertex 74.76536686473018 17.847759065022572 11
    endloop
  endfacet
  facet normal 0 0 1
    outer loop
      vertex 74 18 11
      vertex 74.76536686473018 17.847759065022572 11
      vertex 74.2610523844401 17.982889722747622 11
    endloop
  endfacet
  facet normal 0.9469301294951101 0.3214394653031487 0
    outer loop
      vertex 75.84775906502257 16.76536686473018 11
      vertex 75.93185165257813 16.51763809020504 11
      vertex 75.84775906502257 16.76536686473018 9
    endloop
  endfacet
  facet normal 0.8968727415326979 0.44228869021898193 0
    outer loop
      vertex 75.84775906502257 16.76536686473018 11
      vertex 75.84775906502257 16.76536686473018 9
      vertex 75.73205080756888 17 11
    endloop
  endfacet
  facet normal 0.831469612302527 0.5555702330196293 -6.376985862190811e-18
    outer loop
      vertex 75.73205080756888 17 11
      vertex 75.58670668058247 17.21752285801744 9
      vertex 75.58670668058247 17.21752285801744 11
    endloop
  endfacet
  facet normal 0.7518398074789846 0.6593458151000606 0
    outer loop
      vertex 75.58670668058247 17.21752285801744 11
      vertex 75.58670668058247 17.21752285801744 9
      vertex 75.41421356237309 17.414213562373096 11
    endloop
  endfacet
  facet normal 0 0 1
    outer loop
      vertex 75.98288972274761 16.261052384440102 11
      vertex 75.93185165257813 16.51763809020504 11
      vertex 75.73205080756888 17 11
    endloop
  endfacet
  facet normal 0 0 1
    outer loop
      vertex 75.84775906502257 16.76536686473018 11
      vertex 75.73205080756888 17 11
      vertex 75.93185165257813 16.51763809020504 11
    endloop
  endfacet
  facet normal 0 0 1
    outer loop
      vertex 75.98288972274761 16.261052384440102 11
      vertex 75.73205080756888 17 11
      vertex 75.41421356237309 17.414213562373096 11
    endloop
  endfacet
  facet normal 0 0 1
    outer loop
      vertex 75.73205080756888 17 11
      vertex 75.58670668058247 17.21752285801744 11
      vertex 75.41421356237309 17.414213562373096 11
    endloop
  endfacet
  facet normal -0.7518398074789802 -0.6593458151000657 0
    outer loop
      vertex 100.58578643762691 4.585786437626905 11
      vertex 100.41329331941753 4.782477141982559 9
      vertex 100.58578643762691 4.585786437626905 9
    endloop
  endfacet
  facet normal -0.8314696123025292 -0.5555702330196262 0
    outer loop
      vertex 100.41329331941753 4.782477141982559 11
      vertex 100.26794919243112 5 9
      vertex 100.41329331941753 4.782477141982559 9
    endloop
  endfacet
  facet normal -0.8968727415326979 -0.44228869021898193 0
    outer loop
      vertex 100.15224093497743 5.234633135269821 11
      vertex 100.15224093497743 5.234633135269821 9
      vertex 100.26794919243112 5 9
    endloop
  endfacet
  facet normal -0.9469301294951094 -0.32143946530315076 0
    outer loop
      vertex 100.06814834742187 5.4823619097949585 11
      vertex 100.06814834742187 5.4823619097949585 9
      vertex 100.15224093497743 5.234633135269821 9
    endloop
  endfacet
  facet normal -0.9807852804032315 -0.19509032201612297 0
    outer loop
      vertex 100.06814834742187 5.4823619097949585 11
      vertex 100.01711027725239 5.738947615559897 9
      vertex 100.06814834742187 5.4823619097949585 9
    endloop
  endfacet
  facet normal -0.7518398074789802 -0.6593458151000657 3.6062171038236943e-19
    outer loop
      vertex 100.58578643762691 4.585786437626905 11
      vertex 100.41329331941753 4.782477141982559 11
      vertex 100.41329331941753 4.782477141982559 9
    endloop
  endfacet
  facet normal -0.8314696123025292 -0.5555702330196262 4.125061926227483e-18
    outer loop
      vertex 100.41329331941753 4.782477141982559 11
      vertex 100.26794919243112 5 11
      vertex 100.26794919243112 5 9
    endloop
  endfacet
  facet normal -0.8968727415326979 -0.44228869021898193 0
    outer loop
      vertex 100.26794919243112 5 11
      vertex 100.15224093497743 5.234633135269821 11
      vertex 100.26794919243112 5 9
    endloop
  endfacet
  facet normal -0.9469301294951094 -0.32143946530315076 0
    outer loop
      vertex 100.15224093497743 5.234633135269821 11
      vertex 100.06814834742187 5.4823619097949585 11
      vertex 100.15224093497743 5.234633135269821 9
    endloop
  endfacet
  facet normal -0.9807852804032315 -0.19509032201612297 -3.235024475926466e-20
    outer loop
      vertex 100.06814834742187 5.4823619097949585 11
      vertex 100.01711027725239 5.738947615559897 11
      vertex 100.01711027725239 5.738947615559897 9
    endloop
  endfacet
  facet normal 0 0 1
    outer loop
      vertex 100.58578643762691 4.585786437626905 11
      vertex 100.15224093497743 5.234633135269821 11
      vertex 100.41329331941753 4.782477141982559 11
    endloop
  endfacet
  facet normal 0 0 1
    outer loop
      vertex 100.41329331941753 4.782477141982559 11
      vertex 100.15224093497743 5.234633135269821 11
      vertex 100.26794919243112 5 11
    endloop
  endfacet
  facet normal 0 0 1
    outer loop
      vertex 100.58578643762691 4.585786437626905 11
      vertex 100 6 11
      vertex 100.15224093497743 5.234633135269821 11
    endloop
  endfacet
  facet normal 0 0 1
    outer loop
      vertex 100.15224093497743 5.234633135269821 11
      vertex 100 6 11
      vertex 100.06814834742187 5.4823619097949585 11
    endloop
  endfacet
  facet normal -0.9978589232386019 -0.06540312923016611 0
    outer loop
      vertex 100 6 11
      vertex 100 6 9
      vertex 100.01711027725239 5.738947615559897 9
    endloop
  endfacet
  facet normal -0.9978589232386019 -0.06540312923016611 0
    outer loop
      vertex 100.01711027725239 5.738947615559897 11
      vertex 100 6 11
      vertex 100.01711027725239 5.738947615559897 9
    endloop
  endfacet
  facet normal 0 0 1
    outer loop
      vertex 100.06814834742187 5.4823619097949585 11
      vertex 100 6 11
      vertex 100.01711027725239 5.738947615559897 11
    endloop
  endfacet
  facet normal -0.5555702330195933 -0.8314696123025512 0
    outer loop
      vertex 101 4.267949192431123 11
      vertex 100.78247714198255 4.41329331941753 9
      vertex 101 4.267949192431123 9
    endloop
  endfacet
  facet normal -0.3214394653031537 -0.9469301294951085 0
    outer loop
      vertex 101.23463313526982 4.152240934977426 11
      vertex 101.23463313526982 4.152240934977426 9
      vertex 101.48236190979496 4.068148347421864 9
    endloop
  endfacet
  facet normal -0.4422886902190091 -0.8968727415326844 0
    outer loop
      vertex 101 4.267949192431123 11
      vertex 101 4.267949192431123 9
      vertex 101.23463313526982 4.152240934977426 9
    endloop
  endfacet
  facet normal -0.19509032201613274 -0.9807852804032295 0
    outer loop
      vertex 101.7389476155599 4.017110277252379 11
      vertex 101.48236190979496 4.068148347421864 9
      vertex 101.7389476155599 4.017110277252379 9
    endloop
  endfacet
  facet normal -0.06540312923014178 -0.9978589232386035 0
    outer loop
      vertex 101.7389476155599 4.017110277252379 11
      vertex 101.7389476155599 4.017110277252379 9
      vertex 102 4 9
    endloop
  endfacet
  facet normal -0.6593458151000828 -0.7518398074789652 0
    outer loop
      vertex 100.78247714198255 4.41329331941753 11
      vertex 100.58578643762691 4.585786437626905 9
      vertex 100.78247714198255 4.41329331941753 9
    endloop
  endfacet
  facet normal -0.3214394653031537 -0.9469301294951085 0
    outer loop
      vertex 101.48236190979496 4.068148347421864 11
      vertex 101.23463313526982 4.152240934977426 11
      vertex 101.48236190979496 4.068148347421864 9
    endloop
  endfacet
  facet normal -0.4422886902190091 -0.8968727415326844 1.468553606163063e-18
    outer loop
      vertex 101 4.267949192431123 11
      vertex 101.23463313526982 4.152240934977426 9
      vertex 101.23463313526982 4.152240934977426 11
    endloop
  endfacet
  facet normal -0.19509032201613274 -0.9807852804032295 0
    outer loop
      vertex 101.48236190979496 4.068148347421864 11
      vertex 101.48236190979496 4.068148347421864 9
      vertex 101.7389476155599 4.017110277252379 11
    endloop
  endfacet
  facet normal -0.06540312923014178 -0.9978589232386035 -6.958904841864965e-19
    outer loop
      vertex 101.7389476155599 4.017110277252379 11
      vertex 102 4 9
      vertex 102 4 11
    endloop
  endfacet
  facet normal -0.5555702330195933 -0.8314696123025512 1.5386007364680376e-18
    outer loop
      vertex 101 4.267949192431123 11
      vertex 100.78247714198255 4.41329331941753 11
      vertex 100.78247714198255 4.41329331941753 9
    endloop
  endfacet
  facet normal -0.6593458151000828 -0.7518398074789652 0
    outer loop
      vertex 100.58578643762691 4.585786437626905 11
      vertex 100.58578643762691 4.585786437626905 9
      vertex 100.78247714198255 4.41329331941753 11
    endloop
  endfacet
  facet normal 0 0 1
    outer loop
      vertex 101 4.267949192431123 11
      vertex 101.23463313526982 4.152240934977426 11
      vertex 100.78247714198255 4.41329331941753 11
    endloop
  endfacet
  facet normal 0 0 1
    outer loop
      vertex 100.58578643762691 4.585786437626905 11
      vertex 101.23463313526982 4.152240934977426 11
      vertex 102 4 11
    endloop
  endfacet
  facet normal 0 0 1
    outer loop
      vertex 101.48236190979496 4.068148347421864 11
      vertex 101.7389476155599 4.017110277252379 11
      vertex 102 4 11
    endloop
  endfacet
  facet normal 0 0 1
    outer loop
      vertex 101.48236190979496 4.068148347421864 11
      vertex 102 4 11
      vertex 101.23463313526982 4.152240934977426 11
    endloop
  endfacet
  facet normal 0 0 1
    outer loop
      vertex 100.58578643762691 4.585786437626905 11
      vertex 100.78247714198255 4.41329331941753 11
      vertex 101.23463313526982 4.152240934977426 11
    endloop
  endfacet
  facet normal 0 -1 0
    outer loop
      vertex 102 4 11
      vertex 102 4 9
      vertex 112 4 11
    endloop
  endfacet
  facet normal 0 0 1
    outer loop
      vertex 100.58578643762691 4.585786437626905 11
      vertex 102 4 11
      vertex 113.41421356237309 4.585786437626905 11
    endloop
  endfacet
  facet normal 0 -1 0
    outer loop
      vertex 112 4 11
      vertex 102 4 9
      vertex 112 4 9
    endloop
  endfacet
  facet normal 0.06540312923014178 -0.9978589232386035 0
    outer loop
      vertex 112.2610523844401 4.017110277252379 11
      vertex 112 4 9
      vertex 112.2610523844401 4.017110277252379 9
    endloop
  endfacet
  facet normal 0.19509032201613274 -0.9807852804032295 0
    outer loop
      vertex 112.2610523844401 4.017110277252379 11
      vertex 112.2610523844401 4.017110277252379 9
      vertex 112.51763809020504 4.068148347421864 9
    endloop
  endfacet
  facet normal 0.3214394653031537 -0.9469301294951085 0
    outer loop
      vertex 112.76536686473018 4.152240934977426 11
      vertex 112.51763809020504 4.068148347421864 9
      vertex 112.76536686473018 4.152240934977426 9
    endloop
  endfacet
  facet normal 0.4422886902190091 -0.8968727415326844 0
    outer loop
      vertex 112.76536686473018 4.152240934977426 11
      vertex 112.76536686473018 4.152240934977426 9
      vertex 113 4.267949192431123 9
    endloop
  endfacet
  facet normal 0.5555702330195933 -0.8314696123025512 0
    outer loop
      vertex 113.21752285801745 4.41329331941753 11
      vertex 113 4.267949192431123 9
      vertex 113.21752285801745 4.41329331941753 9
    endloop
  endfacet
  facet normal 0.6593458151000828 -0.7518398074789652 0
    outer loop
      vertex 113.21752285801745 4.41329331941753 11
      vertex 113.21752285801745 4.41329331941753 9
      vertex 113.41421356237309 4.585786437626905 9
    endloop
  endfacet
  facet normal 0.7518398074789802 -0.6593458151000657 0
    outer loop
      vertex 113.41421356237309 4.585786437626905 11
      vertex 113.41421356237309 4.585786437626905 9
      vertex 113.58670668058247 4.782477141982559 9
    endloop
  endfacet
  facet normal 0.8314696123025292 -0.5555702330196262 0
    outer loop
      vertex 113.73205080756888 5 11
      vertex 113.58670668058247 4.782477141982559 9
      vertex 113.73205080756888 5 9
    endloop
  endfacet
  facet normal 0.8968727415326979 -0.44228869021898193 0
    outer loop
      vertex 113.73205080756888 5 11
      vertex 113.73205080756888 5 9
      vertex 113.84775906502257 5.234633135269821 9
    endloop
  endfacet
  facet normal 0.9469301294951094 -0.32143946530315076 0
    outer loop
      vertex 113.84775906502257 5.234633135269821 11
      vertex 113.84775906502257 5.234633135269821 9
      vertex 113.93185165257813 5.4823619097949585 9
    endloop
  endfacet
  facet normal 0.9807852804032315 -0.19509032201612297 0
    outer loop
      vertex 113.93185165257813 5.4823619097949585 11
      vertex 113.93185165257813 5.4823619097949585 9
      vertex 113.98288972274761 5.738947615559897 9
    endloop
  endfacet
  facet normal 0 0 1
    outer loop
      vertex 102 4 11
      vertex 112 4 11
      vertex 113.41421356237309 4.585786437626905 11
    endloop
  endfacet
  facet normal 0.06540312923014178 -0.9978589232386035 0
    outer loop
      vertex 112 4 11
      vertex 112 4 9
      vertex 112.2610523844401 4.017110277252379 11
    endloop
  endfacet
  facet normal 0.19509032201613274 -0.9807852804032295 3.1848326761229175e-19
    outer loop
      vertex 112.2610523844401 4.017110277252379 11
      vertex 112.51763809020504 4.068148347421864 9
      vertex 112.51763809020504 4.068148347421864 11
    endloop
  endfacet
  facet normal 0.3214394653031537 -0.9469301294951085 0
    outer loop
      vertex 112.51763809020504 4.068148347421864 11
      vertex 112.51763809020504 4.068148347421864 9
      vertex 112.76536686473018 4.152240934977426 11
    endloop
  endfacet
  facet normal 0.4422886902190091 -0.8968727415326844 -1.468553606163063e-18
    outer loop
      vertex 112.76536686473018 4.152240934977426 11
      vertex 113 4.267949192431123 9
      vertex 113 4.267949192431123 11
    endloop
  endfacet
  facet normal 0.5555702330195933 -0.8314696123025512 0
    outer loop
      vertex 113 4.267949192431123 11
      vertex 113 4.267949192431123 9
      vertex 113.21752285801745 4.41329331941753 11
    endloop
  endfacet
  facet normal 0.6593458151000828 -0.7518398074789652 5.797325200849408e-18
    outer loop
      vertex 113.21752285801745 4.41329331941753 11
      vertex 113.41421356237309 4.585786437626905 9
      vertex 113.41421356237309 4.585786437626905 11
    endloop
  endfacet
  facet normal 0.7518398074789802 -0.6593458151000657 -3.6062171038236943e-19
    outer loop
      vertex 113.41421356237309 4.585786437626905 11
      vertex 113.58670668058247 4.782477141982559 9
      vertex 113.58670668058247 4.782477141982559 11
    endloop
  endfacet
  facet normal 0 0 1
    outer loop
      vertex 112 4 11
      vertex 112.2610523844401 4.017110277252379 11
      vertex 112.76536686473018 4.152240934977426 11
    endloop
  endfacet
  facet normal 0 0 1
    outer loop
      vertex 112.2610523844401 4.017110277252379 11
      vertex 112.51763809020504 4.068148347421864 11
      vertex 112.76536686473018 4.152240934977426 11
    endloop
  endfacet
  facet normal 0 0 1
    outer loop
      vertex 112 4 11
      vertex 112.76536686473018 4.152240934977426 11
      vertex 113.41421356237309 4.585786437626905 11
    endloop
  endfacet
  facet normal 0 0 1
    outer loop
      vertex 112.76536686473018 4.152240934977426 11
      vertex 113 4.267949192431123 11
      vertex 113.41421356237309 4.585786437626905 11
    endloop
  endfacet
  facet normal 0 0 1
    outer loop
      vertex 113 4.267949192431123 11
      vertex 113.21752285801745 4.41329331941753 11
      vertex 113.41421356237309 4.585786437626905 11
    endloop
  endfacet
  facet normal 0.8314696123025292 -0.5555702330196262 0
    outer loop
      vertex 113.58670668058247 4.782477141982559 11
      vertex 113.58670668058247 4.782477141982559 9
      vertex 113.73205080756888 5 11
    endloop
  endfacet
  facet normal 0.8968727415326979 -0.44228869021898193 -1.756369981551643e-18
    outer loop
      vertex 113.73205080756888 5 11
      vertex 113.84775906502257 5.234633135269821 9
      vertex 113.84775906502257 5.234633135269821 11
    endloop
  endfacet
  facet normal 0.9469301294951094 -0.32143946530315076 -1.759789376680987e-18
    outer loop
      vertex 113.84775906502257 5.234633135269821 11
      vertex 113.93185165257813 5.4823619097949585 9
      vertex 113.93185165257813 5.4823619097949585 11
    endloop
  endfacet
  facet normal 0.9807852804032315 -0.19509032201612297 3.235024475926466e-20
    outer loop
      vertex 113.93185165257813 5.4823619097949585 11
      vertex 113.98288972274761 5.738947615559897 9
      vertex 113.98288972274761 5.738947615559897 11
    endloop
  endfacet
  facet normal 0 0 1
    outer loop
      vertex 113.41421356237309 4.585786437626905 11
      vertex 113.58670668058247 4.782477141982559 11
      vertex 113.73205080756888 5 11
    endloop
  endfacet
  facet normal 0 0 1
    outer loop
      vertex 113.41421356237309 4.585786437626905 11
      vertex 113.73205080756888 5 11
      vertex 113.84775906502257 5.234633135269821 11
    endloop
  endfacet
  facet normal 0 0 1
    outer loop
      vertex 113.41421356237309 4.585786437626905 11
      vertex 113.84775906502257 5.234633135269821 11
      vertex 114 6 11
    endloop
  endfacet
  facet normal 0 0 1
    outer loop
      vertex 113.84775906502257 5.234633135269821 11
      vertex 113.93185165257813 5.4823619097949585 11
      vertex 114 6 11
    endloop
  endfacet
  facet normal 0.9978589232386019 -0.06540312923016611 0
    outer loop
      vertex 114 6 11
      vertex 113.98288972274761 5.738947615559897 9
      vertex 114 6 9
    endloop
  endfacet
  facet normal 0.9978589232386019 -0.06540312923016611 0
    outer loop
      vertex 113.98288972274761 5.738947615559897 11
      vertex 113.98288972274761 5.738947615559897 9
      vertex 114 6 11
    endloop
  endfacet
  facet normal 0 0 1
    outer loop
      vertex 113.93185165257813 5.4823619097949585 11
      vertex 113.98288972274761 5.738947615559897 11
      vertex 114 6 11
    endloop
  endfacet
  facet normal 0 0 1
    outer loop
      vertex 100.58578643762691 4.585786437626905 11
      vertex 100 16 11
      vertex 100 6 11
    endloop
  endfacet
  facet normal -1 0 0
    outer loop
      vertex 100 6 11
      vertex 100 16 11
      vertex 100 6 9
    endloop
  endfacet
  facet normal -1 0 0
    outer loop
      vertex 100 16 11
      vertex 100 16 9
      vertex 100 6 9
    endloop
  endfacet
  facet normal 0 0 1
    outer loop
      vertex 100.58578643762691 4.585786437626905 11
      vertex 100.58578643762691 17.414213562373096 11
      vertex 100 16 11
    endloop
  endfacet
  facet normal 0 0 1
    outer loop
      vertex 100.58578643762691 4.585786437626905 11
      vertex 113.41421356237309 4.585786437626905 11
      vertex 113.41421356237309 17.414213562373096 11
    endloop
  endfacet
  facet normal 1 0 0
    outer loop
      vertex 114 6 11
      vertex 114 6 9
      vertex 114 16 9
    endloop
  endfacet
  facet normal 0 0 1
    outer loop
      vertex 113.41421356237309 4.585786437626905 11
      vertex 114 6 11
      vertex 113.41421356237309 17.414213562373096 11
    endloop
  endfacet
  facet normal 0 0 1
    outer loop
      vertex 100.58578643762691 4.585786437626905 11
      vertex 113.41421356237309 17.414213562373096 11
      vertex 100.58578643762691 17.414213562373096 11
    endloop
  endfacet
  facet normal 1 0 0
    outer loop
      vertex 114 6 11
      vertex 114 16 9
      vertex 114 16 11
    endloop
  endfacet
  facet normal 0 0 1
    outer loop
      vertex 114 6 11
      vertex 114 16 11
      vertex 113.41421356237309 17.414213562373096 11
    endloop
  endfacet
  facet normal -0.9978589232386019 0.06540312923016633 0
    outer loop
      vertex 100 16 11
      vertex 100.01711027725239 16.261052384440102 9
      vertex 100 16 9
    endloop
  endfacet
  facet normal -0.9807852804032312 0.1950903220161236 0
    outer loop
      vertex 100.06814834742187 16.51763809020504 11
      vertex 100.06814834742187 16.51763809020504 9
      vertex 100.01711027725239 16.261052384440102 9
    endloop
  endfacet
  facet normal -0.9978589232386019 0.06540312923016633 -7.300886886842484e-19
    outer loop
      vertex 100 16 11
      vertex 100.01711027725239 16.261052384440102 11
      vertex 100.01711027725239 16.261052384440102 9
    endloop
  endfacet
  facet normal -0.9807852804032312 0.1950903220161236 0
    outer loop
      vertex 100.01711027725239 16.261052384440102 11
      vertex 100.06814834742187 16.51763809020504 11
      vertex 100.01711027725239 16.261052384440102 9
    endloop
  endfacet
  facet normal 0 0 1
    outer loop
      vertex 100 16 11
      vertex 100.06814834742187 16.51763809020504 11
      vertex 100.01711027725239 16.261052384440102 11
    endloop
  endfacet
  facet normal 0 0 1
    outer loop
      vertex 100 16 11
      vertex 100.15224093497743 16.76536686473018 11
      vertex 100.06814834742187 16.51763809020504 11
    endloop
  endfacet
  facet normal -0.9469301294951101 0.3214394653031487 0
    outer loop
      vertex 100.06814834742187 16.51763809020504 11
      vertex 100.15224093497743 16.76536686473018 9
      vertex 100.06814834742187 16.51763809020504 9
    endloop
  endfacet
  facet normal -0.8968727415326979 0.44228869021898193 0
    outer loop
      vertex 100.26794919243112 17 11
      vertex 100.26794919243112 17 9
      vertex 100.15224093497743 16.76536686473018 9
    endloop
  endfacet
  facet normal -0.831469612302527 0.5555702330196293 0
    outer loop
      vertex 100.26794919243112 17 11
      vertex 100.41329331941753 17.21752285801744 9
      vertex 100.26794919243112 17 9
    endloop
  endfacet
  facet normal -0.7518398074789846 0.6593458151000606 0
    outer loop
      vertex 100.58578643762691 17.414213562373096 11
      vertex 100.58578643762691 17.414213562373096 9
      vertex 100.41329331941753 17.21752285801744 9
    endloop
  endfacet
  facet normal -0.9469301294951101 0.3214394653031487 -1.3924061271325213e-18
    outer loop
      vertex 100.06814834742187 16.51763809020504 11
      vertex 100.15224093497743 16.76536686473018 11
      vertex 100.15224093497743 16.76536686473018 9
    endloop
  endfacet
  facet normal -0.8968727415326979 0.44228869021898193 0
    outer loop
      vertex 100.15224093497743 16.76536686473018 11
      vertex 100.26794919243112 17 11
      vertex 100.15224093497743 16.76536686473018 9
    endloop
  endfacet
  facet normal -0.831469612302527 0.5555702330196293 6.376985862190811e-18
    outer loop
      vertex 100.26794919243112 17 11
      vertex 100.41329331941753 17.21752285801744 11
      vertex 100.41329331941753 17.21752285801744 9
    endloop
  endfacet
  facet normal -0.7518398074789846 0.6593458151000606 0
    outer loop
      vertex 100.41329331941753 17.21752285801744 11
      vertex 100.58578643762691 17.414213562373096 11
      vertex 100.41329331941753 17.21752285801744 9
    endloop
  endfacet
  facet normal 0 0 1
    outer loop
      vertex 100 16 11
      vertex 100.58578643762691 17.414213562373096 11
      vertex 100.15224093497743 16.76536686473018 11
    endloop
  endfacet
  facet normal 0 0 1
    outer loop
      vertex 100.15224093497743 16.76536686473018 11
      vertex 100.58578643762691 17.414213562373096 11
      vertex 100.26794919243112 17 11
    endloop
  endfacet
  facet normal 0 0 1
    outer loop
      vertex 100.26794919243112 17 11
      vertex 100.58578643762691 17.414213562373096 11
      vertex 100.41329331941753 17.21752285801744 11
    endloop
  endfacet
  facet normal -0.6593458151000808 0.7518398074789668 0
    outer loop
      vertex 100.78247714198255 17.58670668058247 11
      vertex 100.78247714198255 17.58670668058247 9
      vertex 100.58578643762691 17.414213562373096 9
    endloop
  endfacet
  facet normal -0.5555702330195886 0.8314696123025545 0
    outer loop
      vertex 100.78247714198255 17.58670668058247 11
      vertex 101 17.732050807568875 9
      vertex 100.78247714198255 17.58670668058247 9
    endloop
  endfacet
  facet normal -0.4422886902190091 0.8968727415326844 0
    outer loop
      vertex 101.23463313526982 17.847759065022572 11
      vertex 101.23463313526982 17.847759065022572 9
      vertex 101 17.732050807568875 9
    endloop
  endfacet
  facet normal -0.3214394653031689 0.9469301294951031 0
    outer loop
      vertex 101.48236190979496 17.93185165257814 11
      vertex 101.48236190979496 17.93185165257814 9
      vertex 101.23463313526982 17.847759065022572 9
    endloop
  endfacet
  facet normal -0.19509032201612622 0.9807852804032308 0
    outer loop
      vertex 101.7389476155599 17.982889722747622 11
      vertex 101.7389476155599 17.982889722747622 9
      vertex 101.48236190979496 17.93185165257814 9
    endloop
  endfacet
  facet normal -0.0654031292301384 0.9978589232386037 0
    outer loop
      vertex 101.7389476155599 17.982889722747622 11
      vertex 102 18 9
      vertex 101.7389476155599 17.982889722747622 9
    endloop
  endfacet
  facet normal 0 1 0
    outer loop
      vertex 102 18 11
      vertex 112 18 9
      vertex 102 18 9
    endloop
  endfacet
  facet normal -0.6593458151000808 0.7518398074789668 0
    outer loop
      vertex 100.58578643762691 17.414213562373096 11
      vertex 100.78247714198255 17.58670668058247 11
      vertex 100.58578643762691 17.414213562373096 9
    endloop
  endfacet
  facet normal -0.5555702330195886 0.8314696123025545 2.627564704091561e-18
    outer loop
      vertex 100.78247714198255 17.58670668058247 11
      vertex 101 17.732050807568875 11
      vertex 101 17.732050807568875 9
    endloop
  endfacet
  facet normal -0.4422886902190091 0.8968727415326844 0
    outer loop
      vertex 101 17.732050807568875 11
      vertex 101.23463313526982 17.847759065022572 11
      vertex 101 17.732050807568875 9
    endloop
  endfacet
  facet normal -0.3214394653031689 0.9469301294951031 0
    outer loop
      vertex 101.23463313526982 17.847759065022572 11
      vertex 101.48236190979496 17.93185165257814 11
      vertex 101.23463313526982 17.847759065022572 9
    endloop
  endfacet
  facet normal -0.19509032201612622 0.9807852804032308 0
    outer loop
      vertex 101.48236190979496 17.93185165257814 11
      vertex 101.7389476155599 17.982889722747622 11
      vertex 101.48236190979496 17.93185165257814 9
    endloop
  endfacet
  facet normal -0.0654031292301384 0.9978589232386037 1.6932885154367025e-19
    outer loop
      vertex 101.7389476155599 17.982889722747622 11
      vertex 102 18 11
      vertex 102 18 9
    endloop
  endfacet
  facet normal 0 0 1
    outer loop
      vertex 100.58578643762691 17.414213562373096 11
      vertex 101.23463313526982 17.847759065022572 11
      vertex 100.78247714198255 17.58670668058247 11
    endloop
  endfacet
  facet normal 0 0 1
    outer loop
      vertex 100.78247714198255 17.58670668058247 11
      vertex 101.23463313526982 17.847759065022572 11
      vertex 101 17.732050807568875 11
    endloop
  endfacet
  facet normal 0 0 1
    outer loop
      vertex 100.58578643762691 17.414213562373096 11
      vertex 102 18 11
      vertex 101.23463313526982 17.847759065022572 11
    endloop
  endfacet
  facet normal 0 0 1
    outer loop
      vertex 101.23463313526982 17.847759065022572 11
      vertex 102 18 11
      vertex 101.48236190979496 17.93185165257814 11
    endloop
  endfacet
  facet normal 0 0 1
    outer loop
      vertex 101.48236190979496 17.93185165257814 11
      vertex 102 18 11
      vertex 101.7389476155599 17.982889722747622 11
    endloop
  endfacet
  facet normal 0 0 1
    outer loop
      vertex 100.58578643762691 17.414213562373096 11
      vertex 113.41421356237309 17.414213562373096 11
      vertex 102 18 11
    endloop
  endfacet
  facet normal 0.9978589232386019 0.06540312923016633 0
    outer loop
      vertex 113.98288972274761 16.261052384440102 11
      vertex 114 16 9
      vertex 113.98288972274761 16.261052384440102 9
    endloop
  endfacet
  facet normal 0.9807852804032312 0.1950903220161236 0
    outer loop
      vertex 113.98288972274761 16.261052384440102 11
      vertex 113.98288972274761 16.261052384440102 9
      vertex 113.93185165257813 16.51763809020504 9
    endloop
  endfacet
  facet normal 0.9978589232386019 0.06540312923016633 0
    outer loop
      vertex 114 16 11
      vertex 114 16 9
      vertex 113.98288972274761 16.261052384440102 11
    endloop
  endfacet
  facet normal 0.9807852804032312 0.1950903220161236 4.036039193673949e-19
    outer loop
      vertex 113.98288972274761 16.261052384440102 11
      vertex 113.93185165257813 16.51763809020504 9
      vertex 113.93185165257813 16.51763809020504 11
    endloop
  endfacet
  facet normal 0 0 1
    outer loop
      vertex 114 16 11
      vertex 113.98288972274761 16.261052384440102 11
      vertex 113.41421356237309 17.414213562373096 11
    endloop
  endfacet
  facet normal 0.9469301294951101 0.3214394653031487 0
    outer loop
      vertex 113.93185165257813 16.51763809020504 11
      vertex 113.93185165257813 16.51763809020504 9
      vertex 113.84775906502257 16.76536686473018 9
    endloop
  endfacet
  facet normal 0.8968727415326979 0.44228869021898193 0
    outer loop
      vertex 113.73205080756888 17 11
      vertex 113.84775906502257 16.76536686473018 9
      vertex 113.73205080756888 17 9
    endloop
  endfacet
  facet normal 0.831469612302527 0.5555702330196293 0
    outer loop
      vertex 113.73205080756888 17 11
      vertex 113.73205080756888 17 9
      vertex 113.58670668058247 17.21752285801744 9
    endloop
  endfacet
  facet normal 0.7518398074789846 0.6593458151000606 0
    outer loop
      vertex 113.41421356237309 17.414213562373096 11
      vertex 113.58670668058247 17.21752285801744 9
      vertex 113.41421356237309 17.414213562373096 9
    endloop
  endfacet
  facet normal 0.5555702330195886 0.8314696123025545 0
    outer loop
      vertex 113 17.732050807568875 11
      vertex 113.21752285801745 17.58670668058247 9
      vertex 113 17.732050807568875 9
    endloop
  endfacet
  facet normal 0.3214394653031689 0.9469301294951031 0
    outer loop
      vertex 112.76536686473018 17.847759065022572 11
      vertex 112.76536686473018 17.847759065022572 9
      vertex 112.51763809020504 17.93185165257814 9
    endloop
  endfacet
  facet normal 0.4422886902190091 0.8968727415326844 0
    outer loop
      vertex 112.76536686473018 17.847759065022572 11
      vertex 113 17.732050807568875 9
      vertex 112.76536686473018 17.847759065022572 9
    endloop
  endfacet
  facet normal 0.0654031292301384 0.9978589232386037 0
    outer loop
      vertex 112 18 11
      vertex 112.2610523844401 17.982889722747622 9
      vertex 112 18 9
    endloop
  endfacet
  facet normal 0.19509032201612622 0.9807852804032308 0
    outer loop
      vertex 112.2610523844401 17.982889722747622 11
      vertex 112.51763809020504 17.93185165257814 9
      vertex 112.2610523844401 17.982889722747622 9
    endloop
  endfacet
  facet normal 0.6593458151000808 0.7518398074789668 0
    outer loop
      vertex 113.41421356237309 17.414213562373096 11
      vertex 113.41421356237309 17.414213562373096 9
      vertex 113.21752285801745 17.58670668058247 9
    endloop
  endfacet
  facet normal 0 1 0
    outer loop
      vertex 102 18 11
      vertex 112 18 11
      vertex 112 18 9
    endloop
  endfacet
  facet normal 0 0 1
    outer loop
      vertex 102 18 11
      vertex 113.41421356237309 17.414213562373096 11
      vertex 112 18 11
    endloop
  endfacet
  facet normal 0.9469301294951101 0.3214394653031487 1.3924061271325213e-18
    outer loop
      vertex 113.93185165257813 16.51763809020504 11
      vertex 113.84775906502257 16.76536686473018 9
      vertex 113.84775906502257 16.76536686473018 11
    endloop
  endfacet
  facet normal 0.8968727415326979 0.44228869021898193 0
    outer loop
      vertex 113.84775906502257 16.76536686473018 11
      vertex 113.84775906502257 16.76536686473018 9
      vertex 113.73205080756888 17 11
    endloop
  endfacet
  facet normal 0.831469612302527 0.5555702330196293 -6.376985862190811e-18
    outer loop
      vertex 113.73205080756888 17 11
      vertex 113.58670668058247 17.21752285801744 9
      vertex 113.58670668058247 17.21752285801744 11
    endloop
  endfacet
  facet normal 0.7518398074789846 0.6593458151000606 0
    outer loop
      vertex 113.58670668058247 17.21752285801744 11
      vertex 113.58670668058247 17.21752285801744 9
      vertex 113.41421356237309 17.414213562373096 11
    endloop
  endfacet
  facet normal 0 0 1
    outer loop
      vertex 113.98288972274761 16.261052384440102 11
      vertex 113.93185165257813 16.51763809020504 11
      vertex 113.73205080756888 17 11
    endloop
  endfacet
  facet normal 0 0 1
    outer loop
      vertex 113.93185165257813 16.51763809020504 11
      vertex 113.84775906502257 16.76536686473018 11
      vertex 113.73205080756888 17 11
    endloop
  endfacet
  facet normal 0 0 1
    outer loop
      vertex 113.98288972274761 16.261052384440102 11
      vertex 113.73205080756888 17 11
      vertex 113.41421356237309 17.414213562373096 11
    endloop
  endfacet
  facet normal 0 0 1
    outer loop
      vertex 113.73205080756888 17 11
      vertex 113.58670668058247 17.21752285801744 11
      vertex 113.41421356237309 17.414213562373096 11
    endloop
  endfacet
  facet normal 0.5555702330195886 0.8314696123025545 0
    outer loop
      vertex 113.21752285801745 17.58670668058247 11
      vertex 113.21752285801745 17.58670668058247 9
      vertex 113 17.732050807568875 11
    endloop
  endfacet
  facet normal 0.3214394653031689 0.9469301294951031 0
    outer loop
      vertex 112.51763809020504 17.93185165257814 11
      vertex 112.76536686473018 17.847759065022572 11
      vertex 112.51763809020504 17.93185165257814 9
    endloop
  endfacet
  facet normal 0.4422886902190091 0.8968727415326844 0
    outer loop
      vertex 113 17.732050807568875 11
      vertex 113 17.732050807568875 9
      vertex 112.76536686473018 17.847759065022572 11
    endloop
  endfacet
  facet normal 0.0654031292301384 0.9978589232386037 -1.6932885154367025e-19
    outer loop
      vertex 112 18 11
      vertex 112.2610523844401 17.982889722747622 11
      vertex 112.2610523844401 17.982889722747622 9
    endloop
  endfacet
  facet normal 0.19509032201612622 0.9807852804032308 -1.1680237621801337e-18
    outer loop
      vertex 112.2610523844401 17.982889722747622 11
      vertex 112.51763809020504 17.93185165257814 11
      vertex 112.51763809020504 17.93185165257814 9
    endloop
  endfacet
  facet normal 0.6593458151000808 0.7518398074789668 -3.457812969113918e-18
    outer loop
      vertex 113.41421356237309 17.414213562373096 11
      vertex 113.21752285801745 17.58670668058247 9
      vertex 113.21752285801745 17.58670668058247 11
    endloop
  endfacet
  facet normal 0 0 1
    outer loop
      vertex 113.41421356237309 17.414213562373096 11
      vertex 113 17.732050807568875 11
      vertex 112.76536686473018 17.847759065022572 11
    endloop
  endfacet
  facet normal 0 0 1
    outer loop
      vertex 112 18 11
      vertex 113.41421356237309 17.414213562373096 11
      vertex 112.76536686473018 17.847759065022572 11
    endloop
  endfacet
  facet normal 0 0 1
    outer loop
      vertex 112.2610523844401 17.982889722747622 11
      vertex 112.76536686473018 17.847759065022572 11
      vertex 112.51763809020504 17.93185165257814 11
    endloop
  endfacet
  facet normal 0 0 1
    outer loop
      vertex 112 18 11
      vertex 112.76536686473018 17.847759065022572 11
      vertex 112.2610523844401 17.982889722747622 11
    endloop
  endfacet
  facet normal 0 0 1
    outer loop
      vertex 113.41421356237309 17.414213562373096 11
      vertex 113.21752285801745 17.58670668058247 11
      vertex 113 17.732050807568875 11
    endloop
  endfacet
  facet normal -0.19509032201613274 -0.9807852804032295 0
    outer loop
      vertex 82.7389476155599 4.017110277252379 11
      vertex 82.48236190979496 4.068148347421864 9
      vertex 82.7389476155599 4.017110277252379 9
    endloop
  endfacet
  facet normal -0.5555702330195933 -0.8314696123025512 0
    outer loop
      vertex 82 4.267949192431123 11
      vertex 81.78247714198255 4.41329331941753 9
      vertex 82 4.267949192431123 9
    endloop
  endfacet
  facet normal -0.4422886902190091 -0.8968727415326844 0
    outer loop
      vertex 82 4.267949192431123 11
      vertex 82 4.267949192431123 9
      vertex 82.23463313526982 4.152240934977426 9
    endloop
  endfacet
  facet normal -0.3214394653031537 -0.9469301294951085 0
    outer loop
      vertex 82.23463313526982 4.152240934977426 11
      vertex 82.23463313526982 4.152240934977426 9
      vertex 82.48236190979496 4.068148347421864 9
    endloop
  endfacet
  facet normal -0.6593458151000828 -0.7518398074789652 0
    outer loop
      vertex 81.78247714198255 4.41329331941753 11
      vertex 81.58578643762691 4.585786437626905 9
      vertex 81.78247714198255 4.41329331941753 9
    endloop
  endfacet
  facet normal -0.7518398074789802 -0.6593458151000657 0
    outer loop
      vertex 81.58578643762691 4.585786437626905 11
      vertex 81.41329331941753 4.782477141982559 9
      vertex 81.58578643762691 4.585786437626905 9
    endloop
  endfacet
  facet normal -0.8314696123025292 -0.5555702330196262 0
    outer loop
      vertex 81.41329331941753 4.782477141982559 11
      vertex 81.26794919243112 5 9
      vertex 81.41329331941753 4.782477141982559 9
    endloop
  endfacet
  facet normal -0.8968727415326979 -0.44228869021898193 0
    outer loop
      vertex 81.15224093497743 5.234633135269821 11
      vertex 81.15224093497743 5.234633135269821 9
      vertex 81.26794919243112 5 9
    endloop
  endfacet
  facet normal -0.9469301294951094 -0.32143946530315076 0
    outer loop
      vertex 81.06814834742187 5.4823619097949585 11
      vertex 81.06814834742187 5.4823619097949585 9
      vertex 81.15224093497743 5.234633135269821 9
    endloop
  endfacet
  facet normal -0.9807852804032315 -0.19509032201612297 0
    outer loop
      vertex 81.06814834742187 5.4823619097949585 11
      vertex 81.01711027725239 5.738947615559897 9
      vertex 81.06814834742187 5.4823619097949585 9
    endloop
  endfacet
  facet normal -0.06540312923014178 -0.9978589232386035 0
    outer loop
      vertex 82.7389476155599 4.017110277252379 11
      vertex 82.7389476155599 4.017110277252379 9
      vertex 83 4 9
    endloop
  endfacet
  facet normal -0.3214394653031537 -0.9469301294951085 0
    outer loop
      vertex 82.48236190979496 4.068148347421864 11
      vertex 82.23463313526982 4.152240934977426 11
      vertex 82.48236190979496 4.068148347421864 9
    endloop
  endfacet
  facet normal -0.19509032201613274 -0.9807852804032295 0
    outer loop
      vertex 82.48236190979496 4.068148347421864 11
      vertex 82.48236190979496 4.068148347421864 9
      vertex 82.7389476155599 4.017110277252379 11
    endloop
  endfacet
  facet normal -0.4422886902190091 -0.8968727415326844 1.468553606163063e-18
    outer loop
      vertex 82 4.267949192431123 11
      vertex 82.23463313526982 4.152240934977426 9
      vertex 82.23463313526982 4.152240934977426 11
    endloop
  endfacet
  facet normal -0.6593458151000828 -0.7518398074789652 0
    outer loop
      vertex 81.58578643762691 4.585786437626905 11
      vertex 81.58578643762691 4.585786437626905 9
      vertex 81.78247714198255 4.41329331941753 11
    endloop
  endfacet
  facet normal -0.7518398074789802 -0.6593458151000657 3.6062171038236943e-19
    outer loop
      vertex 81.58578643762691 4.585786437626905 11
      vertex 81.41329331941753 4.782477141982559 11
      vertex 81.41329331941753 4.782477141982559 9
    endloop
  endfacet
  facet normal -0.5555702330195933 -0.8314696123025512 1.5386007364680376e-18
    outer loop
      vertex 82 4.267949192431123 11
      vertex 81.78247714198255 4.41329331941753 11
      vertex 81.78247714198255 4.41329331941753 9
    endloop
  endfacet
  facet normal 0 0 1
    outer loop
      vertex 82.48236190979496 4.068148347421864 11
      vertex 83 4 11
      vertex 82.23463313526982 4.152240934977426 11
    endloop
  endfacet
  facet normal 0 0 1
    outer loop
      vertex 82 4.267949192431123 11
      vertex 82.23463313526982 4.152240934977426 11
      vertex 81.78247714198255 4.41329331941753 11
    endloop
  endfacet
  facet normal 0 0 1
    outer loop
      vertex 82.23463313526982 4.152240934977426 11
      vertex 83 4 11
      vertex 81.58578643762691 4.585786437626905 11
    endloop
  endfacet
  facet normal 0 0 1
    outer loop
      vertex 82.23463313526982 4.152240934977426 11
      vertex 81.58578643762691 4.585786437626905 11
      vertex 81.78247714198255 4.41329331941753 11
    endloop
  endfacet
  facet normal -0.8314696123025292 -0.5555702330196262 4.125061926227483e-18
    outer loop
      vertex 81.41329331941753 4.782477141982559 11
      vertex 81.26794919243112 5 11
      vertex 81.26794919243112 5 9
    endloop
  endfacet
  facet normal -0.8968727415326979 -0.44228869021898193 0
    outer loop
      vertex 81.26794919243112 5 11
      vertex 81.15224093497743 5.234633135269821 11
      vertex 81.26794919243112 5 9
    endloop
  endfacet
  facet normal -0.9469301294951094 -0.32143946530315076 0
    outer loop
      vertex 81.15224093497743 5.234633135269821 11
      vertex 81.06814834742187 5.4823619097949585 11
      vertex 81.15224093497743 5.234633135269821 9
    endloop
  endfacet
  facet normal -0.9807852804032315 -0.19509032201612297 -3.235024475926466e-20
    outer loop
      vertex 81.06814834742187 5.4823619097949585 11
      vertex 81.01711027725239 5.738947615559897 11
      vertex 81.01711027725239 5.738947615559897 9
    endloop
  endfacet
  facet normal 0 0 1
    outer loop
      vertex 81.41329331941753 4.782477141982559 11
      vertex 81.15224093497743 5.234633135269821 11
      vertex 81.26794919243112 5 11
    endloop
  endfacet
  facet normal 0 0 1
    outer loop
      vertex 81.58578643762691 4.585786437626905 11
      vertex 81.15224093497743 5.234633135269821 11
      vertex 81.41329331941753 4.782477141982559 11
    endloop
  endfacet
  facet normal 0 0 1
    outer loop
      vertex 81.58578643762691 4.585786437626905 11
      vertex 81 6 11
      vertex 81.15224093497743 5.234633135269821 11
    endloop
  endfacet
  facet normal 0 0 1
    outer loop
      vertex 81.15224093497743 5.234633135269821 11
      vertex 81 6 11
      vertex 81.06814834742187 5.4823619097949585 11
    endloop
  endfacet
  facet normal -0.06540312923014178 -0.9978589232386035 -6.958904841864965e-19
    outer loop
      vertex 82.7389476155599 4.017110277252379 11
      vertex 83 4 9
      vertex 83 4 11
    endloop
  endfacet
  facet normal 0 0 1
    outer loop
      vertex 82.48236190979496 4.068148347421864 11
      vertex 82.7389476155599 4.017110277252379 11
      vertex 83 4 11
    endloop
  endfacet
  facet normal -0.9978589232386019 -0.06540312923016611 0
    outer loop
      vertex 81 6 11
      vertex 81 6 9
      vertex 81.01711027725239 5.738947615559897 9
    endloop
  endfacet
  facet normal -0.9978589232386019 -0.06540312923016611 0
    outer loop
      vertex 81.01711027725239 5.738947615559897 11
      vertex 81 6 11
      vertex 81.01711027725239 5.738947615559897 9
    endloop
  endfacet
  facet normal 0 0 1
    outer loop
      vertex 81.06814834742187 5.4823619097949585 11
      vertex 81 6 11
      vertex 81.01711027725239 5.738947615559897 11
    endloop
  endfacet
  facet normal 0 -1 0
    outer loop
      vertex 93 4 11
      vertex 83 4 9
      vertex 93 4 9
    endloop
  endfacet
  facet normal 0.06540312923014178 -0.9978589232386035 0
    outer loop
      vertex 93.2610523844401 4.017110277252379 11
      vertex 93 4 9
      vertex 93.2610523844401 4.017110277252379 9
    endloop
  endfacet
  facet normal 0.19509032201613274 -0.9807852804032295 0
    outer loop
      vertex 93.2610523844401 4.017110277252379 11
      vertex 93.2610523844401 4.017110277252379 9
      vertex 93.51763809020504 4.068148347421864 9
    endloop
  endfacet
  facet normal 0 -1 0
    outer loop
      vertex 83 4 11
      vertex 83 4 9
      vertex 93 4 11
    endloop
  endfacet
  facet normal 0 0 1
    outer loop
      vertex 81.58578643762691 4.585786437626905 11
      vertex 83 4 11
      vertex 94.41421356237309 4.585786437626905 11
    endloop
  endfacet
  facet normal 0.06540312923014178 -0.9978589232386035 0
    outer loop
      vertex 93 4 11
      vertex 93 4 9
      vertex 93.2610523844401 4.017110277252379 11
    endloop
  endfacet
  facet normal 0.19509032201613274 -0.9807852804032295 3.1848326761229175e-19
    outer loop
      vertex 93.2610523844401 4.017110277252379 11
      vertex 93.51763809020504 4.068148347421864 9
      vertex 93.51763809020504 4.068148347421864 11
    endloop
  endfacet
  facet normal 0 0 1
    outer loop
      vertex 83 4 11
      vertex 93 4 11
      vertex 94.41421356237309 4.585786437626905 11
    endloop
  endfacet
  facet normal 0 0 1
    outer loop
      vertex 93 4 11
      vertex 93.2610523844401 4.017110277252379 11
      vertex 93.76536686473018 4.152240934977426 11
    endloop
  endfacet
  facet normal 0.3214394653031537 -0.9469301294951085 0
    outer loop
      vertex 93.76536686473018 4.152240934977426 11
      vertex 93.51763809020504 4.068148347421864 9
      vertex 93.76536686473018 4.152240934977426 9
    endloop
  endfacet
  facet normal 0.4422886902190091 -0.8968727415326844 0
    outer loop
      vertex 93.76536686473018 4.152240934977426 11
      vertex 93.76536686473018 4.152240934977426 9
      vertex 94 4.267949192431123 9
    endloop
  endfacet
  facet normal 0.5555702330195933 -0.8314696123025512 0
    outer loop
      vertex 94.21752285801745 4.41329331941753 11
      vertex 94 4.267949192431123 9
      vertex 94.21752285801745 4.41329331941753 9
    endloop
  endfacet
  facet normal 0.6593458151000828 -0.7518398074789652 0
    outer loop
      vertex 94.21752285801745 4.41329331941753 11
      vertex 94.21752285801745 4.41329331941753 9
      vertex 94.41421356237309 4.585786437626905 9
    endloop
  endfacet
  facet normal 0.7518398074789802 -0.6593458151000657 0
    outer loop
      vertex 94.41421356237309 4.585786437626905 11
      vertex 94.41421356237309 4.585786437626905 9
      vertex 94.58670668058247 4.782477141982559 9
    endloop
  endfacet
  facet normal 0.8314696123025292 -0.5555702330196262 0
    outer loop
      vertex 94.73205080756888 5 11
      vertex 94.58670668058247 4.782477141982559 9
      vertex 94.73205080756888 5 9
    endloop
  endfacet
  facet normal 0.8968727415326979 -0.44228869021898193 0
    outer loop
      vertex 94.73205080756888 5 11
      vertex 94.73205080756888 5 9
      vertex 94.84775906502257 5.234633135269821 9
    endloop
  endfacet
  facet normal 0.9469301294951094 -0.32143946530315076 0
    outer loop
      vertex 94.84775906502257 5.234633135269821 11
      vertex 94.84775906502257 5.234633135269821 9
      vertex 94.93185165257813 5.4823619097949585 9
    endloop
  endfacet
  facet normal 0.9807852804032315 -0.19509032201612297 0
    outer loop
      vertex 94.93185165257813 5.4823619097949585 11
      vertex 94.93185165257813 5.4823619097949585 9
      vertex 94.98288972274761 5.738947615559897 9
    endloop
  endfacet
  facet normal 0.3214394653031537 -0.9469301294951085 0
    outer loop
      vertex 93.51763809020504 4.068148347421864 11
      vertex 93.51763809020504 4.068148347421864 9
      vertex 93.76536686473018 4.152240934977426 11
    endloop
  endfacet
  facet normal 0.4422886902190091 -0.8968727415326844 -1.468553606163063e-18
    outer loop
      vertex 93.76536686473018 4.152240934977426 11
      vertex 94 4.267949192431123 9
      vertex 94 4.267949192431123 11
    endloop
  endfacet
  facet normal 0.5555702330195933 -0.8314696123025512 0
    outer loop
      vertex 94 4.267949192431123 11
      vertex 94 4.267949192431123 9
      vertex 94.21752285801745 4.41329331941753 11
    endloop
  endfacet
  facet normal 0.6593458151000828 -0.7518398074789652 5.797325200849408e-18
    outer loop
      vertex 94.21752285801745 4.41329331941753 11
      vertex 94.41421356237309 4.585786437626905 9
      vertex 94.41421356237309 4.585786437626905 11
    endloop
  endfacet
  facet normal 0.7518398074789802 -0.6593458151000657 -3.6062171038236943e-19
    outer loop
      vertex 94.41421356237309 4.585786437626905 11
      vertex 94.58670668058247 4.782477141982559 9
      vertex 94.58670668058247 4.782477141982559 11
    endloop
  endfacet
  facet normal 0 0 1
    outer loop
      vertex 93.2610523844401 4.017110277252379 11
      vertex 93.51763809020504 4.068148347421864 11
      vertex 93.76536686473018 4.152240934977426 11
    endloop
  endfacet
  facet normal 0 0 1
    outer loop
      vertex 93 4 11
      vertex 93.76536686473018 4.152240934977426 11
      vertex 94.41421356237309 4.585786437626905 11
    endloop
  endfacet
  facet normal 0 0 1
    outer loop
      vertex 93.76536686473018 4.152240934977426 11
      vertex 94 4.267949192431123 11
      vertex 94.41421356237309 4.585786437626905 11
    endloop
  endfacet
  facet normal 0 0 1
    outer loop
      vertex 94 4.267949192431123 11
      vertex 94.21752285801745 4.41329331941753 11
      vertex 94.41421356237309 4.585786437626905 11
    endloop
  endfacet
  facet normal 0.8314696123025292 -0.5555702330196262 0
    outer loop
      vertex 94.58670668058247 4.782477141982559 11
      vertex 94.58670668058247 4.782477141982559 9
      vertex 94.73205080756888 5 11
    endloop
  endfacet
  facet normal 0.8968727415326979 -0.44228869021898193 -1.756369981551643e-18
    outer loop
      vertex 94.73205080756888 5 11
      vertex 94.84775906502257 5.234633135269821 9
      vertex 94.84775906502257 5.234633135269821 11
    endloop
  endfacet
  facet normal 0.9469301294951094 -0.32143946530315076 -1.759789376680987e-18
    outer loop
      vertex 94.84775906502257 5.234633135269821 11
      vertex 94.93185165257813 5.4823619097949585 9
      vertex 94.93185165257813 5.4823619097949585 11
    endloop
  endfacet
  facet normal 0.9807852804032315 -0.19509032201612297 3.235024475926466e-20
    outer loop
      vertex 94.93185165257813 5.4823619097949585 11
      vertex 94.98288972274761 5.738947615559897 9
      vertex 94.98288972274761 5.738947615559897 11
    endloop
  endfacet
  facet normal 0 0 1
    outer loop
      vertex 94.41421356237309 4.585786437626905 11
      vertex 94.58670668058247 4.782477141982559 11
      vertex 94.73205080756888 5 11
    endloop
  endfacet
  facet normal 0 0 1
    outer loop
      vertex 94.41421356237309 4.585786437626905 11
      vertex 94.73205080756888 5 11
      vertex 94.84775906502257 5.234633135269821 11
    endloop
  endfacet
  facet normal 0 0 1
    outer loop
      vertex 94.41421356237309 4.585786437626905 11
      vertex 94.84775906502257 5.234633135269821 11
      vertex 95 6 11
    endloop
  endfacet
  facet normal 0 0 1
    outer loop
      vertex 94.84775906502257 5.234633135269821 11
      vertex 94.93185165257813 5.4823619097949585 11
      vertex 95 6 11
    endloop
  endfacet
  facet normal 0.9978589232386019 -0.06540312923016611 0
    outer loop
      vertex 95 6 11
      vertex 94.98288972274761 5.738947615559897 9
      vertex 95 6 9
    endloop
  endfacet
  facet normal 0.9978589232386019 -0.06540312923016611 0
    outer loop
      vertex 94.98288972274761 5.738947615559897 11
      vertex 94.98288972274761 5.738947615559897 9
      vertex 95 6 11
    endloop
  endfacet
  facet normal 0 0 1
    outer loop
      vertex 94.93185165257813 5.4823619097949585 11
      vertex 94.98288972274761 5.738947615559897 11
      vertex 95 6 11
    endloop
  endfacet
  facet normal 0 0 1
    outer loop
      vertex 81.58578643762691 4.585786437626905 11
      vertex 81 16 11
      vertex 81 6 11
    endloop
  endfacet
  facet normal -1 0 0
    outer loop
      vertex 81 6 11
      vertex 81 16 11
      vertex 81 6 9
    endloop
  endfacet
  facet normal -1 0 0
    outer loop
      vertex 81 16 11
      vertex 81 16 9
      vertex 81 6 9
    endloop
  endfacet
  facet normal 0 0 1
    outer loop
      vertex 81.58578643762691 4.585786437626905 11
      vertex 81.58578643762691 17.414213562373096 11
      vertex 81 16 11
    endloop
  endfacet
  facet normal 0 0 1
    outer loop
      vertex 81.58578643762691 4.585786437626905 11
      vertex 94.41421356237309 17.414213562373096 11
      vertex 81.58578643762691 17.414213562373096 11
    endloop
  endfacet
  facet normal -0.9978589232386019 0.06540312923016633 0
    outer loop
      vertex 81 16 11
      vertex 81.01711027725239 16.261052384440102 9
      vertex 81 16 9
    endloop
  endfacet
  facet normal -0.9807852804032312 0.1950903220161236 0
    outer loop
      vertex 81.06814834742187 16.51763809020504 11
      vertex 81.06814834742187 16.51763809020504 9
      vertex 81.01711027725239 16.261052384440102 9
    endloop
  endfacet
  facet normal -0.9978589232386019 0.06540312923016633 -7.300886886842484e-19
    outer loop
      vertex 81 16 11
      vertex 81.01711027725239 16.261052384440102 11
      vertex 81.01711027725239 16.261052384440102 9
    endloop
  endfacet
  facet normal -0.9807852804032312 0.1950903220161236 0
    outer loop
      vertex 81.01711027725239 16.261052384440102 11
      vertex 81.06814834742187 16.51763809020504 11
      vertex 81.01711027725239 16.261052384440102 9
    endloop
  endfacet
  facet normal 0 0 1
    outer loop
      vertex 81 16 11
      vertex 81.06814834742187 16.51763809020504 11
      vertex 81.01711027725239 16.261052384440102 11
    endloop
  endfacet
  facet normal 0 0 1
    outer loop
      vertex 81 16 11
      vertex 81.15224093497743 16.76536686473018 11
      vertex 81.06814834742187 16.51763809020504 11
    endloop
  endfacet
  facet normal -0.9469301294951101 0.3214394653031487 0
    outer loop
      vertex 81.06814834742187 16.51763809020504 11
      vertex 81.15224093497743 16.76536686473018 9
      vertex 81.06814834742187 16.51763809020504 9
    endloop
  endfacet
  facet normal -0.8968727415326979 0.44228869021898193 0
    outer loop
      vertex 81.26794919243112 17 11
      vertex 81.26794919243112 17 9
      vertex 81.15224093497743 16.76536686473018 9
    endloop
  endfacet
  facet normal -0.831469612302527 0.5555702330196293 0
    outer loop
      vertex 81.26794919243112 17 11
      vertex 81.41329331941753 17.21752285801744 9
      vertex 81.26794919243112 17 9
    endloop
  endfacet
  facet normal -0.7518398074789846 0.6593458151000606 0
    outer loop
      vertex 81.58578643762691 17.414213562373096 11
      vertex 81.58578643762691 17.414213562373096 9
      vertex 81.41329331941753 17.21752285801744 9
    endloop
  endfacet
  facet normal -0.6593458151000808 0.7518398074789668 0
    outer loop
      vertex 81.78247714198255 17.58670668058247 11
      vertex 81.78247714198255 17.58670668058247 9
      vertex 81.58578643762691 17.414213562373096 9
    endloop
  endfacet
  facet normal -0.5555702330195886 0.8314696123025545 0
    outer loop
      vertex 81.78247714198255 17.58670668058247 11
      vertex 82 17.732050807568875 9
      vertex 81.78247714198255 17.58670668058247 9
    endloop
  endfacet
  facet normal -0.4422886902190091 0.8968727415326844 0
    outer loop
      vertex 82.23463313526982 17.847759065022572 11
      vertex 82.23463313526982 17.847759065022572 9
      vertex 82 17.732050807568875 9
    endloop
  endfacet
  facet normal -0.3214394653031689 0.9469301294951031 0
    outer loop
      vertex 82.48236190979496 17.93185165257814 11
      vertex 82.48236190979496 17.93185165257814 9
      vertex 82.23463313526982 17.847759065022572 9
    endloop
  endfacet
  facet normal -0.19509032201612622 0.9807852804032308 0
    outer loop
      vertex 82.7389476155599 17.982889722747622 11
      vertex 82.7389476155599 17.982889722747622 9
      vertex 82.48236190979496 17.93185165257814 9
    endloop
  endfacet
  facet normal -0.0654031292301384 0.9978589232386037 0
    outer loop
      vertex 82.7389476155599 17.982889722747622 11
      vertex 83 18 9
      vertex 82.7389476155599 17.982889722747622 9
    endloop
  endfacet
  facet normal -0.9469301294951101 0.3214394653031487 -1.3924061271325213e-18
    outer loop
      vertex 81.06814834742187 16.51763809020504 11
      vertex 81.15224093497743 16.76536686473018 11
      vertex 81.15224093497743 16.76536686473018 9
    endloop
  endfacet
  facet normal -0.8968727415326979 0.44228869021898193 0
    outer loop
      vertex 81.15224093497743 16.76536686473018 11
      vertex 81.26794919243112 17 11
      vertex 81.15224093497743 16.76536686473018 9
    endloop
  endfacet
  facet normal -0.831469612302527 0.5555702330196293 6.376985862190811e-18
    outer loop
      vertex 81.26794919243112 17 11
      vertex 81.41329331941753 17.21752285801744 11
      vertex 81.41329331941753 17.21752285801744 9
    endloop
  endfacet
  facet normal -0.7518398074789846 0.6593458151000606 0
    outer loop
      vertex 81.41329331941753 17.21752285801744 11
      vertex 81.58578643762691 17.414213562373096 11
      vertex 81.41329331941753 17.21752285801744 9
    endloop
  endfacet
  facet normal 0 0 1
    outer loop
      vertex 81 16 11
      vertex 81.58578643762691 17.414213562373096 11
      vertex 81.15224093497743 16.76536686473018 11
    endloop
  endfacet
  facet normal 0 0 1
    outer loop
      vertex 81.15224093497743 16.76536686473018 11
      vertex 81.58578643762691 17.414213562373096 11
      vertex 81.26794919243112 17 11
    endloop
  endfacet
  facet normal 0 0 1
    outer loop
      vertex 81.26794919243112 17 11
      vertex 81.58578643762691 17.414213562373096 11
      vertex 81.41329331941753 17.21752285801744 11
    endloop
  endfacet
  facet normal -0.6593458151000808 0.7518398074789668 0
    outer loop
      vertex 81.58578643762691 17.414213562373096 11
      vertex 81.78247714198255 17.58670668058247 11
      vertex 81.58578643762691 17.414213562373096 9
    endloop
  endfacet
  facet normal -0.5555702330195886 0.8314696123025545 2.627564704091561e-18
    outer loop
      vertex 81.78247714198255 17.58670668058247 11
      vertex 82 17.732050807568875 11
      vertex 82 17.732050807568875 9
    endloop
  endfacet
  facet normal -0.4422886902190091 0.8968727415326844 0
    outer loop
      vertex 82 17.732050807568875 11
      vertex 82.23463313526982 17.847759065022572 11
      vertex 82 17.732050807568875 9
    endloop
  endfacet
  facet normal -0.3214394653031689 0.9469301294951031 0
    outer loop
      vertex 82.23463313526982 17.847759065022572 11
      vertex 82.48236190979496 17.93185165257814 11
      vertex 82.23463313526982 17.847759065022572 9
    endloop
  endfacet
  facet normal -0.19509032201612622 0.9807852804032308 0
    outer loop
      vertex 82.48236190979496 17.93185165257814 11
      vertex 82.7389476155599 17.982889722747622 11
      vertex 82.48236190979496 17.93185165257814 9
    endloop
  endfacet
  facet normal 0 0 1
    outer loop
      vertex 81.58578643762691 17.414213562373096 11
      vertex 82.23463313526982 17.847759065022572 11
      vertex 81.78247714198255 17.58670668058247 11
    endloop
  endfacet
  facet normal 0 0 1
    outer loop
      vertex 81.78247714198255 17.58670668058247 11
      vertex 82.23463313526982 17.847759065022572 11
      vertex 82 17.732050807568875 11
    endloop
  endfacet
  facet normal 0 0 1
    outer loop
      vertex 81.58578643762691 17.414213562373096 11
      vertex 83 18 11
      vertex 82.23463313526982 17.847759065022572 11
    endloop
  endfacet
  facet normal 0 0 1
    outer loop
      vertex 82.23463313526982 17.847759065022572 11
      vertex 83 18 11
      vertex 82.48236190979496 17.93185165257814 11
    endloop
  endfacet
  facet normal -0.0654031292301384 0.9978589232386037 1.6932885154367025e-19
    outer loop
      vertex 82.7389476155599 17.982889722747622 11
      vertex 83 18 11
      vertex 83 18 9
    endloop
  endfacet
  facet normal 0 0 1
    outer loop
      vertex 82.48236190979496 17.93185165257814 11
      vertex 83 18 11
      vertex 82.7389476155599 17.982889722747622 11
    endloop
  endfacet
  facet normal 0 0 1
    outer loop
      vertex 81.58578643762691 4.585786437626905 11
      vertex 94.41421356237309 4.585786437626905 11
      vertex 94.41421356237309 17.414213562373096 11
    endloop
  endfacet
  facet normal 1 0 0
    outer loop
      vertex 95 6 11
      vertex 95 6 9
      vertex 95 16 9
    endloop
  endfacet
  facet normal 0 0 1
    outer loop
      vertex 94.41421356237309 4.585786437626905 11
      vertex 95 6 11
      vertex 94.41421356237309 17.414213562373096 11
    endloop
  endfacet
  facet normal 1 0 0
    outer loop
      vertex 95 6 11
      vertex 95 16 9
      vertex 95 16 11
    endloop
  endfacet
  facet normal 0 0 1
    outer loop
      vertex 95 6 11
      vertex 95 16 11
      vertex 94.41421356237309 17.414213562373096 11
    endloop
  endfacet
  facet normal 0 1 0
    outer loop
      vertex 83 18 11
      vertex 93 18 9
      vertex 83 18 9
    endloop
  endfacet
  facet normal 0.0654031292301384 0.9978589232386037 0
    outer loop
      vertex 93 18 11
      vertex 93.2610523844401 17.982889722747622 9
      vertex 93 18 9
    endloop
  endfacet
  facet normal 0.19509032201612622 0.9807852804032308 0
    outer loop
      vertex 93.2610523844401 17.982889722747622 11
      vertex 93.51763809020504 17.93185165257814 9
      vertex 93.2610523844401 17.982889722747622 9
    endloop
  endfacet
  facet normal 0 1 0
    outer loop
      vertex 83 18 11
      vertex 93 18 11
      vertex 93 18 9
    endloop
  endfacet
  facet normal 0 0 1
    outer loop
      vertex 81.58578643762691 17.414213562373096 11
      vertex 94.41421356237309 17.414213562373096 11
      vertex 83 18 11
    endloop
  endfacet
  facet normal 0.0654031292301384 0.9978589232386037 -1.6932885154367025e-19
    outer loop
      vertex 93 18 11
      vertex 93.2610523844401 17.982889722747622 11
      vertex 93.2610523844401 17.982889722747622 9
    endloop
  endfacet
  facet normal 0.19509032201612622 0.9807852804032308 -1.1680237621801337e-18
    outer loop
      vertex 93.2610523844401 17.982889722747622 11
      vertex 93.51763809020504 17.93185165257814 11
      vertex 93.51763809020504 17.93185165257814 9
    endloop
  endfacet
  facet normal 0 0 1
    outer loop
      vertex 83 18 11
      vertex 94.41421356237309 17.414213562373096 11
      vertex 93 18 11
    endloop
  endfacet
  facet normal 0 0 1
    outer loop
      vertex 93 18 11
      vertex 93.76536686473018 17.847759065022572 11
      vertex 93.2610523844401 17.982889722747622 11
    endloop
  endfacet
  facet normal 0.9978589232386019 0.06540312923016633 0
    outer loop
      vertex 94.98288972274761 16.261052384440102 11
      vertex 95 16 9
      vertex 94.98288972274761 16.261052384440102 9
    endloop
  endfacet
  facet normal 0.9807852804032312 0.1950903220161236 0
    outer loop
      vertex 94.98288972274761 16.261052384440102 11
      vertex 94.98288972274761 16.261052384440102 9
      vertex 94.93185165257813 16.51763809020504 9
    endloop
  endfacet
  facet normal 0.9978589232386019 0.06540312923016633 0
    outer loop
      vertex 95 16 11
      vertex 95 16 9
      vertex 94.98288972274761 16.261052384440102 11
    endloop
  endfacet
  facet normal 0.9807852804032312 0.1950903220161236 4.036039193673949e-19
    outer loop
      vertex 94.98288972274761 16.261052384440102 11
      vertex 94.93185165257813 16.51763809020504 9
      vertex 94.93185165257813 16.51763809020504 11
    endloop
  endfacet
  facet normal 0 0 1
    outer loop
      vertex 95 16 11
      vertex 94.98288972274761 16.261052384440102 11
      vertex 94.41421356237309 17.414213562373096 11
    endloop
  endfacet
  facet normal 0.9469301294951101 0.3214394653031487 0
    outer loop
      vertex 94.93185165257813 16.51763809020504 11
      vertex 94.93185165257813 16.51763809020504 9
      vertex 94.84775906502257 16.76536686473018 9
    endloop
  endfacet
  facet normal 0.8968727415326979 0.44228869021898193 0
    outer loop
      vertex 94.73205080756888 17 11
      vertex 94.84775906502257 16.76536686473018 9
      vertex 94.73205080756888 17 9
    endloop
  endfacet
  facet normal 0.831469612302527 0.5555702330196293 0
    outer loop
      vertex 94.73205080756888 17 11
      vertex 94.73205080756888 17 9
      vertex 94.58670668058247 17.21752285801744 9
    endloop
  endfacet
  facet normal 0.7518398074789846 0.6593458151000606 0
    outer loop
      vertex 94.41421356237309 17.414213562373096 11
      vertex 94.58670668058247 17.21752285801744 9
      vertex 94.41421356237309 17.414213562373096 9
    endloop
  endfacet
  facet normal 0.5555702330195886 0.8314696123025545 0
    outer loop
      vertex 94 17.732050807568875 11
      vertex 94.21752285801745 17.58670668058247 9
      vertex 94 17.732050807568875 9
    endloop
  endfacet
  facet normal 0.4422886902190091 0.8968727415326844 0
    outer loop
      vertex 93.76536686473018 17.847759065022572 11
      vertex 94 17.732050807568875 9
      vertex 93.76536686473018 17.847759065022572 9
    endloop
  endfacet
  facet normal 0.3214394653031689 0.9469301294951031 0
    outer loop
      vertex 93.76536686473018 17.847759065022572 11
      vertex 93.76536686473018 17.847759065022572 9
      vertex 93.51763809020504 17.93185165257814 9
    endloop
  endfacet
  facet normal 0.6593458151000808 0.7518398074789668 0
    outer loop
      vertex 94.41421356237309 17.414213562373096 11
      vertex 94.41421356237309 17.414213562373096 9
      vertex 94.21752285801745 17.58670668058247 9
    endloop
  endfacet
  facet normal 0.9469301294951101 0.3214394653031487 0
    outer loop
      vertex 94.84775906502257 16.76536686473018 11
      vertex 94.93185165257813 16.51763809020504 11
      vertex 94.84775906502257 16.76536686473018 9
    endloop
  endfacet
  facet normal 0.8968727415326979 0.44228869021898193 0
    outer loop
      vertex 94.84775906502257 16.76536686473018 11
      vertex 94.84775906502257 16.76536686473018 9
      vertex 94.73205080756888 17 11
    endloop
  endfacet
  facet normal 0.831469612302527 0.5555702330196293 -6.376985862190811e-18
    outer loop
      vertex 94.73205080756888 17 11
      vertex 94.58670668058247 17.21752285801744 9
      vertex 94.58670668058247 17.21752285801744 11
    endloop
  endfacet
  facet normal 0.7518398074789846 0.6593458151000606 0
    outer loop
      vertex 94.58670668058247 17.21752285801744 11
      vertex 94.58670668058247 17.21752285801744 9
      vertex 94.41421356237309 17.414213562373096 11
    endloop
  endfacet
  facet normal 0 0 1
    outer loop
      vertex 94.98288972274761 16.261052384440102 11
      vertex 94.93185165257813 16.51763809020504 11
      vertex 94.73205080756888 17 11
    endloop
  endfacet
  facet normal 0 0 1
    outer loop
      vertex 94.84775906502257 16.76536686473018 11
      vertex 94.73205080756888 17 11
      vertex 94.93185165257813 16.51763809020504 11
    endloop
  endfacet
  facet normal 0 0 1
    outer loop
      vertex 94.98288972274761 16.261052384440102 11
      vertex 94.73205080756888 17 11
      vertex 94.41421356237309 17.414213562373096 11
    endloop
  endfacet
  facet normal 0 0 1
    outer loop
      vertex 94.73205080756888 17 11
      vertex 94.58670668058247 17.21752285801744 11
      vertex 94.41421356237309 17.414213562373096 11
    endloop
  endfacet
  facet normal 0.6593458151000808 0.7518398074789668 -3.457812969113918e-18
    outer loop
      vertex 94.41421356237309 17.414213562373096 11
      vertex 94.21752285801745 17.58670668058247 9
      vertex 94.21752285801745 17.58670668058247 11
    endloop
  endfacet
  facet normal 0.5555702330195886 0.8314696123025545 -2.627564704091561e-18
    outer loop
      vertex 94 17.732050807568875 11
      vertex 94.21752285801745 17.58670668058247 11
      vertex 94.21752285801745 17.58670668058247 9
    endloop
  endfacet
  facet normal 0.3214394653031689 0.9469301294951031 0
    outer loop
      vertex 93.51763809020504 17.93185165257814 11
      vertex 93.76536686473018 17.847759065022572 11
      vertex 93.51763809020504 17.93185165257814 9
    endloop
  endfacet
  facet normal 0.4422886902190091 0.8968727415326844 0
    outer loop
      vertex 94 17.732050807568875 11
      vertex 94 17.732050807568875 9
      vertex 93.76536686473018 17.847759065022572 11
    endloop
  endfacet
  facet normal 0 0 1
    outer loop
      vertex 94 17.732050807568875 11
      vertex 94.41421356237309 17.414213562373096 11
      vertex 94.21752285801745 17.58670668058247 11
    endloop
  endfacet
  facet normal 0 0 1
    outer loop
      vertex 94 17.732050807568875 11
      vertex 93.76536686473018 17.847759065022572 11
      vertex 94.41421356237309 17.414213562373096 11
    endloop
  endfacet
  facet normal 0 0 1
    outer loop
      vertex 93 18 11
      vertex 94.41421356237309 17.414213562373096 11
      vertex 93.76536686473018 17.847759065022572 11
    endloop
  endfacet
  facet normal 0 0 1
    outer loop
      vertex 93.2610523844401 17.982889722747622 11
      vertex 93.76536686473018 17.847759065022572 11
      vertex 93.51763809020504 17.93185165257814 11
    endloop
  endfacet
  facet normal 0 -1 0
    outer loop
      vertex 7.85 -7 3.25
      vertex 16.15 -7 3.25
      vertex 16.15 -7 5.75
    endloop
  endfacet
  facet normal 0 0 -1
    outer loop
      vertex 7.85 -7 3.25
      vertex 16.15 0 3.25
      vertex 16.15 -7 3.25
    endloop
  endfacet
  facet normal -1 0 0
    outer loop
      vertex 7.85 -7 3.25
      vertex 7.85 -7 5.75
      vertex 7.85 0 3.25
    endloop
  endfacet
  facet normal 0 -1 0
    outer loop
      vertex 7.85 -7 3.25
      vertex 16.15 -7 5.75
      vertex 7.85 -7 5.75
    endloop
  endfacet
  facet normal 0 0 -1
    outer loop
      vertex 7.85 -7 3.25
      vertex 7.85 0 3.25
      vertex 16.15 0 3.25
    endloop
  endfacet
  facet normal -1 0 0
    outer loop
      vertex 7.85 -7 5.75
      vertex 7.85 0 5.75
      vertex 7.85 0 3.25
    endloop
  endfacet
  facet normal 1 0 0
    outer loop
      vertex 16.15 -7 3.25
      vertex 16.15 0 5.75
      vertex 16.15 -7 5.75
    endloop
  endfacet
  facet normal 1 0 0
    outer loop
      vertex 16.15 -7 3.25
      vertex 16.15 0 3.25
      vertex 16.15 0 5.75
    endloop
  endfacet
  facet normal 0 0 1
    outer loop
      vertex 7.85 -7 5.75
      vertex 16.15 -7 5.75
      vertex 7.85 0 5.75
    endloop
  endfacet
  facet normal 0 0 1
    outer loop
      vertex 16.15 -7 5.75
      vertex 16.15 0 5.75
      vertex 7.85 0 5.75
    endloop
  endfacet
endsolid OpenSCAD_Model
