solid OpenSCAD_Model
  facet normal 0 0 1
    outer loop
      vertex 1.7912385709912793 20.393353340291235 8.5
      vertex 1.7448923439721762 20.34700711327213 8.5
      vertex 1.9 20.46602540378444 8.5
    endloop
  endfacet
  facet normal 0 0 1
    outer loop
      vertex 1.4761204674887132 19.98268343236509 8.5
      vertex 1.4675653288625237 19.939673846089036 8.5
      vertex 1.5339745962155613 20.1 8.5
    endloop
  endfacet
  facet normal 0 0 1
    outer loop
      vertex 1.4340741737109317 19.85881904510252 8.5
      vertex 1.4124287198335954 19.75 8.5
      vertex 1.4197478746381094 19.75 8.5
    endloop
  endfacet
  facet normal -0.8968727415326911 0.44228869021899564 0
    outer loop
      vertex 1.4761204674887132 19.98268343236509 8.5
      vertex 1.5339745962155613 20.1 8.5
      vertex 1.4761204674887132 19.98268343236509 7.225
    endloop
  endfacet
  facet normal 0 0 1
    outer loop
      vertex 2.141180954897479 20.565925826289067 8.5
      vertex 2.227948844145532 20.577349035618962 8.5
      vertex 2.2694738077799483 20.59144486137381 8.5
    endloop
  endfacet
  facet normal -0.19509032201612297 0.9807852804032315 1.0959124917058039e-15
    outer loop
      vertex 2.141180954897479 20.565925826289067 8.5
      vertex 2.2694738077799483 20.59144486137381 8.5
      vertex 2.250229879847578 20.5876170061111 7.225
    endloop
  endfacet
  facet normal -0.3214394653031649 0.9469301294951046 0
    outer loop
      vertex 2.141180954897479 20.565925826289067 8.5
      vertex 2.141180954897479 20.565925826289067 7
      vertex 2.119322533615849 20.558505892092988 7
    endloop
  endfacet
  facet normal 0 0 1
    outer loop
      vertex 2.143650158461316 20.38307771966785 8.5
      vertex 2.152199318693136 19.75 8.5
      vertex 25.6 19.75 8.5
    endloop
  endfacet
  facet normal 0 1 0
    outer loop
      vertex 2.4 20.6 8.5
      vertex 27.5 20.6 7
      vertex 2.4 20.6 7
    endloop
  endfacet
  facet normal 0 0 1
    outer loop
      vertex 1.429836855106949 2.25 8.5
      vertex 1.6928932188134524 1.692893218813456 8.5
      vertex 1.550000000000002 2.25 8.5
    endloop
  endfacet
  facet normal 0 0 1
    outer loop
      vertex 1.429836855106949 2.25 8.5
      vertex 1.4761204674887132 2.0173165676349107 8.5
      vertex 1.6928932188134524 1.692893218813456 8.5
    endloop
  endfacet
  facet normal 0 0 1
    outer loop
      vertex 1.550000000000002 2.25 8.5
      vertex 1.6928932188134524 1.692893218813456 8.5
      vertex 2.4 1.4000000000000021 8.5
    endloop
  endfacet
  facet normal -0.8314696123025428 -0.5555702330196057 0
    outer loop
      vertex 1.5339745962155613 1.9000000000000021 8.5
      vertex 1.5339745962155613 1.9000000000000021 7
      vertex 1.6066466597087647 1.7912385709912826 7
    endloop
  endfacet
  facet normal -0.5555702330195879 -0.8314696123025549 0
    outer loop
      vertex 1.7912385709912793 1.6066466597087654 8.5
      vertex 1.7912385709912793 1.6066466597087654 7
      vertex 1.9 1.5339745962155646 7
    endloop
  endfacet
  facet normal 0 0 1
    outer loop
      vertex 1.6928932188134524 1.692893218813456 8.5
      vertex 2.01731656763491 1.476120467488716 8.5
      vertex 2.4 1.4000000000000021 8.5
    endloop
  endfacet
  facet normal -0.3214394653031741 -0.9469301294951014 0
    outer loop
      vertex 2.01731656763491 1.476120467488716 8.5
      vertex 2.01731656763491 1.476120467488716 7
      vertex 2.141180954897479 1.4340741737109326 7
    endloop
  endfacet
  facet normal 0 0 1
    outer loop
      vertex 2.388521494326385 2.25 8.5
      vertex 2.4 1.4000000000000021 8.5
      vertex 27.5 1.4000000000000021 8.5
    endloop
  endfacet
  facet normal 0 -1 0
    outer loop
      vertex 2.4 1.4000000000000021 8.5
      vertex 2.4 1.4000000000000021 7
      vertex 27.5 1.4000000000000021 8.5
    endloop
  endfacet
  facet normal 0 0 1
    outer loop
      vertex 6.721588797704294 20.565925826289067 8.5
      vertex 17.23060911839355 20.393353340291235 8.5
      vertex 27.5 20.565925826289067 8.5
    endloop
  endfacet
  facet normal 0 0 1
    outer loop
      vertex 2.143650158461316 20.38307771966785 8.5
      vertex 25.6 19.75 8.5
      vertex 27.5 20.267820554152934 8.5
    endloop
  endfacet
  facet normal 0 0 1
    outer loop
      vertex 2.4 20.6 8.5
      vertex 27.5 20.589752290172207 8.5
      vertex 27.5 20.6 8.5
    endloop
  endfacet
  facet normal 0 1 0
    outer loop
      vertex 2.4 20.6 8.5
      vertex 27.5 20.6 8.5
      vertex 27.5 20.6 7
    endloop
  endfacet
  facet normal 0 0 1
    outer loop
      vertex 17.23060911839355 20.393353340291235 8.5
      vertex 27.5 20.27590592645155 8.5
      vertex 27.5 20.565925826289067 8.5
    endloop
  endfacet
  facet normal 0 0 1
    outer loop
      vertex 25.6 19.75 8.5
      vertex 25.6 2.25 8.5
      vertex 27.5 20.267820554152934 8.5
    endloop
  endfacet
  facet normal 0 0 1
    outer loop
      vertex 2.388521494326385 2.25 8.5
      vertex 27.5 1.4000000000000021 8.5
      vertex 25.6 2.25 8.5
    endloop
  endfacet
  facet normal 0 -1 0
    outer loop
      vertex 2.4 1.4000000000000021 7
      vertex 27.5 1.4000000000000021 7
      vertex 27.5 1.4000000000000021 8.5
    endloop
  endfacet
  facet normal 0 0 1
    outer loop
      vertex 25.6 2.25 8.5
      vertex 27.5 1.4000000000000021 8.5
      vertex 27.5 20.267820554152934 8.5
    endloop
  endfacet
  facet normal 0 0 1
    outer loop
      vertex 1.4761204674887132 19.98268343236509 8.5
      vertex 1.4340741737109317 19.85881904510252 8.5
      vertex 1.4675653288625237 19.939673846089036 8.5
    endloop
  endfacet
  facet normal 0 0 1
    outer loop
      vertex 1.9 20.46602540378444 8.5
      vertex 1.7448923439721762 20.34700711327213 8.5
      vertex 1.5339745962155613 20.1 8.5
    endloop
  endfacet
  facet normal 0 0 1
    outer loop
      vertex 1.6928932188134524 20.307106781186548 8.5
      vertex 1.6066466597087647 20.20876142900872 8.5
      vertex 1.7448923439721762 20.34700711327213 8.5
    endloop
  endfacet
  facet normal 0 0 1
    outer loop
      vertex 1.6066466597087647 20.20876142900872 8.5
      vertex 1.5339745962155613 20.1 8.5
      vertex 1.7448923439721762 20.34700711327213 8.5
    endloop
  endfacet
  facet normal 0 0 1
    outer loop
      vertex 1.9 20.46602540378444 8.5
      vertex 1.5339745962155613 20.1 8.5
      vertex 1.4675653288625237 19.939673846089036 8.5
    endloop
  endfacet
  facet normal 0 0 1
    outer loop
      vertex 1.7912385709912793 20.393353340291235 8.5
      vertex 1.6928932188134524 20.307106781186548 8.5
      vertex 1.7448923439721762 20.34700711327213 8.5
    endloop
  endfacet
  facet normal 0 0 1
    outer loop
      vertex 1.4675653288625237 19.939673846089036 8.5
      vertex 1.4340741737109317 19.85881904510252 8.5
      vertex 2.152199318693136 19.75 8.5
    endloop
  endfacet
  facet normal 0 0 1
    outer loop
      vertex 1.4340741737109317 19.85881904510252 8.5
      vertex 1.4197478746381094 19.75 8.5
      vertex 2.152199318693136 19.75 8.5
    endloop
  endfacet
  facet normal 0 0 1
    outer loop
      vertex 1.9 20.46602540378444 8.5
      vertex 1.4675653288625237 19.939673846089036 8.5
      vertex 2.152199318693136 19.75 8.5
    endloop
  endfacet
  facet normal -0.9469301294951049 0.3214394653031635 0
    outer loop
      vertex 1.4761204674887132 19.98268343236509 8.5
      vertex 1.4761204674887132 19.98268343236509 7.225
      vertex 1.4340741737109317 19.85881904510252 8.5
    endloop
  endfacet
  facet normal 0 0 1
    outer loop
      vertex 1.9 20.46602540378444 8.5
      vertex 2.227948844145532 20.577349035618962 8.5
      vertex 2.141180954897479 20.565925826289067 8.5
    endloop
  endfacet
  facet normal 0 0 1
    outer loop
      vertex 1.9 20.46602540378444 8.5
      vertex 2.4 20.6 8.5
      vertex 2.227948844145532 20.577349035618962 8.5
    endloop
  endfacet
  facet normal 0 0 1
    outer loop
      vertex 1.9 20.46602540378444 8.5
      vertex 2.141180954897479 20.565925826289067 8.5
      vertex 2.01731656763491 20.523879532511287 8.5
    endloop
  endfacet
  facet normal 0 0 1
    outer loop
      vertex 2.227948844145532 20.577349035618962 8.5
      vertex 2.4 20.6 8.5
      vertex 2.2694738077799483 20.59144486137381 8.5
    endloop
  endfacet
  facet normal -0.3214394653031497 0.9469301294951097 -2.470018938893015e-16
    outer loop
      vertex 2.141180954897479 20.565925826289067 8.5
      vertex 2.119322533615849 20.558505892092988 7
      vertex 2.01731656763491 20.523879532511287 8.5
    endloop
  endfacet
  facet normal 0 0 1
    outer loop
      vertex 1.9 20.46602540378444 8.5
      vertex 2.152199318693136 19.75 8.5
      vertex 2.143650158461316 20.38307771966785 8.5
    endloop
  endfacet
  facet normal 0 0 1
    outer loop
      vertex 1.9 20.46602540378444 8.5
      vertex 6.721588797704294 20.565925826289067 8.5
      vertex 2.4 20.6 8.5
    endloop
  endfacet
  facet normal -0.1950903220161353 0.9807852804032291 0
    outer loop
      vertex 2.141180954897479 20.565925826289067 8.5
      vertex 2.250229879847578 20.5876170061111 7.225
      vertex 2.141180954897479 20.565925826289067 7
    endloop
  endfacet
  facet normal 0 0 1
    outer loop
      vertex 1.9 20.46602540378444 8.5
      vertex 2.143650158461316 20.38307771966785 8.5
      vertex 17.23060911839355 20.393353340291235 8.5
    endloop
  endfacet
  facet normal -0.5555702330196066 0.8314696123025423 3.862587309252352e-19
    outer loop
      vertex 1.7912385709912793 20.393353340291235 8.5
      vertex 1.9 20.46602540378444 8.5
      vertex 1.9 20.46602540378444 0
    endloop
  endfacet
  facet normal -0.9807852804032305 0.19509032201612836 0
    outer loop
      vertex 1.4340741737109317 19.85881904510252 8.5
      vertex 1.4340741737109317 19.85881904510252 0
      vertex 1.4124287198335954 19.75 8.5
    endloop
  endfacet
  facet normal -0.7518398074789762 0.6593458151000703 -5.331179218633318e-19
    outer loop
      vertex 1.6928932188134524 20.307106781186548 8.5
      vertex 1.6066466597087647 20.20876142900872 0
      vertex 1.6066466597087647 20.20876142900872 8.5
    endloop
  endfacet
  facet normal -0.8314696123025429 0.5555702330196058 0
    outer loop
      vertex 1.6066466597087647 20.20876142900872 8.5
      vertex 1.6066466597087647 20.20876142900872 0
      vertex 1.5339745962155613 20.1 8.5
    endloop
  endfacet
  facet normal -0.6593458151000665 0.7518398074789794 0
    outer loop
      vertex 1.7912385709912793 20.393353340291235 8.5
      vertex 1.7912385709912793 20.393353340291235 0
      vertex 1.6928932188134524 20.307106781186548 8.5
    endloop
  endfacet
  facet normal -0.44228869021900513 0.8968727415326865 -2.7891069233746657e-19
    outer loop
      vertex 1.9 20.46602540378444 8.5
      vertex 2.01731656763491 20.523879532511287 8.5
      vertex 2.01731656763491 20.523879532511287 0
    endloop
  endfacet
  facet normal -0.06540312923016611 0.997858923238602 0
    outer loop
      vertex 2.2694738077799483 20.59144486137381 8.5
      vertex 2.4 20.6 8.5
      vertex 2.2694738077799483 20.59144486137381 0
    endloop
  endfacet
  facet normal -0.8968727415326911 0.44228869021899564 -2.909725509798055e-19
    outer loop
      vertex 1.5339745962155613 20.1 8.5
      vertex 1.4761204674887132 19.98268343236509 0
      vertex 1.4761204674887132 19.98268343236509 7.225
    endloop
  endfacet
  facet normal -0.946930129495105 0.3214394653031635 -3.2655685187990245e-19
    outer loop
      vertex 1.4340741737109317 19.85881904510252 8.5
      vertex 1.4761204674887132 19.98268343236509 7.225
      vertex 1.4761204674887132 19.98268343236509 0
    endloop
  endfacet
  facet normal -0.19509032201605309 0.9807852804032454 0
    outer loop
      vertex 2.2694738077799483 20.59144486137381 8.5
      vertex 2.2694738077799483 20.59144486137381 0
      vertex 2.250229879847578 20.5876170061111 7.225
    endloop
  endfacet
  facet normal -0.3214394653031465 0.9469301294951108 0
    outer loop
      vertex 2.01731656763491 20.523879532511287 8.5
      vertex 2.119322533615849 20.558505892092988 7
      vertex 2.01731656763491 20.523879532511287 0
    endloop
  endfacet
  facet normal -0.06540312923016611 0.9978589232386019 0
    outer loop
      vertex 2.4 20.6 8.5
      vertex 2.4 20.6 7
      vertex 2.2694738077799483 20.59144486137381 0
    endloop
  endfacet
  facet normal -0.1950903220161353 0.9807852804032291 9.499367600238997e-20
    outer loop
      vertex 2.250229879847578 20.5876170061111 7.225
      vertex 2.141180954897479 20.565925826289067 0
      vertex 2.141180954897479 20.565925826289067 7
    endloop
  endfacet
  facet normal -0.3214394653031649 0.9469301294951045 3.9725721283101675e-20
    outer loop
      vertex 2.119322533615849 20.558505892092988 7
      vertex 2.141180954897479 20.565925826289067 7
      vertex 2.141180954897479 20.565925826289067 0
    endloop
  endfacet
  facet normal 0 1 0
    outer loop
      vertex 2.4 20.6 7
      vertex 9 20.6 3.9000000000000004
      vertex 3 20.6 3.9000000000000004
    endloop
  endfacet
  facet normal 0 0 1
    outer loop
      vertex 1.9 20.46602540378444 8.5
      vertex 17.23060911839355 20.393353340291235 8.5
      vertex 6.721588797704294 20.565925826289067 8.5
    endloop
  endfacet
  facet normal 0 0 1
    outer loop
      vertex 2.4 20.6 8.5
      vertex 6.721588797704294 20.565925826289067 8.5
      vertex 27.5 20.589752290172207 8.5
    endloop
  endfacet
  facet normal -0.9807852804032304 0.19509032201612836 0
    outer loop
      vertex 1.4124287198335954 19.75 8.5
      vertex 1.4340741737109317 19.85881904510252 0
      vertex 1.4124287198335954 19.75 4
    endloop
  endfacet
  facet normal 0 1 0
    outer loop
      vertex 2.4 20.6 7
      vertex 3 20.6 3.9000000000000004
      vertex 2.4 20.6 0
    endloop
  endfacet
  facet normal -0.5555702330196066 0.8314696123025423 0
    outer loop
      vertex 1.7912385709912793 20.393353340291235 8.5
      vertex 1.9 20.46602540378444 0
      vertex 1.7912385709912793 20.393353340291235 0
    endloop
  endfacet
  facet normal -0.44228869021900513 0.8968727415326865 0
    outer loop
      vertex 1.9 20.46602540378444 8.5
      vertex 2.01731656763491 20.523879532511287 0
      vertex 1.9 20.46602540378444 0
    endloop
  endfacet
  facet normal -0.946930129495105 0.32143946530316353 0
    outer loop
      vertex 1.4340741737109317 19.85881904510252 8.5
      vertex 1.4761204674887132 19.98268343236509 0
      vertex 1.4340741737109317 19.85881904510252 0
    endloop
  endfacet
  facet normal -0.6593458151000665 0.7518398074789794 0
    outer loop
      vertex 1.6928932188134524 20.307106781186548 8.5
      vertex 1.7912385709912793 20.393353340291235 0
      vertex 1.6928932188134524 20.307106781186548 0
    endloop
  endfacet
  facet normal -0.7518398074789762 0.6593458151000703 0
    outer loop
      vertex 1.6928932188134524 20.307106781186548 8.5
      vertex 1.6928932188134524 20.307106781186548 0
      vertex 1.6066466597087647 20.20876142900872 0
    endloop
  endfacet
  facet normal -0.8314696123025429 0.5555702330196058 0
    outer loop
      vertex 1.5339745962155613 20.1 8.5
      vertex 1.6066466597087647 20.20876142900872 0
      vertex 1.5339745962155613 20.1 0
    endloop
  endfacet
  facet normal -0.8968727415326911 0.44228869021899564 0
    outer loop
      vertex 1.5339745962155613 20.1 8.5
      vertex 1.5339745962155613 20.1 0
      vertex 1.4761204674887132 19.98268343236509 0
    endloop
  endfacet
  facet normal -0.9807852804032314 0.19509032201612309 0
    outer loop
      vertex 1.4085551386261894 19.73052619222005 4
      vertex 1.4124287198335954 19.75 4
      vertex 1.4085551386261894 19.73052619222005 0
    endloop
  endfacet
  facet normal -0.9978589232386036 0.06540312923014358 1.0460057392305237e-19
    outer loop
      vertex 1.4085551386261894 19.73052619222005 4
      vertex 1.4 19.6 0
      vertex 1.4 19.6 4
    endloop
  endfacet
  facet normal -0.19509032201612297 0.9807852804032314 -1.9349017386566873e-16
    outer loop
      vertex 2.250229879847578 20.5876170061111 7.225
      vertex 2.2694738077799483 20.59144486137381 0
      vertex 2.141180954897479 20.565925826289067 0
    endloop
  endfacet
  facet normal -0.32143946530314976 0.9469301294951098 5.299519204657562e-17
    outer loop
      vertex 2.119322533615849 20.558505892092988 7
      vertex 2.141180954897479 20.565925826289067 0
      vertex 2.01731656763491 20.523879532511287 0
    endloop
  endfacet
  facet normal -0.06540312923016611 0.997858923238602 0
    outer loop
      vertex 2.4 20.6 7
      vertex 2.4 20.6 0
      vertex 2.2694738077799483 20.59144486137381 0
    endloop
  endfacet
  facet normal 0 1 0
    outer loop
      vertex 3 20.6 3.9000000000000004
      vertex 3 20.6 3.0999999999999996
      vertex 2.4 20.6 0
    endloop
  endfacet
  facet normal -1 0 0
    outer loop
      vertex 1.4 19.6 4
      vertex 1.4 16.1 0
      vertex 1.4 16.1 4
    endloop
  endfacet
  facet normal -0.9807852804032307 0.19509032201612758 -2.2568145964663917e-17
    outer loop
      vertex 1.4124287198335954 19.75 4
      vertex 1.4340741737109317 19.85881904510252 0
      vertex 1.4085551386261894 19.73052619222005 0
    endloop
  endfacet
  facet normal -0.9978589232386036 0.06540312923014358 0
    outer loop
      vertex 1.4085551386261894 19.73052619222005 4
      vertex 1.4085551386261894 19.73052619222005 0
      vertex 1.4 19.6 0
    endloop
  endfacet
  facet normal 0 0 -1
    outer loop
      vertex 1.7912385709912793 20.393353340291235 0
      vertex 1.9 20.46602540378444 0
      vertex 2.01731656763491 20.523879532511287 0
    endloop
  endfacet
  facet normal 0 0 -1
    outer loop
      vertex 1.4761204674887132 19.98268343236509 0
      vertex 1.4 19.6 0
      vertex 1.4340741737109317 19.85881904510252 0
    endloop
  endfacet
  facet normal 0 0 -1
    outer loop
      vertex 1.7912385709912793 20.393353340291235 0
      vertex 1.6066466597087647 20.20876142900872 0
      vertex 1.6928932188134524 20.307106781186548 0
    endloop
  endfacet
  facet normal 0 0 -1
    outer loop
      vertex 1.4761204674887132 19.98268343236509 0
      vertex 1.5339745962155613 20.1 0
      vertex 1.6066466597087647 20.20876142900872 0
    endloop
  endfacet
  facet normal 0 0 -1
    outer loop
      vertex 1.7912385709912793 20.393353340291235 0
      vertex 1.4761204674887132 19.98268343236509 0
      vertex 1.6066466597087647 20.20876142900872 0
    endloop
  endfacet
  facet normal 0 0 -1
    outer loop
      vertex 1.7912385709912793 20.393353340291235 0
      vertex 1.4 19.6 0
      vertex 1.4761204674887132 19.98268343236509 0
    endloop
  endfacet
  facet normal 0 0 -1
    outer loop
      vertex 1.4340741737109317 19.85881904510252 0
      vertex 1.4 19.6 0
      vertex 1.4085551386261894 19.73052619222005 0
    endloop
  endfacet
  facet normal 0 0 -1
    outer loop
      vertex 1.7912385709912793 20.393353340291235 0
      vertex 1.6978860205328337 16.1 0
      vertex 1.4 19.6 0
    endloop
  endfacet
  facet normal 0 0 -1
    outer loop
      vertex 1.7912385709912793 20.393353340291235 0
      vertex 2.01731656763491 20.523879532511287 0
      vertex 2.4 20.6 0
    endloop
  endfacet
  facet normal 0 0 -1
    outer loop
      vertex 2.141180954897479 20.565925826289067 0
      vertex 2.4 20.6 0
      vertex 2.01731656763491 20.523879532511287 0
    endloop
  endfacet
  facet normal 0 0 -1
    outer loop
      vertex 2.141180954897479 20.565925826289067 0
      vertex 2.2694738077799483 20.59144486137381 0
      vertex 2.4 20.6 0
    endloop
  endfacet
  facet normal -1 0 0
    outer loop
      vertex 1.4 19.6 4
      vertex 1.4 19.6 0
      vertex 1.4 16.1 0
    endloop
  endfacet
  facet normal 0 0 -1
    outer loop
      vertex 1.4 19.6 0
      vertex 1.6978860205328337 16.1 0
      vertex 1.4 16.1 0
    endloop
  endfacet
  facet normal 0 1 0
    outer loop
      vertex 3 20.6 3.0999999999999996
      vertex 9 20.6 3.0999999999999996
      vertex 2.4 20.6 0
    endloop
  endfacet
  facet normal 0 0 -1
    outer loop
      vertex 1.7912385709912793 20.393353340291235 0
      vertex 1.7912385709912793 1.6066466597087654 0
      vertex 1.6978860205328337 16.1 0
    endloop
  endfacet
  facet normal 0 1 0
    outer loop
      vertex 2.4 20.6 7
      vertex 28 20.6 0
      vertex 9 20.6 3.9000000000000004
    endloop
  endfacet
  facet normal 0 0 -1
    outer loop
      vertex 1.7912385709912793 20.393353340291235 0
      vertex 2.4 20.6 0
      vertex 28.60876142900872 20.393353340291235 0
    endloop
  endfacet
  facet normal 0 1 0
    outer loop
      vertex 2.4 20.6 0
      vertex 9 20.6 3.0999999999999996
      vertex 28 20.6 0
    endloop
  endfacet
  facet normal 0 0 1
    outer loop
      vertex 1.4124287198335956 2.25 8.5
      vertex 1.4761204674887132 2.0173165676349107 8.5
      vertex 1.429836855106949 2.25 8.5
    endloop
  endfacet
  facet normal 0 0 1
    outer loop
      vertex 1.4124287198335956 2.25 8.5
      vertex 1.4340741737109317 2.1411809548974823 8.5
      vertex 1.4761204674887132 2.0173165676349107 8.5
    endloop
  endfacet
  facet normal 0 0 1
    outer loop
      vertex 1.4761204674887132 2.0173165676349107 8.5
      vertex 1.5339745962155613 1.9000000000000021 8.5
      vertex 1.6928932188134524 1.692893218813456 8.5
    endloop
  endfacet
  facet normal 0 0 1
    outer loop
      vertex 1.5339745962155613 1.9000000000000021 8.5
      vertex 1.6066466597087647 1.7912385709912826 8.5
      vertex 1.6928932188134524 1.692893218813456 8.5
    endloop
  endfacet
  facet normal -0.8314696123025428 -0.5555702330196057 -4.561722404511142e-19
    outer loop
      vertex 1.5339745962155613 1.9000000000000021 8.5
      vertex 1.6066466597087647 1.7912385709912826 7
      vertex 1.6066466597087647 1.7912385709912826 8.5
    endloop
  endfacet
  facet normal -0.7518398074789762 -0.6593458151000703 0
    outer loop
      vertex 1.6066466597087647 1.7912385709912826 8.5
      vertex 1.6066466597087647 1.7912385709912826 7
      vertex 1.6928932188134524 1.692893218813456 8.5
    endloop
  endfacet
  facet normal -0.659345815100082 -0.751839807478966 -3.04604576193508e-18
    outer loop
      vertex 1.6928932188134524 1.692893218813456 8.5
      vertex 1.7912385709912793 1.6066466597087654 7
      vertex 1.7912385709912793 1.6066466597087654 8.5
    endloop
  endfacet
  facet normal 0 0 1
    outer loop
      vertex 1.6928932188134524 1.692893218813456 8.5
      vertex 1.7912385709912793 1.6066466597087654 8.5
      vertex 2.01731656763491 1.476120467488716 8.5
    endloop
  endfacet
  facet normal 0 0 1
    outer loop
      vertex 1.7912385709912793 1.6066466597087654 8.5
      vertex 1.9 1.5339745962155646 8.5
      vertex 2.01731656763491 1.476120467488716 8.5
    endloop
  endfacet
  facet normal -0.5555702330195879 -0.8314696123025549 4.383795819509143e-18
    outer loop
      vertex 1.7912385709912793 1.6066466597087654 8.5
      vertex 1.9 1.5339745962155646 7
      vertex 1.9 1.5339745962155646 8.5
    endloop
  endfacet
  facet normal 0 0 1
    outer loop
      vertex 1.550000000000002 2.25 8.5
      vertex 2.4 1.4000000000000021 8.5
      vertex 2.388521494326385 2.25 8.5
    endloop
  endfacet
  facet normal 0 0 1
    outer loop
      vertex 2.01731656763491 1.476120467488716 8.5
      vertex 2.141180954897479 1.4340741737109326 8.5
      vertex 2.4 1.4000000000000021 8.5
    endloop
  endfacet
  facet normal 0 0 1
    outer loop
      vertex 2.141180954897479 1.4340741737109326 8.5
      vertex 2.2694738077799483 1.4085551386261912 8.5
      vertex 2.4 1.4000000000000021 8.5
    endloop
  endfacet
  facet normal -0.44228869021900513 -0.8968727415326865 1.5804939232456437e-18
    outer loop
      vertex 1.9 1.5339745962155646 8.5
      vertex 2.01731656763491 1.476120467488716 7
      vertex 2.01731656763491 1.476120467488716 8.5
    endloop
  endfacet
  facet normal -0.3214394653031741 -0.9469301294951014 1.72031796750414e-18
    outer loop
      vertex 2.01731656763491 1.476120467488716 8.5
      vertex 2.141180954897479 1.4340741737109326 7
      vertex 2.141180954897479 1.4340741737109326 8.5
    endloop
  endfacet
  facet normal -0.19509032201612297 -0.9807852804032315 0
    outer loop
      vertex 2.141180954897479 1.4340741737109326 8.5
      vertex 2.141180954897479 1.4340741737109326 7
      vertex 2.2694738077799483 1.4085551386261912 8.5
    endloop
  endfacet
  facet normal -0.9807852804032297 -0.19509032201613258 0
    outer loop
      vertex 1.4124287198335956 2.25 8.5
      vertex 1.4124287198335956 2.25 4
      vertex 1.4340741737109317 2.1411809548974823 8.5
    endloop
  endfacet
  facet normal -0.9469301294951078 -0.3214394653031552 0
    outer loop
      vertex 1.4340741737109317 2.1411809548974823 8.5
      vertex 1.4340741737109317 2.1411809548974823 0
      vertex 1.4761204674887132 2.0173165676349107 8.5
    endloop
  endfacet
  facet normal -0.8968727415326858 -0.4422886902190064 0
    outer loop
      vertex 1.4761204674887132 2.0173165676349107 8.5
      vertex 1.4761204674887132 2.0173165676349107 0
      vertex 1.5339745962155613 1.9000000000000021 8.5
    endloop
  endfacet
  facet normal -0.06540312923013908 -0.9978589232386038 0
    outer loop
      vertex 2.2694738077799483 1.4085551386261912 8.5
      vertex 2.2694738077799483 1.4085551386261912 0
      vertex 2.4 1.4000000000000021 8.5
    endloop
  endfacet
  facet normal -0.8968727415326858 -0.4422886902190064 0
    outer loop
      vertex 1.5339745962155613 1.9000000000000021 8.5
      vertex 1.4761204674887132 2.0173165676349107 0
      vertex 1.5339745962155613 1.9000000000000021 7
    endloop
  endfacet
  facet normal -0.7518398074789762 -0.6593458151000703 6.473574765483315e-19
    outer loop
      vertex 1.6928932188134524 1.692893218813456 8.5
      vertex 1.6066466597087647 1.7912385709912826 7
      vertex 1.6066466597087647 1.7912385709912826 0
    endloop
  endfacet
  facet normal -0.659345815100082 -0.751839807478966 -6.527240918432315e-19
    outer loop
      vertex 1.6928932188134524 1.692893218813456 8.5
      vertex 1.7912385709912793 1.6066466597087654 0
      vertex 1.7912385709912793 1.6066466597087654 7
    endloop
  endfacet
  facet normal -0.44228869021900513 -0.8968727415326865 0
    outer loop
      vertex 1.9 1.5339745962155646 8.5
      vertex 1.9 1.5339745962155646 7
      vertex 2.01731656763491 1.476120467488716 0
    endloop
  endfacet
  facet normal -0.8314696123025428 -0.5555702330196058 0
    outer loop
      vertex 1.5339745962155613 1.9000000000000021 7
      vertex 1.5339745962155613 1.9000000000000021 0
      vertex 1.6066466597087647 1.7912385709912826 7
    endloop
  endfacet
  facet normal -0.5555702330195877 -0.8314696123025548 0
    outer loop
      vertex 1.7912385709912793 1.6066466597087654 7
      vertex 1.7912385709912793 1.6066466597087654 0
      vertex 1.9 1.5339745962155646 7
    endloop
  endfacet
  facet normal -0.4422886902190051 -0.8968727415326864 3.3867726926692363e-19
    outer loop
      vertex 1.9 1.5339745962155646 8.5
      vertex 2.01731656763491 1.476120467488716 0
      vertex 2.01731656763491 1.476120467488716 7
    endloop
  endfacet
  facet normal -0.19509032201612297 -0.9807852804032314 -4.621463537037808e-21
    outer loop
      vertex 2.2694738077799483 1.4085551386261912 8.5
      vertex 2.141180954897479 1.4340741737109326 7
      vertex 2.141180954897479 1.4340741737109326 0
    endloop
  endfacet
  facet normal -0.06540312923013908 -0.9978589232386038 0
    outer loop
      vertex 2.4 1.4000000000000021 8.5
      vertex 2.2694738077799483 1.4085551386261912 0
      vertex 2.4 1.4000000000000021 7
    endloop
  endfacet
  facet normal -0.3214394653031741 -0.9469301294951014 0
    outer loop
      vertex 2.01731656763491 1.476120467488716 7
      vertex 2.01731656763491 1.476120467488716 0
      vertex 2.141180954897479 1.4340741737109326 7
    endloop
  endfacet
  facet normal 0 -1 0
    outer loop
      vertex 2.4 1.4000000000000021 7
      vertex 3 1.4000000000000021 3.9000000000000004
      vertex 9 1.4000000000000021 3.899999999999946
    endloop
  endfacet
  facet normal 0 -1 0
    outer loop
      vertex 2.4 1.4000000000000021 7
      vertex 9 1.4000000000000021 3.899999999999946
      vertex 27.5 1.4000000000000021 7
    endloop
  endfacet
  facet normal 0 0 -1
    outer loop
      vertex 1.6978860205328337 16.1 0
      vertex 1.7912385709912793 1.6066466597087654 0
      vertex 1.476102268019337 5.899999999999999 0
    endloop
  endfacet
  facet normal -1 0 0
    outer loop
      vertex 1.4 5.899999999999999 4
      vertex 1.4 2.400000000000002 0
      vertex 1.4 2.400000000000002 4
    endloop
  endfacet
  facet normal -0.9807852804032297 -0.19509032201613258 0
    outer loop
      vertex 1.4340741737109317 2.1411809548974823 8.5
      vertex 1.4124287198335956 2.25 4
      vertex 1.4340741737109317 2.1411809548974823 0
    endloop
  endfacet
  facet normal 0 -1 0
    outer loop
      vertex 2.4 1.4000000000000021 7
      vertex 2.4 1.4000000000000021 0
      vertex 3 1.4000000000000021 3.9000000000000004
    endloop
  endfacet
  facet normal -0.9978589232386035 -0.06540312923014178 -1.7397262104662413e-19
    outer loop
      vertex 1.4 2.400000000000002 4
      vertex 1.4085551386261894 2.2694738077799492 0
      vertex 1.4085551386261894 2.2694738077799492 4
    endloop
  endfacet
  facet normal -0.9469301294951078 -0.3214394653031552 0
    outer loop
      vertex 1.4761204674887132 2.0173165676349107 8.5
      vertex 1.4340741737109317 2.1411809548974823 0
      vertex 1.4761204674887132 2.0173165676349107 0
    endloop
  endfacet
  facet normal -0.9807852804032293 -0.19509032201613385 3.667699173817158e-17
    outer loop
      vertex 1.4085551386261894 2.2694738077799492 4
      vertex 1.4340741737109317 2.1411809548974823 0
      vertex 1.4124287198335956 2.25 4
    endloop
  endfacet
  facet normal -0.7518398074789762 -0.6593458151000703 0
    outer loop
      vertex 1.6928932188134524 1.692893218813456 8.5
      vertex 1.6066466597087647 1.7912385709912826 0
      vertex 1.6928932188134524 1.692893218813456 0
    endloop
  endfacet
  facet normal -0.659345815100082 -0.751839807478966 0
    outer loop
      vertex 1.6928932188134524 1.692893218813456 8.5
      vertex 1.6928932188134524 1.692893218813456 0
      vertex 1.7912385709912793 1.6066466597087654 0
    endloop
  endfacet
  facet normal -0.8968727415326858 -0.4422886902190064 0
    outer loop
      vertex 1.5339745962155613 1.9000000000000021 7
      vertex 1.4761204674887132 2.0173165676349107 0
      vertex 1.5339745962155613 1.9000000000000021 0
    endloop
  endfacet
  facet normal -0.8314696123025428 -0.5555702330196058 0
    outer loop
      vertex 1.6066466597087647 1.7912385709912826 7
      vertex 1.5339745962155613 1.9000000000000021 0
      vertex 1.6066466597087647 1.7912385709912826 0
    endloop
  endfacet
  facet normal -0.5555702330195877 -0.8314696123025548 0
    outer loop
      vertex 1.9 1.5339745962155646 7
      vertex 1.7912385709912793 1.6066466597087654 0
      vertex 1.9 1.5339745962155646 0
    endloop
  endfacet
  facet normal -0.4422886902190051 -0.8968727415326864 0
    outer loop
      vertex 1.9 1.5339745962155646 7
      vertex 1.9 1.5339745962155646 0
      vertex 2.01731656763491 1.476120467488716 0
    endloop
  endfacet
  facet normal -0.19509032201612295 -0.9807852804032314 0
    outer loop
      vertex 2.2694738077799483 1.4085551386261912 8.5
      vertex 2.141180954897479 1.4340741737109326 0
      vertex 2.2694738077799483 1.4085551386261912 0
    endloop
  endfacet
  facet normal -0.3214394653031741 -0.9469301294951014 0
    outer loop
      vertex 2.141180954897479 1.4340741737109326 7
      vertex 2.01731656763491 1.476120467488716 0
      vertex 2.141180954897479 1.4340741737109326 0
    endloop
  endfacet
  facet normal -0.06540312923013908 -0.9978589232386038 0
    outer loop
      vertex 2.4 1.4000000000000021 7
      vertex 2.2694738077799483 1.4085551386261912 0
      vertex 2.4 1.4000000000000021 0
    endloop
  endfacet
  facet normal 0 -1 0
    outer loop
      vertex 3 1.4000000000000021 3.9000000000000004
      vertex 2.4 1.4000000000000021 0
      vertex 3 1.4000000000000021 3.0999999999999996
    endloop
  endfacet
  facet normal -1 0 0
    outer loop
      vertex 1.4 5.899999999999999 4
      vertex 1.4 5.899999999999999 0
      vertex 1.4 2.400000000000002 0
    endloop
  endfacet
  facet normal 0 0 -1
    outer loop
      vertex 1.4 5.899999999999999 0
      vertex 1.476102268019337 5.899999999999999 0
      vertex 1.4 2.400000000000002 0
    endloop
  endfacet
  facet normal -0.9978589232386035 -0.06540312923014178 0
    outer loop
      vertex 1.4 2.400000000000002 4
      vertex 1.4 2.400000000000002 0
      vertex 1.4085551386261894 2.2694738077799492 0
    endloop
  endfacet
  facet normal -0.9807852804032295 -0.19509032201613274 0
    outer loop
      vertex 1.4085551386261894 2.2694738077799492 4
      vertex 1.4085551386261894 2.2694738077799492 0
      vertex 1.4340741737109317 2.1411809548974823 0
    endloop
  endfacet
  facet normal 0 0 -1
    outer loop
      vertex 1.476102268019337 5.899999999999999 0
      vertex 1.7912385709912793 1.6066466597087654 0
      vertex 1.4 2.400000000000002 0
    endloop
  endfacet
  facet normal 0 0 -1
    outer loop
      vertex 1.4 2.400000000000002 0
      vertex 1.4761204674887132 2.0173165676349107 0
      vertex 1.4085551386261894 2.2694738077799492 0
    endloop
  endfacet
  facet normal 0 0 -1
    outer loop
      vertex 1.4085551386261894 2.2694738077799492 0
      vertex 1.4761204674887132 2.0173165676349107 0
      vertex 1.4340741737109317 2.1411809548974823 0
    endloop
  endfacet
  facet normal 0 0 -1
    outer loop
      vertex 1.4 2.400000000000002 0
      vertex 1.7912385709912793 1.6066466597087654 0
      vertex 1.4761204674887132 2.0173165676349107 0
    endloop
  endfacet
  facet normal 0 0 -1
    outer loop
      vertex 1.4761204674887132 2.0173165676349107 0
      vertex 1.6066466597087647 1.7912385709912826 0
      vertex 1.5339745962155613 1.9000000000000021 0
    endloop
  endfacet
  facet normal 0 0 -1
    outer loop
      vertex 1.4761204674887132 2.0173165676349107 0
      vertex 1.7912385709912793 1.6066466597087654 0
      vertex 1.6066466597087647 1.7912385709912826 0
    endloop
  endfacet
  facet normal 0 0 -1
    outer loop
      vertex 1.6066466597087647 1.7912385709912826 0
      vertex 1.7912385709912793 1.6066466597087654 0
      vertex 1.6928932188134524 1.692893218813456 0
    endloop
  endfacet
  facet normal 0 0 -1
    outer loop
      vertex 1.7912385709912793 1.6066466597087654 0
      vertex 2.01731656763491 1.476120467488716 0
      vertex 1.9 1.5339745962155646 0
    endloop
  endfacet
  facet normal 0 0 -1
    outer loop
      vertex 1.7912385709912793 1.6066466597087654 0
      vertex 2.141180954897479 1.4340741737109326 0
      vertex 2.01731656763491 1.476120467488716 0
    endloop
  endfacet
  facet normal 0 0 -1
    outer loop
      vertex 1.7912385709912793 1.6066466597087654 0
      vertex 2.4 1.4000000000000021 0
      vertex 2.141180954897479 1.4340741737109326 0
    endloop
  endfacet
  facet normal 0 0 -1
    outer loop
      vertex 2.141180954897479 1.4340741737109326 0
      vertex 2.4 1.4000000000000021 0
      vertex 2.2694738077799483 1.4085551386261912 0
    endloop
  endfacet
  facet normal 0 -1 0
    outer loop
      vertex 3 1.4000000000000021 3.0999999999999996
      vertex 2.4 1.4000000000000021 0
      vertex 9 1.4000000000000021 3.0999999999999996
    endloop
  endfacet
  facet normal 0 0 -1
    outer loop
      vertex 1.7912385709912793 20.393353340291235 0
      vertex 28.60876142900872 1.6066466597087654 0
      vertex 1.7912385709912793 1.6066466597087654 0
    endloop
  endfacet
  facet normal 0 -1 0
    outer loop
      vertex 2.4 1.4000000000000021 0
      vertex 27.5 1.4000000000000021 6.9
      vertex 9 1.4000000000000021 3.0999999999999996
    endloop
  endfacet
  facet normal 0 0 -1
    outer loop
      vertex 1.7912385709912793 1.6066466597087654 0
      vertex 28.60876142900872 1.6066466597087654 0
      vertex 2.4 1.4000000000000021 0
    endloop
  endfacet
  facet normal 0 0 1
    outer loop
      vertex 2.143650158461316 20.38307771966785 8.5
      vertex 27.5 20.267820554152934 8.5
      vertex 17.23060911839355 20.393353340291235 8.5
    endloop
  endfacet
  facet normal 0 0 1
    outer loop
      vertex 6.721588797704294 20.565925826289067 8.5
      vertex 27.5 20.565925826289067 8.5
      vertex 27.5 20.589752290172207 8.5
    endloop
  endfacet
  facet normal 0 1 0
    outer loop
      vertex 2.4 20.6 7
      vertex 27.5 20.6 7
      vertex 21 20.6 3.9000000000000004
    endloop
  endfacet
  facet normal 0 1 0
    outer loop
      vertex 2.4 20.6 7
      vertex 21 20.6 3.9000000000000004
      vertex 21 20.6 3.0999999999999996
    endloop
  endfacet
  facet normal 0 0 1
    outer loop
      vertex 17.23060911839355 20.393353340291235 8.5
      vertex 27.5 20.267820554152934 8.5
      vertex 27.5 20.27590592645155 8.5
    endloop
  endfacet
  facet normal 0 1 0
    outer loop
      vertex 21 20.6 3.9000000000000004
      vertex 27.5 20.6 7
      vertex 27.5 20.6 6.9
    endloop
  endfacet
  facet normal 0 1 0
    outer loop
      vertex 21 20.6 3.9000000000000004
      vertex 28 20.6 6.9
      vertex 27 20.6 3.9000000000000004
    endloop
  endfacet
  facet normal 0 1 0
    outer loop
      vertex 21 20.6 3.9000000000000004
      vertex 27.5 20.6 6.9
      vertex 28 20.6 6.9
    endloop
  endfacet
  facet normal 0.06540312923016546 0.997858923238602 0
    outer loop
      vertex 28 20.6 0
      vertex 28 20.6 6.9
      vertex 28.130526192220053 20.59144486137381 6.9
    endloop
  endfacet
  facet normal 0.19509032201612625 0.9807852804032309 0
    outer loop
      vertex 28.130526192220053 20.59144486137381 0
      vertex 28.130526192220053 20.59144486137381 6.9
      vertex 28.25881904510252 20.565925826289067 6.9
    endloop
  endfacet
  facet normal 0.32143946530314454 0.9469301294951115 0
    outer loop
      vertex 28.25881904510252 20.565925826289067 0
      vertex 28.25881904510252 20.565925826289067 6.9
      vertex 28.38268343236509 20.523879532511287 6.9
    endloop
  endfacet
  facet normal 0.44228869021900913 0.8968727415326845 0
    outer loop
      vertex 28.38268343236509 20.523879532511287 0
      vertex 28.38268343236509 20.523879532511287 6.9
      vertex 28.5 20.46602540378444 6.9
    endloop
  endfacet
  facet normal 0.5555702330196105 0.8314696123025397 0
    outer loop
      vertex 28.5 20.46602540378444 0
      vertex 28.5 20.46602540378444 6.9
      vertex 28.60876142900872 20.393353340291235 6.9
    endloop
  endfacet
  facet normal 0.6593458151000674 0.7518398074789786 0
    outer loop
      vertex 28.60876142900872 20.393353340291235 0
      vertex 28.60876142900872 20.393353340291235 6.9
      vertex 28.707106781186546 20.307106781186548 6.9
    endloop
  endfacet
  facet normal 0.7518398074789652 0.6593458151000828 0
    outer loop
      vertex 28.707106781186546 20.307106781186548 0
      vertex 28.707106781186546 20.307106781186548 6.9
      vertex 28.793353340291237 20.20876142900872 6.9
    endloop
  endfacet
  facet normal 0.8314696123025523 0.5555702330195917 0
    outer loop
      vertex 28.793353340291237 20.20876142900872 0
      vertex 28.793353340291237 20.20876142900872 6.9
      vertex 28.866025403784437 20.1 6.9
    endloop
  endfacet
  facet normal 0.8968727415326898 0.44228869021899836 0
    outer loop
      vertex 28.866025403784437 20.1 0
      vertex 28.866025403784437 20.1 6.9
      vertex 28.923879532511286 19.98268343236509 6.9
    endloop
  endfacet
  facet normal 0.9469301294951004 0.3214394653031772 0
    outer loop
      vertex 28.923879532511286 19.98268343236509 0
      vertex 28.923879532511286 19.98268343236509 6.9
      vertex 28.96592582628907 19.85881904510252 6.9
    endloop
  endfacet
  facet normal 0.9807852804032319 0.19509032201612103 0
    outer loop
      vertex 28.96592582628907 19.85881904510252 0
      vertex 28.96592582628907 19.85881904510252 6.9
      vertex 28.99144486137381 19.73052619222005 6.9
    endloop
  endfacet
  facet normal 0.9978589232386037 0.06540312923014018 0
    outer loop
      vertex 28.99144486137381 19.73052619222005 0
      vertex 28.99144486137381 19.73052619222005 6.9
      vertex 29 19.6 6.9
    endloop
  endfacet
  facet normal 1 0 0
    outer loop
      vertex 29 19.6 0
      vertex 29 19.6 6.9
      vertex 29 2.400000000000002 6.9
    endloop
  endfacet
  facet normal 0 1 0
    outer loop
      vertex 2.4 20.6 7
      vertex 21 20.6 3.0999999999999996
      vertex 28 20.6 0
    endloop
  endfacet
  facet normal 0 1 0
    outer loop
      vertex 9 20.6 3.9000000000000004
      vertex 28 20.6 0
      vertex 9 20.6 3.0999999999999996
    endloop
  endfacet
  facet normal 0 0 -1
    outer loop
      vertex 2.4 20.6 0
      vertex 28 20.6 0
      vertex 28.60876142900872 20.393353340291235 0
    endloop
  endfacet
  facet normal 0 0 -1
    outer loop
      vertex 1.7912385709912793 20.393353340291235 0
      vertex 28.60876142900872 20.393353340291235 0
      vertex 28.60876142900872 1.6066466597087654 0
    endloop
  endfacet
  facet normal 0 1 0
    outer loop
      vertex 27 20.6 3.9000000000000004
      vertex 28 20.6 6.9
      vertex 28 20.6 0
    endloop
  endfacet
  facet normal 0 1 0
    outer loop
      vertex 27 20.6 3.9000000000000004
      vertex 28 20.6 0
      vertex 27 20.6 3.0999999999999996
    endloop
  endfacet
  facet normal 0.06540312923016546 0.997858923238602 8.57021151296919e-20
    outer loop
      vertex 28 20.6 0
      vertex 28.130526192220053 20.59144486137381 6.9
      vertex 28.130526192220053 20.59144486137381 0
    endloop
  endfacet
  facet normal 0.19509032201612625 0.9807852804032309 -1.692788061130629e-19
    outer loop
      vertex 28.130526192220053 20.59144486137381 0
      vertex 28.25881904510252 20.565925826289067 6.9
      vertex 28.25881904510252 20.565925826289067 0
    endloop
  endfacet
  facet normal 0.32143946530314454 0.9469301294951115 9.531009101965264e-20
    outer loop
      vertex 28.25881904510252 20.565925826289067 0
      vertex 28.38268343236509 20.523879532511287 6.9
      vertex 28.38268343236509 20.523879532511287 0
    endloop
  endfacet
  facet normal 0.44228869021900913 0.8968727415326845 2.1283385596566132e-19
    outer loop
      vertex 28.38268343236509 20.523879532511287 0
      vertex 28.5 20.46602540378444 6.9
      vertex 28.5 20.46602540378444 0
    endloop
  endfacet
  facet normal 0.5555702330196105 0.8314696123025397 5.046242144792929e-19
    outer loop
      vertex 28.5 20.46602540378444 0
      vertex 28.60876142900872 20.393353340291235 6.9
      vertex 28.60876142900872 20.393353340291235 0
    endloop
  endfacet
  facet normal 0.6593458151000674 0.7518398074789786 2.043307257030874e-19
    outer loop
      vertex 28.60876142900872 20.393353340291235 0
      vertex 28.707106781186546 20.307106781186548 6.9
      vertex 28.707106781186546 20.307106781186548 0
    endloop
  endfacet
  facet normal 0.7518398074789652 0.6593458151000828 -5.8615050643654185e-19
    outer loop
      vertex 28.707106781186546 20.307106781186548 0
      vertex 28.793353340291237 20.20876142900872 6.9
      vertex 28.793353340291237 20.20876142900872 0
    endloop
  endfacet
  facet normal 0.8314696123025523 0.5555702330195917 1.1452560838921267e-20
    outer loop
      vertex 28.793353340291237 20.20876142900872 0
      vertex 28.866025403784437 20.1 6.9
      vertex 28.866025403784437 20.1 0
    endloop
  endfacet
  facet normal 0.8968727415326898 0.44228869021899836 2.411724817402958e-19
    outer loop
      vertex 28.866025403784437 20.1 0
      vertex 28.923879532511286 19.98268343236509 6.9
      vertex 28.923879532511286 19.98268343236509 0
    endloop
  endfacet
  facet normal 0.9469301294951004 0.3214394653031772 -2.665108875928146e-20
    outer loop
      vertex 28.923879532511286 19.98268343236509 0
      vertex 28.96592582628907 19.85881904510252 6.9
      vertex 28.96592582628907 19.85881904510252 0
    endloop
  endfacet
  facet normal 0.9807852804032319 0.19509032201612103 -1.9423373002017767e-19
    outer loop
      vertex 28.96592582628907 19.85881904510252 0
      vertex 28.99144486137381 19.73052619222005 6.9
      vertex 28.99144486137381 19.73052619222005 0
    endloop
  endfacet
  facet normal 0.9978589232386037 0.06540312923014018 1.5675266222981124e-20
    outer loop
      vertex 28.99144486137381 19.73052619222005 0
      vertex 29 19.6 6.9
      vertex 29 19.6 0
    endloop
  endfacet
  facet normal 0 1 0
    outer loop
      vertex 21 20.6 3.0999999999999996
      vertex 27 20.6 3.0999999999999996
      vertex 28 20.6 0
    endloop
  endfacet
  facet normal 0 0 -1
    outer loop
      vertex 28 20.6 0
      vertex 28.130526192220053 20.59144486137381 0
      vertex 28.25881904510252 20.565925826289067 0
    endloop
  endfacet
  facet normal 0 0 -1
    outer loop
      vertex 28 20.6 0
      vertex 28.25881904510252 20.565925826289067 0
      vertex 28.60876142900872 20.393353340291235 0
    endloop
  endfacet
  facet normal 0 0 -1
    outer loop
      vertex 28.25881904510252 20.565925826289067 0
      vertex 28.38268343236509 20.523879532511287 0
      vertex 28.60876142900872 20.393353340291235 0
    endloop
  endfacet
  facet normal 0 0 -1
    outer loop
      vertex 28.38268343236509 20.523879532511287 0
      vertex 28.5 20.46602540378444 0
      vertex 28.60876142900872 20.393353340291235 0
    endloop
  endfacet
  facet normal 0 0 -1
    outer loop
      vertex 28.60876142900872 20.393353340291235 0
      vertex 28.707106781186546 20.307106781186548 0
      vertex 28.793353340291237 20.20876142900872 0
    endloop
  endfacet
  facet normal 0 0 -1
    outer loop
      vertex 28.60876142900872 20.393353340291235 0
      vertex 28.793353340291237 20.20876142900872 0
      vertex 28.866025403784437 20.1 0
    endloop
  endfacet
  facet normal 0 0 -1
    outer loop
      vertex 28.60876142900872 20.393353340291235 0
      vertex 28.866025403784437 20.1 0
      vertex 29 19.6 0
    endloop
  endfacet
  facet normal 0 0 -1
    outer loop
      vertex 28.866025403784437 20.1 0
      vertex 28.923879532511286 19.98268343236509 0
      vertex 28.96592582628907 19.85881904510252 0
    endloop
  endfacet
  facet normal 0 0 -1
    outer loop
      vertex 28.866025403784437 20.1 0
      vertex 28.96592582628907 19.85881904510252 0
      vertex 29 19.6 0
    endloop
  endfacet
  facet normal 0 0 -1
    outer loop
      vertex 28.96592582628907 19.85881904510252 0
      vertex 28.99144486137381 19.73052619222005 0
      vertex 29 19.6 0
    endloop
  endfacet
  facet normal 0 0 -1
    outer loop
      vertex 28.60876142900872 20.393353340291235 0
      vertex 29 19.6 0
      vertex 28.60876142900872 1.6066466597087654 0
    endloop
  endfacet
  facet normal 0 -1 0
    outer loop
      vertex 9 1.4000000000000021 3.899999999999946
      vertex 9 1.4000000000000021 3.0999999999999996
      vertex 27.5 1.4000000000000021 6.9
    endloop
  endfacet
  facet normal 0 -1 0
    outer loop
      vertex 9 1.4000000000000021 3.899999999999946
      vertex 27.5 1.4000000000000021 6.9
      vertex 27.5 1.4000000000000021 7
    endloop
  endfacet
  facet normal 0 -1 0
    outer loop
      vertex 21 1.4000000000000021 3.9000000000000004
      vertex 27 1.4000000000000021 3.899999999999946
      vertex 27.5 1.4000000000000021 6.9
    endloop
  endfacet
  facet normal 0 -1 0
    outer loop
      vertex 27 1.4000000000000021 3.0999999999999996
      vertex 28 1.4000000000000021 6.9
      vertex 27.5 1.4000000000000021 6.9
    endloop
  endfacet
  facet normal 0 -1 0
    outer loop
      vertex 27 1.4000000000000021 3.899999999999946
      vertex 27 1.4000000000000021 3.0999999999999996
      vertex 27.5 1.4000000000000021 6.9
    endloop
  endfacet
  facet normal 0.9978589232386038 -0.06540312923013841 0
    outer loop
      vertex 29 2.400000000000002 0
      vertex 29 2.400000000000002 6.9
      vertex 28.99144486137381 2.2694738077799492 6.9
    endloop
  endfacet
  facet normal 0.06540312923013841 -0.9978589232386038 0
    outer loop
      vertex 28.130526192220053 1.4085551386261912 0
      vertex 28.130526192220053 1.4085551386261912 6.9
      vertex 28 1.4000000000000021 6.9
    endloop
  endfacet
  facet normal 0.9807852804032309 -0.19509032201612625 0
    outer loop
      vertex 28.99144486137381 2.2694738077799492 0
      vertex 28.99144486137381 2.2694738077799492 6.9
      vertex 28.96592582628907 2.1411809548974823 6.9
    endloop
  endfacet
  facet normal 0.9469301294951031 -0.3214394653031689 0
    outer loop
      vertex 28.96592582628907 2.1411809548974823 0
      vertex 28.96592582628907 2.1411809548974823 6.9
      vertex 28.923879532511286 2.0173165676349107 6.9
    endloop
  endfacet
  facet normal 0.8968727415326845 -0.44228869021900913 0
    outer loop
      vertex 28.923879532511286 2.0173165676349107 0
      vertex 28.923879532511286 2.0173165676349107 6.9
      vertex 28.866025403784437 1.9000000000000021 6.9
    endloop
  endfacet
  facet normal 0.7518398074789652 -0.6593458151000828 0
    outer loop
      vertex 28.793353340291237 1.7912385709912826 0
      vertex 28.793353340291237 1.7912385709912826 6.9
      vertex 28.707106781186546 1.692893218813456 6.9
    endloop
  endfacet
  facet normal 0.6593458151000828 -0.7518398074789652 0
    outer loop
      vertex 28.707106781186546 1.692893218813456 0
      vertex 28.707106781186546 1.692893218813456 6.9
      vertex 28.60876142900872 1.6066466597087654 6.9
    endloop
  endfacet
  facet normal 0.8314696123025523 -0.5555702330195917 0
    outer loop
      vertex 28.866025403784437 1.9000000000000021 0
      vertex 28.866025403784437 1.9000000000000021 6.9
      vertex 28.793353340291237 1.7912385709912826 6.9
    endloop
  endfacet
  facet normal 0.19509032201612625 -0.9807852804032309 0
    outer loop
      vertex 28.25881904510252 1.4340741737109326 0
      vertex 28.25881904510252 1.4340741737109326 6.9
      vertex 28.130526192220053 1.4085551386261912 6.9
    endloop
  endfacet
  facet normal 0.44228869021900913 -0.8968727415326845 0
    outer loop
      vertex 28.5 1.5339745962155646 0
      vertex 28.5 1.5339745962155646 6.9
      vertex 28.38268343236509 1.476120467488716 6.9
    endloop
  endfacet
  facet normal 0.3214394653031689 -0.9469301294951031 0
    outer loop
      vertex 28.38268343236509 1.476120467488716 0
      vertex 28.38268343236509 1.476120467488716 6.9
      vertex 28.25881904510252 1.4340741737109326 6.9
    endloop
  endfacet
  facet normal 0.5555702330195917 -0.8314696123025523 0
    outer loop
      vertex 28.60876142900872 1.6066466597087654 0
      vertex 28.60876142900872 1.6066466597087654 6.9
      vertex 28.5 1.5339745962155646 6.9
    endloop
  endfacet
  facet normal 0 -1 0
    outer loop
      vertex 2.4 1.4000000000000021 0
      vertex 21 1.4000000000000021 3.9000000000000004
      vertex 27.5 1.4000000000000021 6.9
    endloop
  endfacet
  facet normal 0 -1 0
    outer loop
      vertex 2.4 1.4000000000000021 0
      vertex 21 1.4000000000000021 3.0999999999999996
      vertex 21 1.4000000000000021 3.9000000000000004
    endloop
  endfacet
  facet normal 0 -1 0
    outer loop
      vertex 2.4 1.4000000000000021 0
      vertex 28 1.4000000000000021 0
      vertex 21 1.4000000000000021 3.0999999999999996
    endloop
  endfacet
  facet normal 0 0 -1
    outer loop
      vertex 2.4 1.4000000000000021 0
      vertex 28.60876142900872 1.6066466597087654 0
      vertex 28 1.4000000000000021 0
    endloop
  endfacet
  facet normal 1 0 0
    outer loop
      vertex 29 19.6 0
      vertex 29 2.400000000000002 6.9
      vertex 29 2.400000000000002 0
    endloop
  endfacet
  facet normal 0 0 -1
    outer loop
      vertex 29 19.6 0
      vertex 29 2.400000000000002 0
      vertex 28.60876142900872 1.6066466597087654 0
    endloop
  endfacet
  facet normal 0 -1 0
    outer loop
      vertex 27 1.4000000000000021 3.0999999999999996
      vertex 28 1.4000000000000021 0
      vertex 28 1.4000000000000021 6.9
    endloop
  endfacet
  facet normal 0.9978589232386038 -0.06540312923013841 2.454041326719859e-20
    outer loop
      vertex 29 2.400000000000002 0
      vertex 28.99144486137381 2.2694738077799492 6.9
      vertex 28.99144486137381 2.2694738077799492 0
    endloop
  endfacet
  facet normal 0.06540312923013841 -0.9978589232386038 0
    outer loop
      vertex 28 1.4000000000000021 0
      vertex 28.130526192220053 1.4085551386261912 0
      vertex 28 1.4000000000000021 6.9
    endloop
  endfacet
  facet normal 0.9807852804032309 -0.19509032201612625 1.692788061130629e-19
    outer loop
      vertex 28.99144486137381 2.2694738077799492 0
      vertex 28.96592582628907 2.1411809548974823 6.9
      vertex 28.96592582628907 2.1411809548974823 0
    endloop
  endfacet
  facet normal 0.8968727415326845 -0.44228869021900913 -2.1283385596566132e-19
    outer loop
      vertex 28.923879532511286 2.0173165676349107 0
      vertex 28.866025403784437 1.9000000000000021 6.9
      vertex 28.866025403784437 1.9000000000000021 0
    endloop
  endfacet
  facet normal 0.9469301294951031 -0.3214394653031689 2.3962688561294446e-19
    outer loop
      vertex 28.96592582628907 2.1411809548974823 0
      vertex 28.923879532511286 2.0173165676349107 6.9
      vertex 28.923879532511286 2.0173165676349107 0
    endloop
  endfacet
  facet normal 0.6593458151000828 -0.7518398074789652 5.8615050643654185e-19
    outer loop
      vertex 28.707106781186546 1.692893218813456 0
      vertex 28.60876142900872 1.6066466597087654 6.9
      vertex 28.60876142900872 1.6066466597087654 0
    endloop
  endfacet
  facet normal 0.7518398074789652 -0.6593458151000828 0
    outer loop
      vertex 28.707106781186546 1.692893218813456 0
      vertex 28.793353340291237 1.7912385709912826 0
      vertex 28.707106781186546 1.692893218813456 6.9
    endloop
  endfacet
  facet normal 0.8314696123025523 -0.5555702330195917 -1.1452560838921267e-20
    outer loop
      vertex 28.866025403784437 1.9000000000000021 0
      vertex 28.793353340291237 1.7912385709912826 6.9
      vertex 28.793353340291237 1.7912385709912826 0
    endloop
  endfacet
  facet normal 0.19509032201612625 -0.9807852804032309 0
    outer loop
      vertex 28.130526192220053 1.4085551386261912 0
      vertex 28.25881904510252 1.4340741737109326 0
      vertex 28.130526192220053 1.4085551386261912 6.9
    endloop
  endfacet
  facet normal 0.3214394653031689 -0.9469301294951031 0
    outer loop
      vertex 28.25881904510252 1.4340741737109326 0
      vertex 28.38268343236509 1.476120467488716 0
      vertex 28.25881904510252 1.4340741737109326 6.9
    endloop
  endfacet
  facet normal 0.44228869021900913 -0.8968727415326845 0
    outer loop
      vertex 28.38268343236509 1.476120467488716 0
      vertex 28.5 1.5339745962155646 0
      vertex 28.38268343236509 1.476120467488716 6.9
    endloop
  endfacet
  facet normal 0.5555702330195917 -0.8314696123025523 0
    outer loop
      vertex 28.5 1.5339745962155646 0
      vertex 28.60876142900872 1.6066466597087654 0
      vertex 28.5 1.5339745962155646 6.9
    endloop
  endfacet
  facet normal 0 -1 0
    outer loop
      vertex 21 1.4000000000000021 3.0999999999999996
      vertex 28 1.4000000000000021 0
      vertex 27 1.4000000000000021 3.0999999999999996
    endloop
  endfacet
  facet normal 0 0 -1
    outer loop
      vertex 28.99144486137381 2.2694738077799492 0
      vertex 28.96592582628907 2.1411809548974823 0
      vertex 28.923879532511286 2.0173165676349107 0
    endloop
  endfacet
  facet normal 0 0 -1
    outer loop
      vertex 29 2.400000000000002 0
      vertex 28.99144486137381 2.2694738077799492 0
      vertex 28.60876142900872 1.6066466597087654 0
    endloop
  endfacet
  facet normal 0 0 -1
    outer loop
      vertex 28.99144486137381 2.2694738077799492 0
      vertex 28.923879532511286 2.0173165676349107 0
      vertex 28.866025403784437 1.9000000000000021 0
    endloop
  endfacet
  facet normal 0 0 -1
    outer loop
      vertex 28.866025403784437 1.9000000000000021 0
      vertex 28.793353340291237 1.7912385709912826 0
      vertex 28.60876142900872 1.6066466597087654 0
    endloop
  endfacet
  facet normal 0 0 -1
    outer loop
      vertex 28.707106781186546 1.692893218813456 0
      vertex 28.60876142900872 1.6066466597087654 0
      vertex 28.793353340291237 1.7912385709912826 0
    endloop
  endfacet
  facet normal 0 0 -1
    outer loop
      vertex 28.99144486137381 2.2694738077799492 0
      vertex 28.866025403784437 1.9000000000000021 0
      vertex 28.60876142900872 1.6066466597087654 0
    endloop
  endfacet
  facet normal 0 0 -1
    outer loop
      vertex 28 1.4000000000000021 0
      vertex 28.60876142900872 1.6066466597087654 0
      vertex 28.25881904510252 1.4340741737109326 0
    endloop
  endfacet
  facet normal 0 0 -1
    outer loop
      vertex 28 1.4000000000000021 0
      vertex 28.25881904510252 1.4340741737109326 0
      vertex 28.130526192220053 1.4085551386261912 0
    endloop
  endfacet
  facet normal 0 0 -1
    outer loop
      vertex 28.25881904510252 1.4340741737109326 0
      vertex 28.60876142900872 1.6066466597087654 0
      vertex 28.38268343236509 1.476120467488716 0
    endloop
  endfacet
  facet normal 0 0 -1
    outer loop
      vertex 28.38268343236509 1.476120467488716 0
      vertex 28.60876142900872 1.6066466597087654 0
      vertex 28.5 1.5339745962155646 0
    endloop
  endfacet
  facet normal -1 0 0
    outer loop
      vertex 3 20.88284271247462 3.7828427124746193
      vertex 3 20.84350457160349 3.1826586638835064
      vertex 3 20.84350457160349 3.8173413361164936
    endloop
  endfacet
  facet normal -1 0 0
    outer loop
      vertex 3 20.8 3.8464101615137753
      vertex 3 20.84350457160349 3.8173413361164936
      vertex 3 20.8 3.1535898384862247
    endloop
  endfacet
  facet normal -1 0 0
    outer loop
      vertex 3 20.753073372946037 3.869551813004515
      vertex 3 20.8 3.8464101615137753
      vertex 3 20.753073372946037 3.130448186995485
    endloop
  endfacet
  facet normal -1 0 0
    outer loop
      vertex 3 20.703527618041008 3.8863703305156276
      vertex 3 20.753073372946037 3.869551813004515
      vertex 3 20.703527618041008 3.1136296694843724
    endloop
  endfacet
  facet normal -1 0 0
    outer loop
      vertex 3 20.917341336116493 3.743504571603488
      vertex 3 20.946410161513775 3.7
      vertex 3 20.917341336116493 3.256495428396512
    endloop
  endfacet
  facet normal -1 0 0
    outer loop
      vertex 3 20.969551813004514 3.653073372946036
      vertex 3 20.986370330515626 3.6035276180410083
      vertex 3 20.969551813004514 3.346926627053964
    endloop
  endfacet
  facet normal -1 0 0
    outer loop
      vertex 3 20.946410161513775 3.7
      vertex 3 20.969551813004514 3.653073372946036
      vertex 3 20.946410161513775 3.3
    endloop
  endfacet
  facet normal -1 0 0
    outer loop
      vertex 3 20.88284271247462 3.7828427124746193
      vertex 3 20.917341336116493 3.743504571603488
      vertex 3 20.88284271247462 3.2171572875253807
    endloop
  endfacet
  facet normal -1 0 0
    outer loop
      vertex 3 20.986370330515626 3.6035276180410083
      vertex 3 20.996577944549525 3.5522104768880203
      vertex 3 20.986370330515626 3.3964723819589917
    endloop
  endfacet
  facet normal -1 0 0
    outer loop
      vertex 3 20.996577944549525 3.5522104768880203
      vertex 3 21 3.5
      vertex 3 20.996577944549525 3.4477895231119797
    endloop
  endfacet
  facet normal -1 0 0
    outer loop
      vertex 3 20.996577944549525 3.5522104768880203
      vertex 3 20.996577944549525 3.4477895231119797
      vertex 3 20.986370330515626 3.3964723819589917
    endloop
  endfacet
  facet normal -1 0 0
    outer loop
      vertex 3 20.703527618041008 3.8863703305156276
      vertex 3 20.652210476888023 3.1034220554504754
      vertex 3 20.652210476888023 3.8965779445495246
    endloop
  endfacet
  facet normal -1 0 0
    outer loop
      vertex 3 20.652210476888023 3.8965779445495246
      vertex 3 20.6 3.0999999999999996
      vertex 3 20.6 3.9000000000000004
    endloop
  endfacet
  facet normal -1 0 0
    outer loop
      vertex 3 20.986370330515626 3.6035276180410083
      vertex 3 20.986370330515626 3.3964723819589917
      vertex 3 20.969551813004514 3.346926627053964
    endloop
  endfacet
  facet normal -1 0 0
    outer loop
      vertex 3 20.969551813004514 3.653073372946036
      vertex 3 20.969551813004514 3.346926627053964
      vertex 3 20.946410161513775 3.3
    endloop
  endfacet
  facet normal -1 0 0
    outer loop
      vertex 3 20.946410161513775 3.7
      vertex 3 20.946410161513775 3.3
      vertex 3 20.917341336116493 3.256495428396512
    endloop
  endfacet
  facet normal -1 0 0
    outer loop
      vertex 3 20.917341336116493 3.743504571603488
      vertex 3 20.917341336116493 3.256495428396512
      vertex 3 20.88284271247462 3.2171572875253807
    endloop
  endfacet
  facet normal -1 0 0
    outer loop
      vertex 3 20.88284271247462 3.7828427124746193
      vertex 3 20.88284271247462 3.2171572875253807
      vertex 3 20.84350457160349 3.1826586638835064
    endloop
  endfacet
  facet normal -1 0 0
    outer loop
      vertex 3 20.84350457160349 3.8173413361164936
      vertex 3 20.84350457160349 3.1826586638835064
      vertex 3 20.8 3.1535898384862247
    endloop
  endfacet
  facet normal -1 0 0
    outer loop
      vertex 3 20.8 3.8464101615137753
      vertex 3 20.8 3.1535898384862247
      vertex 3 20.753073372946037 3.130448186995485
    endloop
  endfacet
  facet normal -1 0 0
    outer loop
      vertex 3 20.753073372946037 3.869551813004515
      vertex 3 20.753073372946037 3.130448186995485
      vertex 3 20.703527618041008 3.1136296694843724
    endloop
  endfacet
  facet normal -1 0 0
    outer loop
      vertex 3 20.703527618041008 3.8863703305156276
      vertex 3 20.703527618041008 3.1136296694843724
      vertex 3 20.652210476888023 3.1034220554504754
    endloop
  endfacet
  facet normal -1 0 0
    outer loop
      vertex 3 20.652210476888023 3.8965779445495246
      vertex 3 20.652210476888023 3.1034220554504754
      vertex 3 20.6 3.0999999999999996
    endloop
  endfacet
  facet normal 0 0.44228869021900913 0.8968727415326845
    outer loop
      vertex 3 20.753073372946037 3.869551813004515
      vertex 9 20.753073372946037 3.869551813004515
      vertex 3 20.8 3.8464101615137753
    endloop
  endfacet
  facet normal 0 0.3214394653031557 0.9469301294951078
    outer loop
      vertex 3 20.703527618041008 3.8863703305156276
      vertex 9 20.703527618041008 3.8863703305156276
      vertex 3 20.753073372946037 3.869551813004515
    endloop
  endfacet
  facet normal -7.356558462078982e-20 0.6593458151000616 0.7518398074789837
    outer loop
      vertex 3 20.88284271247462 3.7828427124746193
      vertex 3 20.84350457160349 3.8173413361164936
      vertex 9 20.84350457160349 3.8173413361164936
    endloop
  endfacet
  facet normal -1.96055662699601e-19 0.7518398074789995 0.6593458151000436
    outer loop
      vertex 3 20.88284271247462 3.7828427124746193
      vertex 9 20.917341336116493 3.743504571603488
      vertex 3 20.917341336116493 3.743504571603488
    endloop
  endfacet
  facet normal 0 0.5555702330196043 0.831469612302544
    outer loop
      vertex 3 20.8 3.8464101615137753
      vertex 9 20.8 3.8464101615137753
      vertex 3 20.84350457160349 3.8173413361164936
    endloop
  endfacet
  facet normal -9.263906129329334e-20 0.19509032201613796 0.9807852804032285
    outer loop
      vertex 3 20.703527618041008 3.8863703305156276
      vertex 3 20.652210476888023 3.8965779445495246
      vertex 9 20.652210476888023 3.8965779445495246
    endloop
  endfacet
  facet normal 1.2318294540608321e-20 0.06540312923014178 0.9978589232386036
    outer loop
      vertex 3 20.652210476888023 3.8965779445495246
      vertex 3 20.6 3.9000000000000004
      vertex 9 20.6 3.9000000000000004
    endloop
  endfacet
  facet normal 2.688607184853729e-19 0.8314696123025386 0.5555702330196121
    outer loop
      vertex 3 20.917341336116493 3.743504571603488
      vertex 9 20.946410161513775 3.7
      vertex 3 20.946410161513775 3.7
    endloop
  endfacet
  facet normal -3.209258543117657e-20 0.8968727415326878 0.4422886902190024
    outer loop
      vertex 3 20.946410161513775 3.7
      vertex 9 20.969551813004514 3.653073372946036
      vertex 3 20.969551813004514 3.653073372946036
    endloop
  endfacet
  facet normal -1.58967736392447e-19 0.9469301294951094 0.32143946530315076
    outer loop
      vertex 3 20.969551813004514 3.653073372946036
      vertex 9 20.986370330515626 3.6035276180410083
      vertex 3 20.986370330515626 3.6035276180410083
    endloop
  endfacet
  facet normal 3.087396759712152e-20 0.980785280403224 0.19509032201616086
    outer loop
      vertex 3 20.986370330515626 3.6035276180410083
      vertex 9 20.996577944549525 3.5522104768880203
      vertex 3 20.996577944549525 3.5522104768880203
    endloop
  endfacet
  facet normal 9.45351473861719e-21 0.9978589232386047 0.06540312923012599
    outer loop
      vertex 3 20.996577944549525 3.5522104768880203
      vertex 9 21 3.5
      vertex 3 21 3.5
    endloop
  endfacet
  facet normal -9.45351473861719e-21 0.9978589232386047 -0.06540312923012599
    outer loop
      vertex 3 21 3.5
      vertex 9 20.996577944549525 3.4477895231119797
      vertex 3 20.996577944549525 3.4477895231119797
    endloop
  endfacet
  facet normal -3.087396759712152e-20 0.980785280403224 -0.19509032201616086
    outer loop
      vertex 3 20.996577944549525 3.4477895231119797
      vertex 9 20.986370330515626 3.3964723819589917
      vertex 3 20.986370330515626 3.3964723819589917
    endloop
  endfacet
  facet normal 1.58967736392447e-19 0.9469301294951094 -0.32143946530315076
    outer loop
      vertex 3 20.986370330515626 3.3964723819589917
      vertex 9 20.969551813004514 3.346926627053964
      vertex 3 20.969551813004514 3.346926627053964
    endloop
  endfacet
  facet normal 3.209258543117657e-20 0.8968727415326878 -0.4422886902190024
    outer loop
      vertex 3 20.969551813004514 3.346926627053964
      vertex 9 20.946410161513775 3.3
      vertex 3 20.946410161513775 3.3
    endloop
  endfacet
  facet normal -2.688607184853729e-19 0.8314696123025386 -0.5555702330196121
    outer loop
      vertex 3 20.946410161513775 3.3
      vertex 9 20.917341336116493 3.256495428396512
      vertex 3 20.917341336116493 3.256495428396512
    endloop
  endfacet
  facet normal 1.96055662699601e-19 0.7518398074789995 -0.6593458151000436
    outer loop
      vertex 3 20.917341336116493 3.256495428396512
      vertex 9 20.88284271247462 3.2171572875253807
      vertex 3 20.88284271247462 3.2171572875253807
    endloop
  endfacet
  facet normal 0 0.6593458151000616 -0.7518398074789837
    outer loop
      vertex 3 20.88284271247462 3.2171572875253807
      vertex 9 20.88284271247462 3.2171572875253807
      vertex 3 20.84350457160349 3.1826586638835064
    endloop
  endfacet
  facet normal 0 0.44228869021900913 0.8968727415326845
    outer loop
      vertex 3 20.8 3.8464101615137753
      vertex 9 20.753073372946037 3.869551813004515
      vertex 9 20.8 3.8464101615137753
    endloop
  endfacet
  facet normal 0 0.3214394653031557 0.9469301294951078
    outer loop
      vertex 3 20.753073372946037 3.869551813004515
      vertex 9 20.703527618041008 3.8863703305156276
      vertex 9 20.753073372946037 3.869551813004515
    endloop
  endfacet
  facet normal 0 0.6593458151000616 0.7518398074789837
    outer loop
      vertex 3 20.88284271247462 3.7828427124746193
      vertex 9 20.84350457160349 3.8173413361164936
      vertex 9 20.88284271247462 3.7828427124746193
    endloop
  endfacet
  facet normal 0 0.8314696123025386 0.5555702330196121
    outer loop
      vertex 3 20.917341336116493 3.743504571603488
      vertex 9 20.917341336116493 3.743504571603488
      vertex 9 20.946410161513775 3.7
    endloop
  endfacet
  facet normal 0 0.7518398074789995 0.6593458151000436
    outer loop
      vertex 3 20.88284271247462 3.7828427124746193
      vertex 9 20.88284271247462 3.7828427124746193
      vertex 9 20.917341336116493 3.743504571603488
    endloop
  endfacet
  facet normal 0 0.5555702330196043 0.831469612302544
    outer loop
      vertex 3 20.84350457160349 3.8173413361164936
      vertex 9 20.8 3.8464101615137753
      vertex 9 20.84350457160349 3.8173413361164936
    endloop
  endfacet
  facet normal 0 0.19509032201613796 0.9807852804032285
    outer loop
      vertex 3 20.703527618041008 3.8863703305156276
      vertex 9 20.652210476888023 3.8965779445495246
      vertex 9 20.703527618041008 3.8863703305156276
    endloop
  endfacet
  facet normal 0 0.06540312923014178 0.9978589232386036
    outer loop
      vertex 3 20.652210476888023 3.8965779445495246
      vertex 9 20.6 3.9000000000000004
      vertex 9 20.652210476888023 3.8965779445495246
    endloop
  endfacet
  facet normal 0 0.8968727415326878 0.4422886902190024
    outer loop
      vertex 3 20.946410161513775 3.7
      vertex 9 20.946410161513775 3.7
      vertex 9 20.969551813004514 3.653073372946036
    endloop
  endfacet
  facet normal 0 0.9469301294951094 0.32143946530315076
    outer loop
      vertex 3 20.969551813004514 3.653073372946036
      vertex 9 20.969551813004514 3.653073372946036
      vertex 9 20.986370330515626 3.6035276180410083
    endloop
  endfacet
  facet normal 0 0.980785280403224 0.19509032201616086
    outer loop
      vertex 3 20.986370330515626 3.6035276180410083
      vertex 9 20.986370330515626 3.6035276180410083
      vertex 9 20.996577944549525 3.5522104768880203
    endloop
  endfacet
  facet normal 0 0.9978589232386047 0.06540312923012599
    outer loop
      vertex 3 20.996577944549525 3.5522104768880203
      vertex 9 20.996577944549525 3.5522104768880203
      vertex 9 21 3.5
    endloop
  endfacet
  facet normal 0 0.9978589232386047 -0.06540312923012599
    outer loop
      vertex 3 21 3.5
      vertex 9 21 3.5
      vertex 9 20.996577944549525 3.4477895231119797
    endloop
  endfacet
  facet normal 0 0.980785280403224 -0.19509032201616086
    outer loop
      vertex 3 20.996577944549525 3.4477895231119797
      vertex 9 20.996577944549525 3.4477895231119797
      vertex 9 20.986370330515626 3.3964723819589917
    endloop
  endfacet
  facet normal 0 0.9469301294951094 -0.32143946530315076
    outer loop
      vertex 3 20.986370330515626 3.3964723819589917
      vertex 9 20.986370330515626 3.3964723819589917
      vertex 9 20.969551813004514 3.346926627053964
    endloop
  endfacet
  facet normal 0 0.8968727415326878 -0.4422886902190024
    outer loop
      vertex 3 20.969551813004514 3.346926627053964
      vertex 9 20.969551813004514 3.346926627053964
      vertex 9 20.946410161513775 3.3
    endloop
  endfacet
  facet normal 0 0.8314696123025386 -0.5555702330196121
    outer loop
      vertex 3 20.946410161513775 3.3
      vertex 9 20.946410161513775 3.3
      vertex 9 20.917341336116493 3.256495428396512
    endloop
  endfacet
  facet normal 0 0.7518398074789995 -0.6593458151000436
    outer loop
      vertex 3 20.917341336116493 3.256495428396512
      vertex 9 20.917341336116493 3.256495428396512
      vertex 9 20.88284271247462 3.2171572875253807
    endloop
  endfacet
  facet normal 0 0.6593458151000616 -0.7518398074789837
    outer loop
      vertex 3 20.84350457160349 3.1826586638835064
      vertex 9 20.88284271247462 3.2171572875253807
      vertex 9 20.84350457160349 3.1826586638835064
    endloop
  endfacet
  facet normal 0 0.5555702330196043 -0.831469612302544
    outer loop
      vertex 3 20.84350457160349 3.1826586638835064
      vertex 9 20.84350457160349 3.1826586638835064
      vertex 3 20.8 3.1535898384862247
    endloop
  endfacet
  facet normal 0 0.44228869021900913 -0.8968727415326845
    outer loop
      vertex 3 20.8 3.1535898384862247
      vertex 9 20.8 3.1535898384862247
      vertex 3 20.753073372946037 3.130448186995485
    endloop
  endfacet
  facet normal 0 0.3214394653031557 -0.9469301294951078
    outer loop
      vertex 3 20.753073372946037 3.130448186995485
      vertex 9 20.753073372946037 3.130448186995485
      vertex 3 20.703527618041008 3.1136296694843724
    endloop
  endfacet
  facet normal 0 0.19509032201613796 -0.9807852804032285
    outer loop
      vertex 3 20.703527618041008 3.1136296694843724
      vertex 9 20.703527618041008 3.1136296694843724
      vertex 3 20.652210476888023 3.1034220554504754
    endloop
  endfacet
  facet normal 0 0.06540312923014178 -0.9978589232386036
    outer loop
      vertex 3 20.652210476888023 3.1034220554504754
      vertex 9 20.652210476888023 3.1034220554504754
      vertex 3 20.6 3.0999999999999996
    endloop
  endfacet
  facet normal 0 0.5555702330196043 -0.831469612302544
    outer loop
      vertex 3 20.8 3.1535898384862247
      vertex 9 20.84350457160349 3.1826586638835064
      vertex 9 20.8 3.1535898384862247
    endloop
  endfacet
  facet normal 0 0.44228869021900913 -0.8968727415326845
    outer loop
      vertex 3 20.753073372946037 3.130448186995485
      vertex 9 20.8 3.1535898384862247
      vertex 9 20.753073372946037 3.130448186995485
    endloop
  endfacet
  facet normal 0 0.3214394653031557 -0.9469301294951078
    outer loop
      vertex 3 20.703527618041008 3.1136296694843724
      vertex 9 20.753073372946037 3.130448186995485
      vertex 9 20.703527618041008 3.1136296694843724
    endloop
  endfacet
  facet normal 0 0.19509032201613796 -0.9807852804032285
    outer loop
      vertex 3 20.652210476888023 3.1034220554504754
      vertex 9 20.703527618041008 3.1136296694843724
      vertex 9 20.652210476888023 3.1034220554504754
    endloop
  endfacet
  facet normal 0 0.06540312923014178 -0.9978589232386036
    outer loop
      vertex 3 20.6 3.0999999999999996
      vertex 9 20.652210476888023 3.1034220554504754
      vertex 9 20.6 3.0999999999999996
    endloop
  endfacet
  facet normal 1 0 0
    outer loop
      vertex 9 20.88284271247462 3.7828427124746193
      vertex 9 20.917341336116493 3.256495428396512
      vertex 9 20.917341336116493 3.743504571603488
    endloop
  endfacet
  facet normal 1 0 0
    outer loop
      vertex 9 20.88284271247462 3.7828427124746193
      vertex 9 20.84350457160349 3.8173413361164936
      vertex 9 20.88284271247462 3.2171572875253807
    endloop
  endfacet
  facet normal 1 0 0
    outer loop
      vertex 9 20.753073372946037 3.869551813004515
      vertex 9 20.8 3.1535898384862247
      vertex 9 20.8 3.8464101615137753
    endloop
  endfacet
  facet normal 1 0 0
    outer loop
      vertex 9 20.8 3.8464101615137753
      vertex 9 20.84350457160349 3.1826586638835064
      vertex 9 20.84350457160349 3.8173413361164936
    endloop
  endfacet
  facet normal 1 0 0
    outer loop
      vertex 9 20.703527618041008 3.8863703305156276
      vertex 9 20.753073372946037 3.130448186995485
      vertex 9 20.753073372946037 3.869551813004515
    endloop
  endfacet
  facet normal 1 0 0
    outer loop
      vertex 9 20.946410161513775 3.7
      vertex 9 20.969551813004514 3.346926627053964
      vertex 9 20.969551813004514 3.653073372946036
    endloop
  endfacet
  facet normal 1 0 0
    outer loop
      vertex 9 20.917341336116493 3.743504571603488
      vertex 9 20.946410161513775 3.3
      vertex 9 20.946410161513775 3.7
    endloop
  endfacet
  facet normal 1 0 0
    outer loop
      vertex 9 20.969551813004514 3.653073372946036
      vertex 9 20.986370330515626 3.3964723819589917
      vertex 9 20.986370330515626 3.6035276180410083
    endloop
  endfacet
  facet normal 1 0 0
    outer loop
      vertex 9 20.986370330515626 3.6035276180410083
      vertex 9 20.996577944549525 3.4477895231119797
      vertex 9 20.996577944549525 3.5522104768880203
    endloop
  endfacet
  facet normal 1 0 0
    outer loop
      vertex 9 20.996577944549525 3.5522104768880203
      vertex 9 20.996577944549525 3.4477895231119797
      vertex 9 21 3.5
    endloop
  endfacet
  facet normal 1 0 0
    outer loop
      vertex 9 20.986370330515626 3.6035276180410083
      vertex 9 20.986370330515626 3.3964723819589917
      vertex 9 20.996577944549525 3.4477895231119797
    endloop
  endfacet
  facet normal 1 0 0
    outer loop
      vertex 9 20.969551813004514 3.653073372946036
      vertex 9 20.969551813004514 3.346926627053964
      vertex 9 20.986370330515626 3.3964723819589917
    endloop
  endfacet
  facet normal 1 0 0
    outer loop
      vertex 9 20.703527618041008 3.8863703305156276
      vertex 9 20.652210476888023 3.8965779445495246
      vertex 9 20.703527618041008 3.1136296694843724
    endloop
  endfacet
  facet normal 1 0 0
    outer loop
      vertex 9 20.652210476888023 3.8965779445495246
      vertex 9 20.6 3.9000000000000004
      vertex 9 20.652210476888023 3.1034220554504754
    endloop
  endfacet
  facet normal 1 0 0
    outer loop
      vertex 9 20.946410161513775 3.7
      vertex 9 20.946410161513775 3.3
      vertex 9 20.969551813004514 3.346926627053964
    endloop
  endfacet
  facet normal 1 0 0
    outer loop
      vertex 9 20.917341336116493 3.743504571603488
      vertex 9 20.917341336116493 3.256495428396512
      vertex 9 20.946410161513775 3.3
    endloop
  endfacet
  facet normal 1 0 0
    outer loop
      vertex 9 20.88284271247462 3.7828427124746193
      vertex 9 20.88284271247462 3.2171572875253807
      vertex 9 20.917341336116493 3.256495428396512
    endloop
  endfacet
  facet normal 1 0 0
    outer loop
      vertex 9 20.84350457160349 3.8173413361164936
      vertex 9 20.84350457160349 3.1826586638835064
      vertex 9 20.88284271247462 3.2171572875253807
    endloop
  endfacet
  facet normal 1 0 0
    outer loop
      vertex 9 20.8 3.8464101615137753
      vertex 9 20.8 3.1535898384862247
      vertex 9 20.84350457160349 3.1826586638835064
    endloop
  endfacet
  facet normal 1 0 0
    outer loop
      vertex 9 20.753073372946037 3.869551813004515
      vertex 9 20.753073372946037 3.130448186995485
      vertex 9 20.8 3.1535898384862247
    endloop
  endfacet
  facet normal 1 0 0
    outer loop
      vertex 9 20.703527618041008 3.8863703305156276
      vertex 9 20.703527618041008 3.1136296694843724
      vertex 9 20.753073372946037 3.130448186995485
    endloop
  endfacet
  facet normal 1 0 0
    outer loop
      vertex 9 20.652210476888023 3.8965779445495246
      vertex 9 20.652210476888023 3.1034220554504754
      vertex 9 20.703527618041008 3.1136296694843724
    endloop
  endfacet
  facet normal 1 0 0
    outer loop
      vertex 9 20.6 3.9000000000000004
      vertex 9 20.6 3.0999999999999996
      vertex 9 20.652210476888023 3.1034220554504754
    endloop
  endfacet
  facet normal -1 0 0
    outer loop
      vertex 3 1.4000000000000021 3.9000000000000004
      vertex 3 1.3477895231119774 3.1034220554504754
      vertex 3 1.3477895231119774 3.8965779445495246
    endloop
  endfacet
  facet normal -1 0 0
    outer loop
      vertex 3 1.3477895231119774 3.8965779445495246
      vertex 3 1.296472381958992 3.1136296694843724
      vertex 3 1.296472381958992 3.8863703305156276
    endloop
  endfacet
  facet normal -1 0 0
    outer loop
      vertex 3 1.296472381958992 3.8863703305156276
      vertex 3 1.2469266270539627 3.130448186995485
      vertex 3 1.2469266270539627 3.869551813004515
    endloop
  endfacet
  facet normal -1 0 0
    outer loop
      vertex 3 1.2469266270539627 3.869551813004515
      vertex 3 1.1999999999999993 3.1535898384862247
      vertex 3 1.1999999999999993 3.8464101615137753
    endloop
  endfacet
  facet normal -1 0 0
    outer loop
      vertex 3 1.1999999999999993 3.8464101615137753
      vertex 3 1.1564954283965108 3.1826586638835064
      vertex 3 1.1564954283965108 3.8173413361164936
    endloop
  endfacet
  facet normal -1 0 0
    outer loop
      vertex 3 1.1564954283965108 3.8173413361164936
      vertex 3 1.1171572875253801 3.2171572875253807
      vertex 3 1.1171572875253801 3.7828427124746193
    endloop
  endfacet
  facet normal -1 0 0
    outer loop
      vertex 3 1.1171572875253801 3.7828427124746193
      vertex 3 1.0826586638835032 3.256495428396512
      vertex 3 1.0826586638835032 3.743504571603488
    endloop
  endfacet
  facet normal -1 0 0
    outer loop
      vertex 3 1.0826586638835032 3.743504571603488
      vertex 3 1.0535898384862215 3.3
      vertex 3 1.0535898384862215 3.7
    endloop
  endfacet
  facet normal -1 0 0
    outer loop
      vertex 3 1.0535898384862215 3.7
      vertex 3 1.0304481869954856 3.346926627053964
      vertex 3 1.0304481869954856 3.653073372946036
    endloop
  endfacet
  facet normal -1 0 0
    outer loop
      vertex 3 1.0304481869954856 3.653073372946036
      vertex 3 1.01362966948437 3.3964723819589917
      vertex 3 1.01362966948437 3.6035276180410083
    endloop
  endfacet
  facet normal -1 0 0
    outer loop
      vertex 3 1.01362966948437 3.6035276180410083
      vertex 3 1.003422055450475 3.4477895231119797
      vertex 3 1.003422055450475 3.5522104768880203
    endloop
  endfacet
  facet normal -1 0 0
    outer loop
      vertex 3 1.003422055450475 3.5522104768880203
      vertex 3 1.003422055450475 3.4477895231119797
      vertex 3 1 3.5
    endloop
  endfacet
  facet normal -1 0 0
    outer loop
      vertex 3 1.01362966948437 3.6035276180410083
      vertex 3 1.01362966948437 3.3964723819589917
      vertex 3 1.003422055450475 3.4477895231119797
    endloop
  endfacet
  facet normal -1 0 0
    outer loop
      vertex 3 1.0304481869954856 3.653073372946036
      vertex 3 1.0304481869954856 3.346926627053964
      vertex 3 1.01362966948437 3.3964723819589917
    endloop
  endfacet
  facet normal -1 0 0
    outer loop
      vertex 3 1.4000000000000021 3.9000000000000004
      vertex 3 1.4000000000000021 3.0999999999999996
      vertex 3 1.3477895231119774 3.1034220554504754
    endloop
  endfacet
  facet normal -1 0 0
    outer loop
      vertex 3 1.3477895231119774 3.8965779445495246
      vertex 3 1.3477895231119774 3.1034220554504754
      vertex 3 1.296472381958992 3.1136296694843724
    endloop
  endfacet
  facet normal -1 0 0
    outer loop
      vertex 3 1.1999999999999993 3.8464101615137753
      vertex 3 1.1999999999999993 3.1535898384862247
      vertex 3 1.1564954283965108 3.1826586638835064
    endloop
  endfacet
  facet normal -1 0 0
    outer loop
      vertex 3 1.296472381958992 3.8863703305156276
      vertex 3 1.296472381958992 3.1136296694843724
      vertex 3 1.2469266270539627 3.130448186995485
    endloop
  endfacet
  facet normal -1 0 0
    outer loop
      vertex 3 1.2469266270539627 3.869551813004515
      vertex 3 1.2469266270539627 3.130448186995485
      vertex 3 1.1999999999999993 3.1535898384862247
    endloop
  endfacet
  facet normal -1 0 0
    outer loop
      vertex 3 1.1564954283965108 3.8173413361164936
      vertex 3 1.1564954283965108 3.1826586638835064
      vertex 3 1.1171572875253801 3.2171572875253807
    endloop
  endfacet
  facet normal -1 0 0
    outer loop
      vertex 3 1.1171572875253801 3.7828427124746193
      vertex 3 1.1171572875253801 3.2171572875253807
      vertex 3 1.0826586638835032 3.256495428396512
    endloop
  endfacet
  facet normal -1 0 0
    outer loop
      vertex 3 1.0535898384862215 3.7
      vertex 3 1.0535898384862215 3.3
      vertex 3 1.0304481869954856 3.346926627053964
    endloop
  endfacet
  facet normal -1 0 0
    outer loop
      vertex 3 1.0826586638835032 3.743504571603488
      vertex 3 1.0826586638835032 3.256495428396512
      vertex 3 1.0535898384862215 3.3
    endloop
  endfacet
  facet normal 3.392973687510581e-20 -0.06540312923013734 0.9978589232386038
    outer loop
      vertex 3 1.4000000000000021 3.9000000000000004
      vertex 3 1.3477895231119774 3.8965779445495246
      vertex 9 1.3477895231119774 3.8965779445495246
    endloop
  endfacet
  facet normal 9.263906129329334e-20 -0.19509032201613796 0.9807852804032285
    outer loop
      vertex 3 1.3477895231119774 3.8965779445495246
      vertex 3 1.296472381958992 3.8863703305156276
      vertex 9 1.296472381958992 3.8863703305156276
    endloop
  endfacet
  facet normal -3.670734189761744e-20 -0.3214394653031557 0.9469301294951078
    outer loop
      vertex 3 1.296472381958992 3.8863703305156276
      vertex 3 1.2469266270539627 3.869551813004515
      vertex 9 1.2469266270539627 3.869551813004515
    endloop
  endfacet
  facet normal 1.7838345442697654e-19 -0.44228869021900913 0.8968727415326845
    outer loop
      vertex 3 1.2469266270539627 3.869551813004515
      vertex 3 1.1999999999999993 3.8464101615137753
      vertex 9 1.1999999999999993 3.8464101615137753
    endloop
  endfacet
  facet normal -2.2333633344647228e-19 -0.5555702330196043 0.831469612302544
    outer loop
      vertex 3 1.1999999999999993 3.8464101615137753
      vertex 3 1.1564954283965108 3.8173413361164936
      vertex 9 1.1564954283965108 3.8173413361164936
    endloop
  endfacet
  facet normal 7.356558462078982e-20 -0.6593458151000616 0.7518398074789837
    outer loop
      vertex 3 1.1564954283965108 3.8173413361164936
      vertex 3 1.1171572875253801 3.7828427124746193
      vertex 9 1.1171572875253801 3.7828427124746193
    endloop
  endfacet
  facet normal 0 -0.7518398074789658 0.6593458151000821
    outer loop
      vertex 3 1.1171572875253801 3.7828427124746193
      vertex 3 1.0826586638835032 3.743504571603488
      vertex 9 1.1171572875253801 3.7828427124746193
    endloop
  endfacet
  facet normal 0 -0.8314696123025386 0.5555702330196121
    outer loop
      vertex 3 1.0826586638835032 3.743504571603488
      vertex 3 1.0535898384862215 3.7
      vertex 9 1.0826586638835032 3.743504571603488
    endloop
  endfacet
  facet normal 0 -0.8968727415327148 0.4422886902189478
    outer loop
      vertex 3 1.0535898384862215 3.7
      vertex 3 1.0304481869954856 3.653073372946036
      vertex 9 1.0535898384862215 3.7
    endloop
  endfacet
  facet normal 0 -0.9469301294950887 0.32143946530321166
    outer loop
      vertex 3 1.0304481869954856 3.653073372946036
      vertex 3 1.01362966948437 3.6035276180410083
      vertex 9 1.0304481869954856 3.653073372946036
    endloop
  endfacet
  facet normal 0 -0.980785280403237 0.19509032201609555
    outer loop
      vertex 3 1.01362966948437 3.6035276180410083
      vertex 3 1.003422055450475 3.5522104768880203
      vertex 9 1.01362966948437 3.6035276180410083
    endloop
  endfacet
  facet normal 0 -0.9978589232386047 0.06540312923012599
    outer loop
      vertex 3 1.003422055450475 3.5522104768880203
      vertex 3 1 3.5
      vertex 9 1.003422055450475 3.5522104768880203
    endloop
  endfacet
  facet normal 0 -0.9978589232386047 -0.06540312923012599
    outer loop
      vertex 3 1 3.5
      vertex 3 1.003422055450475 3.4477895231119797
      vertex 9 1 3.5
    endloop
  endfacet
  facet normal 0 -0.980785280403237 -0.19509032201609555
    outer loop
      vertex 3 1.003422055450475 3.4477895231119797
      vertex 3 1.01362966948437 3.3964723819589917
      vertex 9 1.003422055450475 3.4477895231119797
    endloop
  endfacet
  facet normal 0 -0.9469301294950887 -0.32143946530321166
    outer loop
      vertex 3 1.01362966948437 3.3964723819589917
      vertex 3 1.0304481869954856 3.346926627053964
      vertex 9 1.01362966948437 3.3964723819589917
    endloop
  endfacet
  facet normal 0 -0.8968727415327148 -0.4422886902189478
    outer loop
      vertex 3 1.0304481869954856 3.346926627053964
      vertex 3 1.0535898384862215 3.3
      vertex 9 1.0304481869954856 3.346926627053964
    endloop
  endfacet
  facet normal 2.688607184853729e-19 -0.8314696123025386 -0.5555702330196121
    outer loop
      vertex 3 1.0826586638835032 3.256495428396512
      vertex 9 1.0535898384862215 3.3
      vertex 3 1.0535898384862215 3.3
    endloop
  endfacet
  facet normal 0 -0.7518398074789658 -0.6593458151000821
    outer loop
      vertex 3 1.0826586638835032 3.256495428396512
      vertex 3 1.1171572875253801 3.2171572875253807
      vertex 9 1.0826586638835032 3.256495428396512
    endloop
  endfacet
  facet normal -7.356558462078982e-20 -0.6593458151000616 -0.7518398074789837
    outer loop
      vertex 3 1.1171572875253801 3.2171572875253807
      vertex 3 1.1564954283965108 3.1826586638835064
      vertex 9 1.1564954283965108 3.1826586638835064
    endloop
  endfacet
  facet normal 9.010480408845549e-15 -0.0654031292291063 0.9978589232386713
    outer loop
      vertex 3 1.4000000000000021 3.9000000000000004
      vertex 9 1.3477895231119774 3.8965779445495246
      vertex 9 1.4000000000000021 3.899999999999946
    endloop
  endfacet
  facet normal 0 -0.19509032201613796 0.9807852804032285
    outer loop
      vertex 3 1.3477895231119774 3.8965779445495246
      vertex 9 1.296472381958992 3.8863703305156276
      vertex 9 1.3477895231119774 3.8965779445495246
    endloop
  endfacet
  facet normal 0 -0.3214394653031557 0.9469301294951078
    outer loop
      vertex 3 1.296472381958992 3.8863703305156276
      vertex 9 1.2469266270539627 3.869551813004515
      vertex 9 1.296472381958992 3.8863703305156276
    endloop
  endfacet
  facet normal 0 -0.44228869021900913 0.8968727415326845
    outer loop
      vertex 3 1.2469266270539627 3.869551813004515
      vertex 9 1.1999999999999993 3.8464101615137753
      vertex 9 1.2469266270539627 3.869551813004515
    endloop
  endfacet
  facet normal 0 -0.5555702330196043 0.831469612302544
    outer loop
      vertex 3 1.1999999999999993 3.8464101615137753
      vertex 9 1.1564954283965108 3.8173413361164936
      vertex 9 1.1999999999999993 3.8464101615137753
    endloop
  endfacet
  facet normal 0 -0.6593458151000616 0.7518398074789837
    outer loop
      vertex 3 1.1564954283965108 3.8173413361164936
      vertex 9 1.1171572875253801 3.7828427124746193
      vertex 9 1.1564954283965108 3.8173413361164936
    endloop
  endfacet
  facet normal 0 -0.7518398074789658 0.6593458151000821
    outer loop
      vertex 3 1.0826586638835032 3.743504571603488
      vertex 9 1.0826586638835032 3.743504571603488
      vertex 9 1.1171572875253801 3.7828427124746193
    endloop
  endfacet
  facet normal 0 -0.8314696123025386 0.5555702330196121
    outer loop
      vertex 3 1.0535898384862215 3.7
      vertex 9 1.0535898384862215 3.7
      vertex 9 1.0826586638835032 3.743504571603488
    endloop
  endfacet
  facet normal 0 -0.8968727415327148 0.4422886902189478
    outer loop
      vertex 3 1.0304481869954856 3.653073372946036
      vertex 9 1.0304481869954856 3.653073372946036
      vertex 9 1.0535898384862215 3.7
    endloop
  endfacet
  facet normal 0 -0.9469301294950887 0.32143946530321166
    outer loop
      vertex 3 1.01362966948437 3.6035276180410083
      vertex 9 1.01362966948437 3.6035276180410083
      vertex 9 1.0304481869954856 3.653073372946036
    endloop
  endfacet
  facet normal 0 -0.980785280403237 0.19509032201609555
    outer loop
      vertex 3 1.003422055450475 3.5522104768880203
      vertex 9 1.003422055450475 3.5522104768880203
      vertex 9 1.01362966948437 3.6035276180410083
    endloop
  endfacet
  facet normal 0 -0.9978589232386047 0.06540312923012599
    outer loop
      vertex 3 1 3.5
      vertex 9 1 3.5
      vertex 9 1.003422055450475 3.5522104768880203
    endloop
  endfacet
  facet normal 0 -0.9978589232386047 -0.06540312923012599
    outer loop
      vertex 3 1.003422055450475 3.4477895231119797
      vertex 9 1.003422055450475 3.4477895231119797
      vertex 9 1 3.5
    endloop
  endfacet
  facet normal 0 -0.980785280403237 -0.19509032201609555
    outer loop
      vertex 3 1.01362966948437 3.3964723819589917
      vertex 9 1.01362966948437 3.3964723819589917
      vertex 9 1.003422055450475 3.4477895231119797
    endloop
  endfacet
  facet normal 0 -0.9469301294950887 -0.32143946530321166
    outer loop
      vertex 3 1.0304481869954856 3.346926627053964
      vertex 9 1.0304481869954856 3.346926627053964
      vertex 9 1.01362966948437 3.3964723819589917
    endloop
  endfacet
  facet normal 0 -0.8968727415327148 -0.4422886902189478
    outer loop
      vertex 3 1.0535898384862215 3.3
      vertex 9 1.0535898384862215 3.3
      vertex 9 1.0304481869954856 3.346926627053964
    endloop
  endfacet
  facet normal 0 -0.8314696123025386 -0.5555702330196121
    outer loop
      vertex 3 1.0826586638835032 3.256495428396512
      vertex 9 1.0826586638835032 3.256495428396512
      vertex 9 1.0535898384862215 3.3
    endloop
  endfacet
  facet normal 0 -0.7518398074789658 -0.6593458151000821
    outer loop
      vertex 3 1.1171572875253801 3.2171572875253807
      vertex 9 1.1171572875253801 3.2171572875253807
      vertex 9 1.0826586638835032 3.256495428396512
    endloop
  endfacet
  facet normal 0 -0.6593458151000616 -0.7518398074789837
    outer loop
      vertex 3 1.1171572875253801 3.2171572875253807
      vertex 9 1.1564954283965108 3.1826586638835064
      vertex 9 1.1171572875253801 3.2171572875253807
    endloop
  endfacet
  facet normal 0 -0.06540312923013734 -0.9978589232386038
    outer loop
      vertex 3 1.4000000000000021 3.0999999999999996
      vertex 9 1.4000000000000021 3.0999999999999996
      vertex 3 1.3477895231119774 3.1034220554504754
    endloop
  endfacet
  facet normal 0 -0.19509032201613796 -0.9807852804032285
    outer loop
      vertex 3 1.3477895231119774 3.1034220554504754
      vertex 9 1.3477895231119774 3.1034220554504754
      vertex 3 1.296472381958992 3.1136296694843724
    endloop
  endfacet
  facet normal 2.2333633344647228e-19 -0.5555702330196043 -0.831469612302544
    outer loop
      vertex 3 1.1564954283965108 3.1826586638835064
      vertex 3 1.1999999999999993 3.1535898384862247
      vertex 9 1.1999999999999993 3.1535898384862247
    endloop
  endfacet
  facet normal 0 -0.44228869021900913 -0.8968727415326845
    outer loop
      vertex 3 1.2469266270539627 3.130448186995485
      vertex 9 1.2469266270539627 3.130448186995485
      vertex 3 1.1999999999999993 3.1535898384862247
    endloop
  endfacet
  facet normal 3.670734189761744e-20 -0.3214394653031557 -0.9469301294951078
    outer loop
      vertex 3 1.2469266270539627 3.130448186995485
      vertex 3 1.296472381958992 3.1136296694843724
      vertex 9 1.296472381958992 3.1136296694843724
    endloop
  endfacet
  facet normal 0 -0.06540312923013734 -0.9978589232386038
    outer loop
      vertex 3 1.3477895231119774 3.1034220554504754
      vertex 9 1.4000000000000021 3.0999999999999996
      vertex 9 1.3477895231119774 3.1034220554504754
    endloop
  endfacet
  facet normal 0 -0.19509032201613796 -0.9807852804032285
    outer loop
      vertex 3 1.296472381958992 3.1136296694843724
      vertex 9 1.3477895231119774 3.1034220554504754
      vertex 9 1.296472381958992 3.1136296694843724
    endloop
  endfacet
  facet normal 0 -0.3214394653031557 -0.9469301294951078
    outer loop
      vertex 3 1.2469266270539627 3.130448186995485
      vertex 9 1.296472381958992 3.1136296694843724
      vertex 9 1.2469266270539627 3.130448186995485
    endloop
  endfacet
  facet normal 0 -0.5555702330196043 -0.831469612302544
    outer loop
      vertex 3 1.1564954283965108 3.1826586638835064
      vertex 9 1.1999999999999993 3.1535898384862247
      vertex 9 1.1564954283965108 3.1826586638835064
    endloop
  endfacet
  facet normal 0 -0.44228869021900913 -0.8968727415326845
    outer loop
      vertex 3 1.1999999999999993 3.1535898384862247
      vertex 9 1.2469266270539627 3.130448186995485
      vertex 9 1.1999999999999993 3.1535898384862247
    endloop
  endfacet
  facet normal 1 0 0
    outer loop
      vertex 9 1.4000000000000021 3.899999999999946
      vertex 9 1.3477895231119774 3.8965779445495246
      vertex 9 1.4000000000000021 3.0999999999999996
    endloop
  endfacet
  facet normal 1 0 0
    outer loop
      vertex 9 1.3477895231119774 3.8965779445495246
      vertex 9 1.296472381958992 3.8863703305156276
      vertex 9 1.3477895231119774 3.1034220554504754
    endloop
  endfacet
  facet normal 1 0 0
    outer loop
      vertex 9 1.296472381958992 3.8863703305156276
      vertex 9 1.2469266270539627 3.869551813004515
      vertex 9 1.296472381958992 3.1136296694843724
    endloop
  endfacet
  facet normal 1 0 0
    outer loop
      vertex 9 1.2469266270539627 3.869551813004515
      vertex 9 1.1999999999999993 3.8464101615137753
      vertex 9 1.2469266270539627 3.130448186995485
    endloop
  endfacet
  facet normal 1 0 0
    outer loop
      vertex 9 1.1999999999999993 3.8464101615137753
      vertex 9 1.1564954283965108 3.8173413361164936
      vertex 9 1.1999999999999993 3.1535898384862247
    endloop
  endfacet
  facet normal 1 0 0
    outer loop
      vertex 9 1.1564954283965108 3.8173413361164936
      vertex 9 1.1171572875253801 3.7828427124746193
      vertex 9 1.1564954283965108 3.1826586638835064
    endloop
  endfacet
  facet normal 1 0 0
    outer loop
      vertex 9 1.1171572875253801 3.7828427124746193
      vertex 9 1.0826586638835032 3.743504571603488
      vertex 9 1.1171572875253801 3.2171572875253807
    endloop
  endfacet
  facet normal 1 0 0
    outer loop
      vertex 9 1.0826586638835032 3.743504571603488
      vertex 9 1.0535898384862215 3.7
      vertex 9 1.0826586638835032 3.256495428396512
    endloop
  endfacet
  facet normal 1 0 0
    outer loop
      vertex 9 1.0535898384862215 3.7
      vertex 9 1.0304481869954856 3.653073372946036
      vertex 9 1.0535898384862215 3.3
    endloop
  endfacet
  facet normal 1 0 0
    outer loop
      vertex 9 1.0304481869954856 3.653073372946036
      vertex 9 1.01362966948437 3.6035276180410083
      vertex 9 1.0304481869954856 3.346926627053964
    endloop
  endfacet
  facet normal 1 0 0
    outer loop
      vertex 9 1.01362966948437 3.6035276180410083
      vertex 9 1.003422055450475 3.5522104768880203
      vertex 9 1.01362966948437 3.3964723819589917
    endloop
  endfacet
  facet normal 1 0 0
    outer loop
      vertex 9 1.003422055450475 3.5522104768880203
      vertex 9 1 3.5
      vertex 9 1.003422055450475 3.4477895231119797
    endloop
  endfacet
  facet normal 1 0 0
    outer loop
      vertex 9 1.003422055450475 3.5522104768880203
      vertex 9 1.003422055450475 3.4477895231119797
      vertex 9 1.01362966948437 3.3964723819589917
    endloop
  endfacet
  facet normal 1 0 0
    outer loop
      vertex 9 1.3477895231119774 3.8965779445495246
      vertex 9 1.3477895231119774 3.1034220554504754
      vertex 9 1.4000000000000021 3.0999999999999996
    endloop
  endfacet
  facet normal 1 0 0
    outer loop
      vertex 9 1.296472381958992 3.8863703305156276
      vertex 9 1.296472381958992 3.1136296694843724
      vertex 9 1.3477895231119774 3.1034220554504754
    endloop
  endfacet
  facet normal 1 0 0
    outer loop
      vertex 9 1.2469266270539627 3.869551813004515
      vertex 9 1.2469266270539627 3.130448186995485
      vertex 9 1.296472381958992 3.1136296694843724
    endloop
  endfacet
  facet normal 1 0 0
    outer loop
      vertex 9 1.1999999999999993 3.8464101615137753
      vertex 9 1.1999999999999993 3.1535898384862247
      vertex 9 1.2469266270539627 3.130448186995485
    endloop
  endfacet
  facet normal 1 0 0
    outer loop
      vertex 9 1.1564954283965108 3.8173413361164936
      vertex 9 1.1564954283965108 3.1826586638835064
      vertex 9 1.1999999999999993 3.1535898384862247
    endloop
  endfacet
  facet normal 1 0 0
    outer loop
      vertex 9 1.1171572875253801 3.7828427124746193
      vertex 9 1.1171572875253801 3.2171572875253807
      vertex 9 1.1564954283965108 3.1826586638835064
    endloop
  endfacet
  facet normal 1 0 0
    outer loop
      vertex 9 1.0826586638835032 3.743504571603488
      vertex 9 1.0826586638835032 3.256495428396512
      vertex 9 1.1171572875253801 3.2171572875253807
    endloop
  endfacet
  facet normal 1 0 0
    outer loop
      vertex 9 1.01362966948437 3.6035276180410083
      vertex 9 1.01362966948437 3.3964723819589917
      vertex 9 1.0304481869954856 3.346926627053964
    endloop
  endfacet
  facet normal 1 0 0
    outer loop
      vertex 9 1.0304481869954856 3.653073372946036
      vertex 9 1.0304481869954856 3.346926627053964
      vertex 9 1.0535898384862215 3.3
    endloop
  endfacet
  facet normal 1 0 0
    outer loop
      vertex 9 1.0535898384862215 3.7
      vertex 9 1.0535898384862215 3.3
      vertex 9 1.0826586638835032 3.256495428396512
    endloop
  endfacet
  facet normal -1 0 0
    outer loop
      vertex 21 20.88284271247462 3.7828427124746193
      vertex 21 20.84350457160349 3.1826586638835064
      vertex 21 20.84350457160349 3.8173413361164936
    endloop
  endfacet
  facet normal -1 0 0
    outer loop
      vertex 21 20.8 3.8464101615137753
      vertex 21 20.84350457160349 3.8173413361164936
      vertex 21 20.8 3.1535898384862247
    endloop
  endfacet
  facet normal -1 0 0
    outer loop
      vertex 21 20.753073372946037 3.869551813004515
      vertex 21 20.8 3.8464101615137753
      vertex 21 20.753073372946037 3.130448186995485
    endloop
  endfacet
  facet normal -1 0 0
    outer loop
      vertex 21 20.703527618041008 3.8863703305156276
      vertex 21 20.753073372946037 3.869551813004515
      vertex 21 20.703527618041008 3.1136296694843724
    endloop
  endfacet
  facet normal -1 0 0
    outer loop
      vertex 21 20.917341336116493 3.743504571603488
      vertex 21 20.946410161513775 3.7
      vertex 21 20.917341336116493 3.256495428396512
    endloop
  endfacet
  facet normal -1 0 0
    outer loop
      vertex 21 20.969551813004514 3.653073372946036
      vertex 21 20.986370330515626 3.6035276180410083
      vertex 21 20.969551813004514 3.346926627053964
    endloop
  endfacet
  facet normal -1 0 0
    outer loop
      vertex 21 20.946410161513775 3.7
      vertex 21 20.969551813004514 3.653073372946036
      vertex 21 20.946410161513775 3.3
    endloop
  endfacet
  facet normal -1 0 0
    outer loop
      vertex 21 20.88284271247462 3.7828427124746193
      vertex 21 20.917341336116493 3.743504571603488
      vertex 21 20.88284271247462 3.2171572875253807
    endloop
  endfacet
  facet normal -1 0 0
    outer loop
      vertex 21 20.986370330515626 3.6035276180410083
      vertex 21 20.996577944549525 3.5522104768880203
      vertex 21 20.986370330515626 3.3964723819589917
    endloop
  endfacet
  facet normal -1 0 0
    outer loop
      vertex 21 20.996577944549525 3.5522104768880203
      vertex 21 21 3.5
      vertex 21 20.996577944549525 3.4477895231119797
    endloop
  endfacet
  facet normal -1 0 0
    outer loop
      vertex 21 20.996577944549525 3.5522104768880203
      vertex 21 20.996577944549525 3.4477895231119797
      vertex 21 20.986370330515626 3.3964723819589917
    endloop
  endfacet
  facet normal -1 0 0
    outer loop
      vertex 21 20.703527618041008 3.8863703305156276
      vertex 21 20.652210476888023 3.1034220554504754
      vertex 21 20.652210476888023 3.8965779445495246
    endloop
  endfacet
  facet normal -1 0 0
    outer loop
      vertex 21 20.652210476888023 3.8965779445495246
      vertex 21 20.6 3.0999999999999996
      vertex 21 20.6 3.9000000000000004
    endloop
  endfacet
  facet normal -1 0 0
    outer loop
      vertex 21 20.986370330515626 3.6035276180410083
      vertex 21 20.986370330515626 3.3964723819589917
      vertex 21 20.969551813004514 3.346926627053964
    endloop
  endfacet
  facet normal -1 0 0
    outer loop
      vertex 21 20.969551813004514 3.653073372946036
      vertex 21 20.969551813004514 3.346926627053964
      vertex 21 20.946410161513775 3.3
    endloop
  endfacet
  facet normal -1 0 0
    outer loop
      vertex 21 20.946410161513775 3.7
      vertex 21 20.946410161513775 3.3
      vertex 21 20.917341336116493 3.256495428396512
    endloop
  endfacet
  facet normal -1 0 0
    outer loop
      vertex 21 20.917341336116493 3.743504571603488
      vertex 21 20.917341336116493 3.256495428396512
      vertex 21 20.88284271247462 3.2171572875253807
    endloop
  endfacet
  facet normal -1 0 0
    outer loop
      vertex 21 20.88284271247462 3.7828427124746193
      vertex 21 20.88284271247462 3.2171572875253807
      vertex 21 20.84350457160349 3.1826586638835064
    endloop
  endfacet
  facet normal -1 0 0
    outer loop
      vertex 21 20.84350457160349 3.8173413361164936
      vertex 21 20.84350457160349 3.1826586638835064
      vertex 21 20.8 3.1535898384862247
    endloop
  endfacet
  facet normal -1 0 0
    outer loop
      vertex 21 20.8 3.8464101615137753
      vertex 21 20.8 3.1535898384862247
      vertex 21 20.753073372946037 3.130448186995485
    endloop
  endfacet
  facet normal -1 0 0
    outer loop
      vertex 21 20.753073372946037 3.869551813004515
      vertex 21 20.753073372946037 3.130448186995485
      vertex 21 20.703527618041008 3.1136296694843724
    endloop
  endfacet
  facet normal -1 0 0
    outer loop
      vertex 21 20.703527618041008 3.8863703305156276
      vertex 21 20.703527618041008 3.1136296694843724
      vertex 21 20.652210476888023 3.1034220554504754
    endloop
  endfacet
  facet normal -1 0 0
    outer loop
      vertex 21 20.652210476888023 3.8965779445495246
      vertex 21 20.652210476888023 3.1034220554504754
      vertex 21 20.6 3.0999999999999996
    endloop
  endfacet
  facet normal 0 0.44228869021900913 0.8968727415326845
    outer loop
      vertex 21 20.753073372946037 3.869551813004515
      vertex 27 20.753073372946037 3.869551813004515
      vertex 21 20.8 3.8464101615137753
    endloop
  endfacet
  facet normal 0 0.3214394653031557 0.9469301294951078
    outer loop
      vertex 21 20.703527618041008 3.8863703305156276
      vertex 27 20.703527618041008 3.8863703305156276
      vertex 21 20.753073372946037 3.869551813004515
    endloop
  endfacet
  facet normal -7.356558462078982e-20 0.6593458151000616 0.7518398074789837
    outer loop
      vertex 21 20.88284271247462 3.7828427124746193
      vertex 21 20.84350457160349 3.8173413361164936
      vertex 27 20.84350457160349 3.8173413361164936
    endloop
  endfacet
  facet normal -1.96055662699601e-19 0.7518398074789995 0.6593458151000436
    outer loop
      vertex 21 20.88284271247462 3.7828427124746193
      vertex 27 20.917341336116493 3.743504571603488
      vertex 21 20.917341336116493 3.743504571603488
    endloop
  endfacet
  facet normal 0 0.5555702330196043 0.831469612302544
    outer loop
      vertex 21 20.8 3.8464101615137753
      vertex 27 20.8 3.8464101615137753
      vertex 21 20.84350457160349 3.8173413361164936
    endloop
  endfacet
  facet normal -9.263906129329334e-20 0.19509032201613796 0.9807852804032285
    outer loop
      vertex 21 20.703527618041008 3.8863703305156276
      vertex 21 20.652210476888023 3.8965779445495246
      vertex 27 20.652210476888023 3.8965779445495246
    endloop
  endfacet
  facet normal 1.2318294540608321e-20 0.06540312923014178 0.9978589232386036
    outer loop
      vertex 21 20.652210476888023 3.8965779445495246
      vertex 21 20.6 3.9000000000000004
      vertex 27 20.6 3.9000000000000004
    endloop
  endfacet
  facet normal 2.688607184853729e-19 0.8314696123025386 0.5555702330196121
    outer loop
      vertex 21 20.917341336116493 3.743504571603488
      vertex 27 20.946410161513775 3.7
      vertex 21 20.946410161513775 3.7
    endloop
  endfacet
  facet normal -3.209258543117657e-20 0.8968727415326878 0.4422886902190024
    outer loop
      vertex 21 20.946410161513775 3.7
      vertex 27 20.969551813004514 3.653073372946036
      vertex 21 20.969551813004514 3.653073372946036
    endloop
  endfacet
  facet normal -1.58967736392447e-19 0.9469301294951094 0.32143946530315076
    outer loop
      vertex 21 20.969551813004514 3.653073372946036
      vertex 27 20.986370330515626 3.6035276180410083
      vertex 21 20.986370330515626 3.6035276180410083
    endloop
  endfacet
  facet normal 3.087396759712152e-20 0.980785280403224 0.19509032201616086
    outer loop
      vertex 21 20.986370330515626 3.6035276180410083
      vertex 27 20.996577944549525 3.5522104768880203
      vertex 21 20.996577944549525 3.5522104768880203
    endloop
  endfacet
  facet normal 9.45351473861719e-21 0.9978589232386047 0.06540312923012599
    outer loop
      vertex 21 20.996577944549525 3.5522104768880203
      vertex 27 21 3.5
      vertex 21 21 3.5
    endloop
  endfacet
  facet normal -9.45351473861719e-21 0.9978589232386047 -0.06540312923012599
    outer loop
      vertex 21 21 3.5
      vertex 27 20.996577944549525 3.4477895231119797
      vertex 21 20.996577944549525 3.4477895231119797
    endloop
  endfacet
  facet normal -3.087396759712152e-20 0.980785280403224 -0.19509032201616086
    outer loop
      vertex 21 20.996577944549525 3.4477895231119797
      vertex 27 20.986370330515626 3.3964723819589917
      vertex 21 20.986370330515626 3.3964723819589917
    endloop
  endfacet
  facet normal 1.58967736392447e-19 0.9469301294951094 -0.32143946530315076
    outer loop
      vertex 21 20.986370330515626 3.3964723819589917
      vertex 27 20.969551813004514 3.346926627053964
      vertex 21 20.969551813004514 3.346926627053964
    endloop
  endfacet
  facet normal 3.209258543117657e-20 0.8968727415326878 -0.4422886902190024
    outer loop
      vertex 21 20.969551813004514 3.346926627053964
      vertex 27 20.946410161513775 3.3
      vertex 21 20.946410161513775 3.3
    endloop
  endfacet
  facet normal -2.688607184853729e-19 0.8314696123025386 -0.5555702330196121
    outer loop
      vertex 21 20.946410161513775 3.3
      vertex 27 20.917341336116493 3.256495428396512
      vertex 21 20.917341336116493 3.256495428396512
    endloop
  endfacet
  facet normal 1.96055662699601e-19 0.7518398074789995 -0.6593458151000436
    outer loop
      vertex 21 20.917341336116493 3.256495428396512
      vertex 27 20.88284271247462 3.2171572875253807
      vertex 21 20.88284271247462 3.2171572875253807
    endloop
  endfacet
  facet normal 0 0.6593458151000616 -0.7518398074789837
    outer loop
      vertex 21 20.88284271247462 3.2171572875253807
      vertex 27 20.88284271247462 3.2171572875253807
      vertex 21 20.84350457160349 3.1826586638835064
    endloop
  endfacet
  facet normal 0 0.44228869021900913 0.8968727415326845
    outer loop
      vertex 21 20.8 3.8464101615137753
      vertex 27 20.753073372946037 3.869551813004515
      vertex 27 20.8 3.8464101615137753
    endloop
  endfacet
  facet normal 0 0.3214394653031557 0.9469301294951078
    outer loop
      vertex 21 20.753073372946037 3.869551813004515
      vertex 27 20.703527618041008 3.8863703305156276
      vertex 27 20.753073372946037 3.869551813004515
    endloop
  endfacet
  facet normal 0 0.6593458151000616 0.7518398074789837
    outer loop
      vertex 21 20.88284271247462 3.7828427124746193
      vertex 27 20.84350457160349 3.8173413361164936
      vertex 27 20.88284271247462 3.7828427124746193
    endloop
  endfacet
  facet normal 0 0.8314696123025386 0.5555702330196121
    outer loop
      vertex 21 20.917341336116493 3.743504571603488
      vertex 27 20.917341336116493 3.743504571603488
      vertex 27 20.946410161513775 3.7
    endloop
  endfacet
  facet normal 0 0.7518398074789995 0.6593458151000436
    outer loop
      vertex 21 20.88284271247462 3.7828427124746193
      vertex 27 20.88284271247462 3.7828427124746193
      vertex 27 20.917341336116493 3.743504571603488
    endloop
  endfacet
  facet normal 0 0.5555702330196043 0.831469612302544
    outer loop
      vertex 21 20.84350457160349 3.8173413361164936
      vertex 27 20.8 3.8464101615137753
      vertex 27 20.84350457160349 3.8173413361164936
    endloop
  endfacet
  facet normal 0 0.19509032201613796 0.9807852804032285
    outer loop
      vertex 21 20.703527618041008 3.8863703305156276
      vertex 27 20.652210476888023 3.8965779445495246
      vertex 27 20.703527618041008 3.8863703305156276
    endloop
  endfacet
  facet normal 0 0.06540312923014178 0.9978589232386036
    outer loop
      vertex 21 20.652210476888023 3.8965779445495246
      vertex 27 20.6 3.9000000000000004
      vertex 27 20.652210476888023 3.8965779445495246
    endloop
  endfacet
  facet normal 0 0.8968727415326878 0.4422886902190024
    outer loop
      vertex 21 20.946410161513775 3.7
      vertex 27 20.946410161513775 3.7
      vertex 27 20.969551813004514 3.653073372946036
    endloop
  endfacet
  facet normal 0 0.9469301294951094 0.32143946530315076
    outer loop
      vertex 21 20.969551813004514 3.653073372946036
      vertex 27 20.969551813004514 3.653073372946036
      vertex 27 20.986370330515626 3.6035276180410083
    endloop
  endfacet
  facet normal 0 0.980785280403224 0.19509032201616086
    outer loop
      vertex 21 20.986370330515626 3.6035276180410083
      vertex 27 20.986370330515626 3.6035276180410083
      vertex 27 20.996577944549525 3.5522104768880203
    endloop
  endfacet
  facet normal 0 0.9978589232386047 0.06540312923012599
    outer loop
      vertex 21 20.996577944549525 3.5522104768880203
      vertex 27 20.996577944549525 3.5522104768880203
      vertex 27 21 3.5
    endloop
  endfacet
  facet normal 0 0.9978589232386047 -0.06540312923012599
    outer loop
      vertex 21 21 3.5
      vertex 27 21 3.5
      vertex 27 20.996577944549525 3.4477895231119797
    endloop
  endfacet
  facet normal 0 0.980785280403224 -0.19509032201616086
    outer loop
      vertex 21 20.996577944549525 3.4477895231119797
      vertex 27 20.996577944549525 3.4477895231119797
      vertex 27 20.986370330515626 3.3964723819589917
    endloop
  endfacet
  facet normal 0 0.9469301294951094 -0.32143946530315076
    outer loop
      vertex 21 20.986370330515626 3.3964723819589917
      vertex 27 20.986370330515626 3.3964723819589917
      vertex 27 20.969551813004514 3.346926627053964
    endloop
  endfacet
  facet normal 0 0.8968727415326878 -0.4422886902190024
    outer loop
      vertex 21 20.969551813004514 3.346926627053964
      vertex 27 20.969551813004514 3.346926627053964
      vertex 27 20.946410161513775 3.3
    endloop
  endfacet
  facet normal 0 0.8314696123025386 -0.5555702330196121
    outer loop
      vertex 21 20.946410161513775 3.3
      vertex 27 20.946410161513775 3.3
      vertex 27 20.917341336116493 3.256495428396512
    endloop
  endfacet
  facet normal 0 0.7518398074789995 -0.6593458151000436
    outer loop
      vertex 21 20.917341336116493 3.256495428396512
      vertex 27 20.917341336116493 3.256495428396512
      vertex 27 20.88284271247462 3.2171572875253807
    endloop
  endfacet
  facet normal 0 0.6593458151000616 -0.7518398074789837
    outer loop
      vertex 21 20.84350457160349 3.1826586638835064
      vertex 27 20.88284271247462 3.2171572875253807
      vertex 27 20.84350457160349 3.1826586638835064
    endloop
  endfacet
  facet normal 0 0.5555702330196043 -0.831469612302544
    outer loop
      vertex 21 20.84350457160349 3.1826586638835064
      vertex 27 20.84350457160349 3.1826586638835064
      vertex 21 20.8 3.1535898384862247
    endloop
  endfacet
  facet normal 0 0.44228869021900913 -0.8968727415326845
    outer loop
      vertex 21 20.8 3.1535898384862247
      vertex 27 20.8 3.1535898384862247
      vertex 21 20.753073372946037 3.130448186995485
    endloop
  endfacet
  facet normal 0 0.3214394653031557 -0.9469301294951078
    outer loop
      vertex 21 20.753073372946037 3.130448186995485
      vertex 27 20.753073372946037 3.130448186995485
      vertex 21 20.703527618041008 3.1136296694843724
    endloop
  endfacet
  facet normal 0 0.19509032201613796 -0.9807852804032285
    outer loop
      vertex 21 20.703527618041008 3.1136296694843724
      vertex 27 20.703527618041008 3.1136296694843724
      vertex 21 20.652210476888023 3.1034220554504754
    endloop
  endfacet
  facet normal 0 0.06540312923014178 -0.9978589232386036
    outer loop
      vertex 21 20.652210476888023 3.1034220554504754
      vertex 27 20.652210476888023 3.1034220554504754
      vertex 21 20.6 3.0999999999999996
    endloop
  endfacet
  facet normal 0 0.5555702330196043 -0.831469612302544
    outer loop
      vertex 21 20.8 3.1535898384862247
      vertex 27 20.84350457160349 3.1826586638835064
      vertex 27 20.8 3.1535898384862247
    endloop
  endfacet
  facet normal 0 0.44228869021900913 -0.8968727415326845
    outer loop
      vertex 21 20.753073372946037 3.130448186995485
      vertex 27 20.8 3.1535898384862247
      vertex 27 20.753073372946037 3.130448186995485
    endloop
  endfacet
  facet normal 0 0.3214394653031557 -0.9469301294951078
    outer loop
      vertex 21 20.703527618041008 3.1136296694843724
      vertex 27 20.753073372946037 3.130448186995485
      vertex 27 20.703527618041008 3.1136296694843724
    endloop
  endfacet
  facet normal 0 0.19509032201613796 -0.9807852804032285
    outer loop
      vertex 21 20.652210476888023 3.1034220554504754
      vertex 27 20.703527618041008 3.1136296694843724
      vertex 27 20.652210476888023 3.1034220554504754
    endloop
  endfacet
  facet normal 0 0.06540312923014178 -0.9978589232386036
    outer loop
      vertex 21 20.6 3.0999999999999996
      vertex 27 20.652210476888023 3.1034220554504754
      vertex 27 20.6 3.0999999999999996
    endloop
  endfacet
  facet normal 1 0 0
    outer loop
      vertex 27 20.88284271247462 3.7828427124746193
      vertex 27 20.917341336116493 3.256495428396512
      vertex 27 20.917341336116493 3.743504571603488
    endloop
  endfacet
  facet normal 1 0 0
    outer loop
      vertex 27 20.88284271247462 3.7828427124746193
      vertex 27 20.84350457160349 3.8173413361164936
      vertex 27 20.88284271247462 3.2171572875253807
    endloop
  endfacet
  facet normal 1 0 0
    outer loop
      vertex 27 20.753073372946037 3.869551813004515
      vertex 27 20.8 3.1535898384862247
      vertex 27 20.8 3.8464101615137753
    endloop
  endfacet
  facet normal 1 0 0
    outer loop
      vertex 27 20.8 3.8464101615137753
      vertex 27 20.84350457160349 3.1826586638835064
      vertex 27 20.84350457160349 3.8173413361164936
    endloop
  endfacet
  facet normal 1 0 0
    outer loop
      vertex 27 20.703527618041008 3.8863703305156276
      vertex 27 20.753073372946037 3.130448186995485
      vertex 27 20.753073372946037 3.869551813004515
    endloop
  endfacet
  facet normal 1 0 0
    outer loop
      vertex 27 20.946410161513775 3.7
      vertex 27 20.969551813004514 3.346926627053964
      vertex 27 20.969551813004514 3.653073372946036
    endloop
  endfacet
  facet normal 1 0 0
    outer loop
      vertex 27 20.917341336116493 3.743504571603488
      vertex 27 20.946410161513775 3.3
      vertex 27 20.946410161513775 3.7
    endloop
  endfacet
  facet normal 1 0 0
    outer loop
      vertex 27 20.969551813004514 3.653073372946036
      vertex 27 20.986370330515626 3.3964723819589917
      vertex 27 20.986370330515626 3.6035276180410083
    endloop
  endfacet
  facet normal 1 0 0
    outer loop
      vertex 27 20.986370330515626 3.6035276180410083
      vertex 27 20.996577944549525 3.4477895231119797
      vertex 27 20.996577944549525 3.5522104768880203
    endloop
  endfacet
  facet normal 1 0 0
    outer loop
      vertex 27 20.996577944549525 3.5522104768880203
      vertex 27 20.996577944549525 3.4477895231119797
      vertex 27 21 3.5
    endloop
  endfacet
  facet normal 1 0 0
    outer loop
      vertex 27 20.986370330515626 3.6035276180410083
      vertex 27 20.986370330515626 3.3964723819589917
      vertex 27 20.996577944549525 3.4477895231119797
    endloop
  endfacet
  facet normal 1 0 0
    outer loop
      vertex 27 20.969551813004514 3.653073372946036
      vertex 27 20.969551813004514 3.346926627053964
      vertex 27 20.986370330515626 3.3964723819589917
    endloop
  endfacet
  facet normal 1 0 0
    outer loop
      vertex 27 20.703527618041008 3.8863703305156276
      vertex 27 20.652210476888023 3.8965779445495246
      vertex 27 20.703527618041008 3.1136296694843724
    endloop
  endfacet
  facet normal 1 0 0
    outer loop
      vertex 27 20.652210476888023 3.8965779445495246
      vertex 27 20.6 3.9000000000000004
      vertex 27 20.652210476888023 3.1034220554504754
    endloop
  endfacet
  facet normal 1 0 0
    outer loop
      vertex 27 20.946410161513775 3.7
      vertex 27 20.946410161513775 3.3
      vertex 27 20.969551813004514 3.346926627053964
    endloop
  endfacet
  facet normal 1 0 0
    outer loop
      vertex 27 20.917341336116493 3.743504571603488
      vertex 27 20.917341336116493 3.256495428396512
      vertex 27 20.946410161513775 3.3
    endloop
  endfacet
  facet normal 1 0 0
    outer loop
      vertex 27 20.88284271247462 3.7828427124746193
      vertex 27 20.88284271247462 3.2171572875253807
      vertex 27 20.917341336116493 3.256495428396512
    endloop
  endfacet
  facet normal 1 0 0
    outer loop
      vertex 27 20.84350457160349 3.8173413361164936
      vertex 27 20.84350457160349 3.1826586638835064
      vertex 27 20.88284271247462 3.2171572875253807
    endloop
  endfacet
  facet normal 1 0 0
    outer loop
      vertex 27 20.8 3.8464101615137753
      vertex 27 20.8 3.1535898384862247
      vertex 27 20.84350457160349 3.1826586638835064
    endloop
  endfacet
  facet normal 1 0 0
    outer loop
      vertex 27 20.753073372946037 3.869551813004515
      vertex 27 20.753073372946037 3.130448186995485
      vertex 27 20.8 3.1535898384862247
    endloop
  endfacet
  facet normal 1 0 0
    outer loop
      vertex 27 20.703527618041008 3.8863703305156276
      vertex 27 20.703527618041008 3.1136296694843724
      vertex 27 20.753073372946037 3.130448186995485
    endloop
  endfacet
  facet normal 1 0 0
    outer loop
      vertex 27 20.652210476888023 3.8965779445495246
      vertex 27 20.652210476888023 3.1034220554504754
      vertex 27 20.703527618041008 3.1136296694843724
    endloop
  endfacet
  facet normal 1 0 0
    outer loop
      vertex 27 20.6 3.9000000000000004
      vertex 27 20.6 3.0999999999999996
      vertex 27 20.652210476888023 3.1034220554504754
    endloop
  endfacet
  facet normal -1 0 0
    outer loop
      vertex 21 1.4000000000000021 3.9000000000000004
      vertex 21 1.3477895231119774 3.1034220554504754
      vertex 21 1.3477895231119774 3.8965779445495246
    endloop
  endfacet
  facet normal -1 0 0
    outer loop
      vertex 21 1.3477895231119774 3.8965779445495246
      vertex 21 1.296472381958992 3.1136296694843724
      vertex 21 1.296472381958992 3.8863703305156276
    endloop
  endfacet
  facet normal -1 0 0
    outer loop
      vertex 21 1.296472381958992 3.8863703305156276
      vertex 21 1.2469266270539627 3.130448186995485
      vertex 21 1.2469266270539627 3.869551813004515
    endloop
  endfacet
  facet normal -1 0 0
    outer loop
      vertex 21 1.2469266270539627 3.869551813004515
      vertex 21 1.1999999999999993 3.1535898384862247
      vertex 21 1.1999999999999993 3.8464101615137753
    endloop
  endfacet
  facet normal -1 0 0
    outer loop
      vertex 21 1.1999999999999993 3.8464101615137753
      vertex 21 1.1564954283965108 3.1826586638835064
      vertex 21 1.1564954283965108 3.8173413361164936
    endloop
  endfacet
  facet normal -1 0 0
    outer loop
      vertex 21 1.1564954283965108 3.8173413361164936
      vertex 21 1.1171572875253801 3.2171572875253807
      vertex 21 1.1171572875253801 3.7828427124746193
    endloop
  endfacet
  facet normal -1 0 0
    outer loop
      vertex 21 1.1171572875253801 3.7828427124746193
      vertex 21 1.0826586638835032 3.256495428396512
      vertex 21 1.0826586638835032 3.743504571603488
    endloop
  endfacet
  facet normal -1 0 0
    outer loop
      vertex 21 1.0826586638835032 3.743504571603488
      vertex 21 1.0535898384862215 3.3
      vertex 21 1.0535898384862215 3.7
    endloop
  endfacet
  facet normal -1 0 0
    outer loop
      vertex 21 1.0535898384862215 3.7
      vertex 21 1.0304481869954856 3.346926627053964
      vertex 21 1.0304481869954856 3.653073372946036
    endloop
  endfacet
  facet normal -1 0 0
    outer loop
      vertex 21 1.0304481869954856 3.653073372946036
      vertex 21 1.01362966948437 3.3964723819589917
      vertex 21 1.01362966948437 3.6035276180410083
    endloop
  endfacet
  facet normal -1 0 0
    outer loop
      vertex 21 1.01362966948437 3.6035276180410083
      vertex 21 1.003422055450475 3.4477895231119797
      vertex 21 1.003422055450475 3.5522104768880203
    endloop
  endfacet
  facet normal -1 0 0
    outer loop
      vertex 21 1.003422055450475 3.5522104768880203
      vertex 21 1.003422055450475 3.4477895231119797
      vertex 21 1 3.5
    endloop
  endfacet
  facet normal -1 0 0
    outer loop
      vertex 21 1.01362966948437 3.6035276180410083
      vertex 21 1.01362966948437 3.3964723819589917
      vertex 21 1.003422055450475 3.4477895231119797
    endloop
  endfacet
  facet normal -1 0 0
    outer loop
      vertex 21 1.0304481869954856 3.653073372946036
      vertex 21 1.0304481869954856 3.346926627053964
      vertex 21 1.01362966948437 3.3964723819589917
    endloop
  endfacet
  facet normal -1 0 0
    outer loop
      vertex 21 1.4000000000000021 3.9000000000000004
      vertex 21 1.4000000000000021 3.0999999999999996
      vertex 21 1.3477895231119774 3.1034220554504754
    endloop
  endfacet
  facet normal -1 0 0
    outer loop
      vertex 21 1.3477895231119774 3.8965779445495246
      vertex 21 1.3477895231119774 3.1034220554504754
      vertex 21 1.296472381958992 3.1136296694843724
    endloop
  endfacet
  facet normal -1 0 0
    outer loop
      vertex 21 1.1999999999999993 3.8464101615137753
      vertex 21 1.1999999999999993 3.1535898384862247
      vertex 21 1.1564954283965108 3.1826586638835064
    endloop
  endfacet
  facet normal -1 0 0
    outer loop
      vertex 21 1.296472381958992 3.8863703305156276
      vertex 21 1.296472381958992 3.1136296694843724
      vertex 21 1.2469266270539627 3.130448186995485
    endloop
  endfacet
  facet normal -1 0 0
    outer loop
      vertex 21 1.2469266270539627 3.869551813004515
      vertex 21 1.2469266270539627 3.130448186995485
      vertex 21 1.1999999999999993 3.1535898384862247
    endloop
  endfacet
  facet normal -1 0 0
    outer loop
      vertex 21 1.1564954283965108 3.8173413361164936
      vertex 21 1.1564954283965108 3.1826586638835064
      vertex 21 1.1171572875253801 3.2171572875253807
    endloop
  endfacet
  facet normal -1 0 0
    outer loop
      vertex 21 1.1171572875253801 3.7828427124746193
      vertex 21 1.1171572875253801 3.2171572875253807
      vertex 21 1.0826586638835032 3.256495428396512
    endloop
  endfacet
  facet normal -1 0 0
    outer loop
      vertex 21 1.0535898384862215 3.7
      vertex 21 1.0535898384862215 3.3
      vertex 21 1.0304481869954856 3.346926627053964
    endloop
  endfacet
  facet normal -1 0 0
    outer loop
      vertex 21 1.0826586638835032 3.743504571603488
      vertex 21 1.0826586638835032 3.256495428396512
      vertex 21 1.0535898384862215 3.3
    endloop
  endfacet
  facet normal 3.392973687510581e-20 -0.06540312923013734 0.9978589232386038
    outer loop
      vertex 21 1.4000000000000021 3.9000000000000004
      vertex 21 1.3477895231119774 3.8965779445495246
      vertex 27 1.3477895231119774 3.8965779445495246
    endloop
  endfacet
  facet normal 9.263906129329334e-20 -0.19509032201613796 0.9807852804032285
    outer loop
      vertex 21 1.3477895231119774 3.8965779445495246
      vertex 21 1.296472381958992 3.8863703305156276
      vertex 27 1.296472381958992 3.8863703305156276
    endloop
  endfacet
  facet normal -3.670734189761744e-20 -0.3214394653031557 0.9469301294951078
    outer loop
      vertex 21 1.296472381958992 3.8863703305156276
      vertex 21 1.2469266270539627 3.869551813004515
      vertex 27 1.2469266270539627 3.869551813004515
    endloop
  endfacet
  facet normal 1.7838345442697654e-19 -0.44228869021900913 0.8968727415326845
    outer loop
      vertex 21 1.2469266270539627 3.869551813004515
      vertex 21 1.1999999999999993 3.8464101615137753
      vertex 27 1.1999999999999993 3.8464101615137753
    endloop
  endfacet
  facet normal -2.2333633344647228e-19 -0.5555702330196043 0.831469612302544
    outer loop
      vertex 21 1.1999999999999993 3.8464101615137753
      vertex 21 1.1564954283965108 3.8173413361164936
      vertex 27 1.1564954283965108 3.8173413361164936
    endloop
  endfacet
  facet normal 7.356558462078982e-20 -0.6593458151000616 0.7518398074789837
    outer loop
      vertex 21 1.1564954283965108 3.8173413361164936
      vertex 21 1.1171572875253801 3.7828427124746193
      vertex 27 1.1171572875253801 3.7828427124746193
    endloop
  endfacet
  facet normal 0 -0.7518398074789658 0.6593458151000821
    outer loop
      vertex 21 1.1171572875253801 3.7828427124746193
      vertex 21 1.0826586638835032 3.743504571603488
      vertex 27 1.1171572875253801 3.7828427124746193
    endloop
  endfacet
  facet normal 0 -0.8314696123025386 0.5555702330196121
    outer loop
      vertex 21 1.0826586638835032 3.743504571603488
      vertex 21 1.0535898384862215 3.7
      vertex 27 1.0826586638835032 3.743504571603488
    endloop
  endfacet
  facet normal 0 -0.8968727415327148 0.4422886902189478
    outer loop
      vertex 21 1.0535898384862215 3.7
      vertex 21 1.0304481869954856 3.653073372946036
      vertex 27 1.0535898384862215 3.7
    endloop
  endfacet
  facet normal 0 -0.9469301294950887 0.32143946530321166
    outer loop
      vertex 21 1.0304481869954856 3.653073372946036
      vertex 21 1.01362966948437 3.6035276180410083
      vertex 27 1.0304481869954856 3.653073372946036
    endloop
  endfacet
  facet normal 0 -0.980785280403237 0.19509032201609555
    outer loop
      vertex 21 1.01362966948437 3.6035276180410083
      vertex 21 1.003422055450475 3.5522104768880203
      vertex 27 1.01362966948437 3.6035276180410083
    endloop
  endfacet
  facet normal 0 -0.9978589232386047 0.06540312923012599
    outer loop
      vertex 21 1.003422055450475 3.5522104768880203
      vertex 21 1 3.5
      vertex 27 1.003422055450475 3.5522104768880203
    endloop
  endfacet
  facet normal 0 -0.9978589232386047 -0.06540312923012599
    outer loop
      vertex 21 1 3.5
      vertex 21 1.003422055450475 3.4477895231119797
      vertex 27 1 3.5
    endloop
  endfacet
  facet normal 0 -0.980785280403237 -0.19509032201609555
    outer loop
      vertex 21 1.003422055450475 3.4477895231119797
      vertex 21 1.01362966948437 3.3964723819589917
      vertex 27 1.003422055450475 3.4477895231119797
    endloop
  endfacet
  facet normal 0 -0.9469301294950887 -0.32143946530321166
    outer loop
      vertex 21 1.01362966948437 3.3964723819589917
      vertex 21 1.0304481869954856 3.346926627053964
      vertex 27 1.01362966948437 3.3964723819589917
    endloop
  endfacet
  facet normal 0 -0.8968727415327148 -0.4422886902189478
    outer loop
      vertex 21 1.0304481869954856 3.346926627053964
      vertex 21 1.0535898384862215 3.3
      vertex 27 1.0304481869954856 3.346926627053964
    endloop
  endfacet
  facet normal 2.688607184853729e-19 -0.8314696123025386 -0.5555702330196121
    outer loop
      vertex 21 1.0826586638835032 3.256495428396512
      vertex 27 1.0535898384862215 3.3
      vertex 21 1.0535898384862215 3.3
    endloop
  endfacet
  facet normal 0 -0.7518398074789658 -0.6593458151000821
    outer loop
      vertex 21 1.0826586638835032 3.256495428396512
      vertex 21 1.1171572875253801 3.2171572875253807
      vertex 27 1.0826586638835032 3.256495428396512
    endloop
  endfacet
  facet normal -7.356558462078982e-20 -0.6593458151000616 -0.7518398074789837
    outer loop
      vertex 21 1.1171572875253801 3.2171572875253807
      vertex 21 1.1564954283965108 3.1826586638835064
      vertex 27 1.1564954283965108 3.1826586638835064
    endloop
  endfacet
  facet normal 9.010480408845549e-15 -0.0654031292291063 0.9978589232386713
    outer loop
      vertex 21 1.4000000000000021 3.9000000000000004
      vertex 27 1.3477895231119774 3.8965779445495246
      vertex 27 1.4000000000000021 3.899999999999946
    endloop
  endfacet
  facet normal 0 -0.19509032201613796 0.9807852804032285
    outer loop
      vertex 21 1.3477895231119774 3.8965779445495246
      vertex 27 1.296472381958992 3.8863703305156276
      vertex 27 1.3477895231119774 3.8965779445495246
    endloop
  endfacet
  facet normal 0 -0.3214394653031557 0.9469301294951078
    outer loop
      vertex 21 1.296472381958992 3.8863703305156276
      vertex 27 1.2469266270539627 3.869551813004515
      vertex 27 1.296472381958992 3.8863703305156276
    endloop
  endfacet
  facet normal 0 -0.44228869021900913 0.8968727415326845
    outer loop
      vertex 21 1.2469266270539627 3.869551813004515
      vertex 27 1.1999999999999993 3.8464101615137753
      vertex 27 1.2469266270539627 3.869551813004515
    endloop
  endfacet
  facet normal 0 -0.5555702330196043 0.831469612302544
    outer loop
      vertex 21 1.1999999999999993 3.8464101615137753
      vertex 27 1.1564954283965108 3.8173413361164936
      vertex 27 1.1999999999999993 3.8464101615137753
    endloop
  endfacet
  facet normal 0 -0.6593458151000616 0.7518398074789837
    outer loop
      vertex 21 1.1564954283965108 3.8173413361164936
      vertex 27 1.1171572875253801 3.7828427124746193
      vertex 27 1.1564954283965108 3.8173413361164936
    endloop
  endfacet
  facet normal 0 -0.7518398074789658 0.6593458151000821
    outer loop
      vertex 21 1.0826586638835032 3.743504571603488
      vertex 27 1.0826586638835032 3.743504571603488
      vertex 27 1.1171572875253801 3.7828427124746193
    endloop
  endfacet
  facet normal 0 -0.8314696123025386 0.5555702330196121
    outer loop
      vertex 21 1.0535898384862215 3.7
      vertex 27 1.0535898384862215 3.7
      vertex 27 1.0826586638835032 3.743504571603488
    endloop
  endfacet
  facet normal 0 -0.8968727415327148 0.4422886902189478
    outer loop
      vertex 21 1.0304481869954856 3.653073372946036
      vertex 27 1.0304481869954856 3.653073372946036
      vertex 27 1.0535898384862215 3.7
    endloop
  endfacet
  facet normal 0 -0.9469301294950887 0.32143946530321166
    outer loop
      vertex 21 1.01362966948437 3.6035276180410083
      vertex 27 1.01362966948437 3.6035276180410083
      vertex 27 1.0304481869954856 3.653073372946036
    endloop
  endfacet
  facet normal 0 -0.980785280403237 0.19509032201609555
    outer loop
      vertex 21 1.003422055450475 3.5522104768880203
      vertex 27 1.003422055450475 3.5522104768880203
      vertex 27 1.01362966948437 3.6035276180410083
    endloop
  endfacet
  facet normal 0 -0.9978589232386047 0.06540312923012599
    outer loop
      vertex 21 1 3.5
      vertex 27 1 3.5
      vertex 27 1.003422055450475 3.5522104768880203
    endloop
  endfacet
  facet normal 0 -0.9978589232386047 -0.06540312923012599
    outer loop
      vertex 21 1.003422055450475 3.4477895231119797
      vertex 27 1.003422055450475 3.4477895231119797
      vertex 27 1 3.5
    endloop
  endfacet
  facet normal 0 -0.980785280403237 -0.19509032201609555
    outer loop
      vertex 21 1.01362966948437 3.3964723819589917
      vertex 27 1.01362966948437 3.3964723819589917
      vertex 27 1.003422055450475 3.4477895231119797
    endloop
  endfacet
  facet normal 0 -0.9469301294950887 -0.32143946530321166
    outer loop
      vertex 21 1.0304481869954856 3.346926627053964
      vertex 27 1.0304481869954856 3.346926627053964
      vertex 27 1.01362966948437 3.3964723819589917
    endloop
  endfacet
  facet normal 0 -0.8968727415327148 -0.4422886902189478
    outer loop
      vertex 21 1.0535898384862215 3.3
      vertex 27 1.0535898384862215 3.3
      vertex 27 1.0304481869954856 3.346926627053964
    endloop
  endfacet
  facet normal 0 -0.8314696123025386 -0.5555702330196121
    outer loop
      vertex 21 1.0826586638835032 3.256495428396512
      vertex 27 1.0826586638835032 3.256495428396512
      vertex 27 1.0535898384862215 3.3
    endloop
  endfacet
  facet normal 0 -0.7518398074789658 -0.6593458151000821
    outer loop
      vertex 21 1.1171572875253801 3.2171572875253807
      vertex 27 1.1171572875253801 3.2171572875253807
      vertex 27 1.0826586638835032 3.256495428396512
    endloop
  endfacet
  facet normal 0 -0.6593458151000616 -0.7518398074789837
    outer loop
      vertex 21 1.1171572875253801 3.2171572875253807
      vertex 27 1.1564954283965108 3.1826586638835064
      vertex 27 1.1171572875253801 3.2171572875253807
    endloop
  endfacet
  facet normal 0 -0.06540312923013734 -0.9978589232386038
    outer loop
      vertex 21 1.4000000000000021 3.0999999999999996
      vertex 27 1.4000000000000021 3.0999999999999996
      vertex 21 1.3477895231119774 3.1034220554504754
    endloop
  endfacet
  facet normal 0 -0.19509032201613796 -0.9807852804032285
    outer loop
      vertex 21 1.3477895231119774 3.1034220554504754
      vertex 27 1.3477895231119774 3.1034220554504754
      vertex 21 1.296472381958992 3.1136296694843724
    endloop
  endfacet
  facet normal 2.2333633344647228e-19 -0.5555702330196043 -0.831469612302544
    outer loop
      vertex 21 1.1564954283965108 3.1826586638835064
      vertex 21 1.1999999999999993 3.1535898384862247
      vertex 27 1.1999999999999993 3.1535898384862247
    endloop
  endfacet
  facet normal 0 -0.44228869021900913 -0.8968727415326845
    outer loop
      vertex 21 1.2469266270539627 3.130448186995485
      vertex 27 1.2469266270539627 3.130448186995485
      vertex 21 1.1999999999999993 3.1535898384862247
    endloop
  endfacet
  facet normal 3.670734189761744e-20 -0.3214394653031557 -0.9469301294951078
    outer loop
      vertex 21 1.2469266270539627 3.130448186995485
      vertex 21 1.296472381958992 3.1136296694843724
      vertex 27 1.296472381958992 3.1136296694843724
    endloop
  endfacet
  facet normal 0 -0.06540312923013734 -0.9978589232386038
    outer loop
      vertex 21 1.3477895231119774 3.1034220554504754
      vertex 27 1.4000000000000021 3.0999999999999996
      vertex 27 1.3477895231119774 3.1034220554504754
    endloop
  endfacet
  facet normal 0 -0.19509032201613796 -0.9807852804032285
    outer loop
      vertex 21 1.296472381958992 3.1136296694843724
      vertex 27 1.3477895231119774 3.1034220554504754
      vertex 27 1.296472381958992 3.1136296694843724
    endloop
  endfacet
  facet normal 0 -0.3214394653031557 -0.9469301294951078
    outer loop
      vertex 21 1.2469266270539627 3.130448186995485
      vertex 27 1.296472381958992 3.1136296694843724
      vertex 27 1.2469266270539627 3.130448186995485
    endloop
  endfacet
  facet normal 0 -0.5555702330196043 -0.831469612302544
    outer loop
      vertex 21 1.1564954283965108 3.1826586638835064
      vertex 27 1.1999999999999993 3.1535898384862247
      vertex 27 1.1564954283965108 3.1826586638835064
    endloop
  endfacet
  facet normal 0 -0.44228869021900913 -0.8968727415326845
    outer loop
      vertex 21 1.1999999999999993 3.1535898384862247
      vertex 27 1.2469266270539627 3.130448186995485
      vertex 27 1.1999999999999993 3.1535898384862247
    endloop
  endfacet
  facet normal 1 0 0
    outer loop
      vertex 27 1.4000000000000021 3.899999999999946
      vertex 27 1.3477895231119774 3.8965779445495246
      vertex 27 1.4000000000000021 3.0999999999999996
    endloop
  endfacet
  facet normal 1 0 0
    outer loop
      vertex 27 1.3477895231119774 3.8965779445495246
      vertex 27 1.296472381958992 3.8863703305156276
      vertex 27 1.3477895231119774 3.1034220554504754
    endloop
  endfacet
  facet normal 1 0 0
    outer loop
      vertex 27 1.296472381958992 3.8863703305156276
      vertex 27 1.2469266270539627 3.869551813004515
      vertex 27 1.296472381958992 3.1136296694843724
    endloop
  endfacet
  facet normal 1 0 0
    outer loop
      vertex 27 1.2469266270539627 3.869551813004515
      vertex 27 1.1999999999999993 3.8464101615137753
      vertex 27 1.2469266270539627 3.130448186995485
    endloop
  endfacet
  facet normal 1 0 0
    outer loop
      vertex 27 1.1999999999999993 3.8464101615137753
      vertex 27 1.1564954283965108 3.8173413361164936
      vertex 27 1.1999999999999993 3.1535898384862247
    endloop
  endfacet
  facet normal 1 0 0
    outer loop
      vertex 27 1.1564954283965108 3.8173413361164936
      vertex 27 1.1171572875253801 3.7828427124746193
      vertex 27 1.1564954283965108 3.1826586638835064
    endloop
  endfacet
  facet normal 1 0 0
    outer loop
      vertex 27 1.1171572875253801 3.7828427124746193
      vertex 27 1.0826586638835032 3.743504571603488
      vertex 27 1.1171572875253801 3.2171572875253807
    endloop
  endfacet
  facet normal 1 0 0
    outer loop
      vertex 27 1.0826586638835032 3.743504571603488
      vertex 27 1.0535898384862215 3.7
      vertex 27 1.0826586638835032 3.256495428396512
    endloop
  endfacet
  facet normal 1 0 0
    outer loop
      vertex 27 1.0535898384862215 3.7
      vertex 27 1.0304481869954856 3.653073372946036
      vertex 27 1.0535898384862215 3.3
    endloop
  endfacet
  facet normal 1 0 0
    outer loop
      vertex 27 1.0304481869954856 3.653073372946036
      vertex 27 1.01362966948437 3.6035276180410083
      vertex 27 1.0304481869954856 3.346926627053964
    endloop
  endfacet
  facet normal 1 0 0
    outer loop
      vertex 27 1.01362966948437 3.6035276180410083
      vertex 27 1.003422055450475 3.5522104768880203
      vertex 27 1.01362966948437 3.3964723819589917
    endloop
  endfacet
  facet normal 1 0 0
    outer loop
      vertex 27 1.003422055450475 3.5522104768880203
      vertex 27 1 3.5
      vertex 27 1.003422055450475 3.4477895231119797
    endloop
  endfacet
  facet normal 1 0 0
    outer loop
      vertex 27 1.003422055450475 3.5522104768880203
      vertex 27 1.003422055450475 3.4477895231119797
      vertex 27 1.01362966948437 3.3964723819589917
    endloop
  endfacet
  facet normal 1 0 0
    outer loop
      vertex 27 1.3477895231119774 3.8965779445495246
      vertex 27 1.3477895231119774 3.1034220554504754
      vertex 27 1.4000000000000021 3.0999999999999996
    endloop
  endfacet
  facet normal 1 0 0
    outer loop
      vertex 27 1.296472381958992 3.8863703305156276
      vertex 27 1.296472381958992 3.1136296694843724
      vertex 27 1.3477895231119774 3.1034220554504754
    endloop
  endfacet
  facet normal 1 0 0
    outer loop
      vertex 27 1.2469266270539627 3.869551813004515
      vertex 27 1.2469266270539627 3.130448186995485
      vertex 27 1.296472381958992 3.1136296694843724
    endloop
  endfacet
  facet normal 1 0 0
    outer loop
      vertex 27 1.1999999999999993 3.8464101615137753
      vertex 27 1.1999999999999993 3.1535898384862247
      vertex 27 1.2469266270539627 3.130448186995485
    endloop
  endfacet
  facet normal 1 0 0
    outer loop
      vertex 27 1.1564954283965108 3.8173413361164936
      vertex 27 1.1564954283965108 3.1826586638835064
      vertex 27 1.1999999999999993 3.1535898384862247
    endloop
  endfacet
  facet normal 1 0 0
    outer loop
      vertex 27 1.1171572875253801 3.7828427124746193
      vertex 27 1.1171572875253801 3.2171572875253807
      vertex 27 1.1564954283965108 3.1826586638835064
    endloop
  endfacet
  facet normal 1 0 0
    outer loop
      vertex 27 1.0826586638835032 3.743504571603488
      vertex 27 1.0826586638835032 3.256495428396512
      vertex 27 1.1171572875253801 3.2171572875253807
    endloop
  endfacet
  facet normal 1 0 0
    outer loop
      vertex 27 1.01362966948437 3.6035276180410083
      vertex 27 1.01362966948437 3.3964723819589917
      vertex 27 1.0304481869954856 3.346926627053964
    endloop
  endfacet
  facet normal 1 0 0
    outer loop
      vertex 27 1.0304481869954856 3.653073372946036
      vertex 27 1.0304481869954856 3.346926627053964
      vertex 27 1.0535898384862215 3.3
    endloop
  endfacet
  facet normal 1 0 0
    outer loop
      vertex 27 1.0535898384862215 3.7
      vertex 27 1.0535898384862215 3.3
      vertex 27 1.0826586638835032 3.256495428396512
    endloop
  endfacet
  facet normal 0 1 0
    outer loop
      vertex 0.15 16.1 5.199999999999999
      vertex 1.39 16.1 5.199999999999999
      vertex 1.39 16.1 4
    endloop
  endfacet
  facet normal 0 0 1
    outer loop
      vertex 0.15 16.1 5.199999999999999
      vertex 0.15 5.899999999999999 5.199999999999999
      vertex 1.39 16.1 5.199999999999999
    endloop
  endfacet
  facet normal 0 1 0
    outer loop
      vertex 0.15 16.1 5.199999999999999
      vertex 1.39 16.1 4
      vertex 1.4 16.1 0
    endloop
  endfacet
  facet normal 0 1 0
    outer loop
      vertex 1.4 16.1 4
      vertex 1.4 16.1 0
      vertex 1.39 16.1 4
    endloop
  endfacet
  facet normal 0 1 0
    outer loop
      vertex 0.15 16.1 5.199999999999999
      vertex 1.4 16.1 0
      vertex 0.15 16.1 0
    endloop
  endfacet
  facet normal -1 0 0
    outer loop
      vertex 0.15 16.1 5.199999999999999
      vertex 0.15 16.1 0
      vertex 0.15 5.899999999999999 0
    endloop
  endfacet
  facet normal 0 0 -1
    outer loop
      vertex 0.15 16.1 0
      vertex 1.4 16.1 0
      vertex 0.15 5.899999999999999 0
    endloop
  endfacet
  facet normal 0 0 -1
    outer loop
      vertex 1.4 16.1 0
      vertex 1.6978860205328337 16.1 0
      vertex 1.476102268019337 5.899999999999999 0
    endloop
  endfacet
  facet normal 0 0 1
    outer loop
      vertex 1.39 16.1 5.199999999999999
      vertex 0.15 5.899999999999999 5.199999999999999
      vertex 1.39 5.899999999999999 5.199999999999999
    endloop
  endfacet
  facet normal -1 0 0
    outer loop
      vertex 0.15 16.1 5.199999999999999
      vertex 0.15 5.899999999999999 0
      vertex 0.15 5.899999999999999 5.199999999999999
    endloop
  endfacet
  facet normal 0 0 -1
    outer loop
      vertex 1.4 16.1 0
      vertex 1.4 5.899999999999999 0
      vertex 0.15 5.899999999999999 0
    endloop
  endfacet
  facet normal 0 0 -1
    outer loop
      vertex 1.4 16.1 0
      vertex 1.476102268019337 5.899999999999999 0
      vertex 1.4 5.899999999999999 0
    endloop
  endfacet
  facet normal 0 -1 0
    outer loop
      vertex 0.15 5.899999999999999 5.199999999999999
      vertex 0.15 5.899999999999999 0
      vertex 1.39 5.899999999999999 5.199999999999999
    endloop
  endfacet
  facet normal 0 -1 0
    outer loop
      vertex 1.39 5.899999999999999 5.199999999999999
      vertex 0.15 5.899999999999999 0
      vertex 1.39 5.899999999999999 4
    endloop
  endfacet
  facet normal 0 -1 0
    outer loop
      vertex 1.4 5.899999999999999 4
      vertex 1.39 5.899999999999999 4
      vertex 1.4 5.899999999999999 0
    endloop
  endfacet
  facet normal 0 -1 0
    outer loop
      vertex 1.39 5.899999999999999 4
      vertex 0.15 5.899999999999999 0
      vertex 1.4 5.899999999999999 0
    endloop
  endfacet
  facet normal 0 -1 0
    outer loop
      vertex 1.4124287198335954 19.75 8.5
      vertex 1.4124287198335954 19.75 4
      vertex 1.4197478746381094 19.75 8.5
    endloop
  endfacet
  facet normal 0 -1 0
    outer loop
      vertex 1.4197478746381094 19.75 8.5
      vertex 1.4124287198335954 19.75 4
      vertex 2.152199318693136 19.75 8.5
    endloop
  endfacet
  facet normal 1 0 0
    outer loop
      vertex 1.39 16.1 5.199999999999999
      vertex 1.39 5.899999999999999 5.199999999999999
      vertex 1.39 16.1 4
    endloop
  endfacet
  facet normal 0 -1 0
    outer loop
      vertex 2.152199318693136 19.75 8.5
      vertex 1.4124287198335954 19.75 4
      vertex 25.6 19.75 8.5
    endloop
  endfacet
  facet normal 0 0 1
    outer loop
      vertex 1.4 16.1 4
      vertex 1.39 16.1 4
      vertex 1.39 5.899999999999999 4
    endloop
  endfacet
  facet normal 0 0 1
    outer loop
      vertex 1.4085551386261894 19.73052619222005 4
      vertex 25.6 19.75 4
      vertex 1.4124287198335954 19.75 4
    endloop
  endfacet
  facet normal 0 0 1
    outer loop
      vertex 1.4085551386261894 19.73052619222005 4
      vertex 1.4 19.6 4
      vertex 25.6 19.75 4
    endloop
  endfacet
  facet normal 0 0 1
    outer loop
      vertex 1.4 19.6 4
      vertex 1.4 16.1 4
      vertex 25.6 19.75 4
    endloop
  endfacet
  facet normal 0 0 1
    outer loop
      vertex 1.4 16.1 4
      vertex 1.4 5.899999999999999 4
      vertex 25.6 19.75 4
    endloop
  endfacet
  facet normal 1 0 0
    outer loop
      vertex 1.39 16.1 4
      vertex 1.39 5.899999999999999 5.199999999999999
      vertex 1.39 5.899999999999999 4
    endloop
  endfacet
  facet normal 0 1 0
    outer loop
      vertex 1.4124287198335956 2.25 8.5
      vertex 1.429836855106949 2.25 8.5
      vertex 1.4124287198335956 2.25 4
    endloop
  endfacet
  facet normal 0 1 0
    outer loop
      vertex 1.429836855106949 2.25 8.5
      vertex 1.550000000000002 2.25 8.5
      vertex 1.4124287198335956 2.25 4
    endloop
  endfacet
  facet normal 0 1 0
    outer loop
      vertex 1.550000000000002 2.25 8.5
      vertex 2.388521494326385 2.25 8.5
      vertex 1.4124287198335956 2.25 4
    endloop
  endfacet
  facet normal 0 1 0
    outer loop
      vertex 2.388521494326385 2.25 8.5
      vertex 25.6 2.25 4
      vertex 1.4124287198335956 2.25 4
    endloop
  endfacet
  facet normal 0 0 1
    outer loop
      vertex 1.4 16.1 4
      vertex 1.39 5.899999999999999 4
      vertex 1.4 5.899999999999999 4
    endloop
  endfacet
  facet normal 0 0 1
    outer loop
      vertex 1.4 5.899999999999999 4
      vertex 1.4 2.400000000000002 4
      vertex 25.6 19.75 4
    endloop
  endfacet
  facet normal 0 0 1
    outer loop
      vertex 1.4 2.400000000000002 4
      vertex 1.4085551386261894 2.2694738077799492 4
      vertex 25.6 19.75 4
    endloop
  endfacet
  facet normal 0 0 1
    outer loop
      vertex 1.4085551386261894 2.2694738077799492 4
      vertex 1.4124287198335956 2.25 4
      vertex 25.6 2.25 4
    endloop
  endfacet
  facet normal 0 -1 0
    outer loop
      vertex 1.4124287198335954 19.75 4
      vertex 25.6 19.75 4
      vertex 25.6 19.75 8.5
    endloop
  endfacet
  facet normal -1 0 0
    outer loop
      vertex 25.6 19.75 8.5
      vertex 25.6 19.75 4
      vertex 25.6 2.25 8.5
    endloop
  endfacet
  facet normal 0 1 0
    outer loop
      vertex 2.388521494326385 2.25 8.5
      vertex 25.6 2.25 8.5
      vertex 25.6 2.25 4
    endloop
  endfacet
  facet normal -1 0 0
    outer loop
      vertex 25.6 19.75 4
      vertex 25.6 2.25 4
      vertex 25.6 2.25 8.5
    endloop
  endfacet
  facet normal 0 0 1
    outer loop
      vertex 1.4085551386261894 2.2694738077799492 4
      vertex 25.6 2.25 4
      vertex 25.6 19.75 4
    endloop
  endfacet
  facet normal 1 0 0
    outer loop
      vertex 27.5 20.589752290172207 8.5
      vertex 27.5 20.6 7
      vertex 27.5 20.6 8.5
    endloop
  endfacet
  facet normal 1 0 0
    outer loop
      vertex 27.5 20.589752290172207 8.5
      vertex 27.5 20.565925826289067 8.5
      vertex 27.5 20.6 7
    endloop
  endfacet
  facet normal 1 0 0
    outer loop
      vertex 27.5 20.565925826289067 8.5
      vertex 27.5 20.27590592645155 8.5
      vertex 27.5 20.6 7
    endloop
  endfacet
  facet normal 1 0 0
    outer loop
      vertex 27.5 20.267820554152934 8.5
      vertex 27.5 20.6 7
      vertex 27.5 20.27590592645155 8.5
    endloop
  endfacet
  facet normal 1 0 0
    outer loop
      vertex 27.5 20.6 7
      vertex 27.5 20.267820554152934 8.5
      vertex 27.5 20.6 6.9
    endloop
  endfacet
  facet normal 1 0 0
    outer loop
      vertex 27.5 20.6 6.9
      vertex 27.5 20.267820554152934 8.5
      vertex 27.5 1.4000000000000021 6.9
    endloop
  endfacet
  facet normal 0 0 1
    outer loop
      vertex 28 20.6 6.9
      vertex 27.5 20.6 6.9
      vertex 29 2.400000000000002 6.9
    endloop
  endfacet
  facet normal 0 0 1
    outer loop
      vertex 28 20.6 6.9
      vertex 29 2.400000000000002 6.9
      vertex 28.130526192220053 20.59144486137381 6.9
    endloop
  endfacet
  facet normal 0 0 1
    outer loop
      vertex 28.130526192220053 20.59144486137381 6.9
      vertex 29 2.400000000000002 6.9
      vertex 28.25881904510252 20.565925826289067 6.9
    endloop
  endfacet
  facet normal 0 0 1
    outer loop
      vertex 28.25881904510252 20.565925826289067 6.9
      vertex 29 2.400000000000002 6.9
      vertex 28.38268343236509 20.523879532511287 6.9
    endloop
  endfacet
  facet normal 0 0 1
    outer loop
      vertex 28.38268343236509 20.523879532511287 6.9
      vertex 29 2.400000000000002 6.9
      vertex 28.5 20.46602540378444 6.9
    endloop
  endfacet
  facet normal 0 0 1
    outer loop
      vertex 28.5 20.46602540378444 6.9
      vertex 29 2.400000000000002 6.9
      vertex 28.60876142900872 20.393353340291235 6.9
    endloop
  endfacet
  facet normal 0 0 1
    outer loop
      vertex 28.60876142900872 20.393353340291235 6.9
      vertex 29 2.400000000000002 6.9
      vertex 28.707106781186546 20.307106781186548 6.9
    endloop
  endfacet
  facet normal 0 0 1
    outer loop
      vertex 28.707106781186546 20.307106781186548 6.9
      vertex 29 2.400000000000002 6.9
      vertex 28.793353340291237 20.20876142900872 6.9
    endloop
  endfacet
  facet normal 0 0 1
    outer loop
      vertex 28.793353340291237 20.20876142900872 6.9
      vertex 29 2.400000000000002 6.9
      vertex 28.866025403784437 20.1 6.9
    endloop
  endfacet
  facet normal 0 0 1
    outer loop
      vertex 28.866025403784437 20.1 6.9
      vertex 29 2.400000000000002 6.9
      vertex 28.923879532511286 19.98268343236509 6.9
    endloop
  endfacet
  facet normal 0 0 1
    outer loop
      vertex 28.923879532511286 19.98268343236509 6.9
      vertex 29 2.400000000000002 6.9
      vertex 28.96592582628907 19.85881904510252 6.9
    endloop
  endfacet
  facet normal 0 0 1
    outer loop
      vertex 28.96592582628907 19.85881904510252 6.9
      vertex 29 2.400000000000002 6.9
      vertex 28.99144486137381 19.73052619222005 6.9
    endloop
  endfacet
  facet normal 0 0 1
    outer loop
      vertex 28.99144486137381 19.73052619222005 6.9
      vertex 29 2.400000000000002 6.9
      vertex 29 19.6 6.9
    endloop
  endfacet
  facet normal 1 0 0
    outer loop
      vertex 27.5 1.4000000000000021 7
      vertex 27.5 20.267820554152934 8.5
      vertex 27.5 1.4000000000000021 8.5
    endloop
  endfacet
  facet normal 1 0 0
    outer loop
      vertex 27.5 1.4000000000000021 7
      vertex 27.5 1.4000000000000021 6.9
      vertex 27.5 20.267820554152934 8.5
    endloop
  endfacet
  facet normal 0 0 1
    outer loop
      vertex 27.5 20.6 6.9
      vertex 27.5 1.4000000000000021 6.9
      vertex 29 2.400000000000002 6.9
    endloop
  endfacet
  facet normal 0 0 1
    outer loop
      vertex 29 2.400000000000002 6.9
      vertex 28.96592582628907 2.1411809548974823 6.9
      vertex 28.99144486137381 2.2694738077799492 6.9
    endloop
  endfacet
  facet normal 0 0 1
    outer loop
      vertex 28 1.4000000000000021 6.9
      vertex 29 2.400000000000002 6.9
      vertex 27.5 1.4000000000000021 6.9
    endloop
  endfacet
  facet normal 0 0 1
    outer loop
      vertex 28.130526192220053 1.4085551386261912 6.9
      vertex 29 2.400000000000002 6.9
      vertex 28 1.4000000000000021 6.9
    endloop
  endfacet
  facet normal 0 0 1
    outer loop
      vertex 28.25881904510252 1.4340741737109326 6.9
      vertex 29 2.400000000000002 6.9
      vertex 28.130526192220053 1.4085551386261912 6.9
    endloop
  endfacet
  facet normal 0 0 1
    outer loop
      vertex 28.38268343236509 1.476120467488716 6.9
      vertex 29 2.400000000000002 6.9
      vertex 28.25881904510252 1.4340741737109326 6.9
    endloop
  endfacet
  facet normal 0 0 1
    outer loop
      vertex 28.96592582628907 2.1411809548974823 6.9
      vertex 29 2.400000000000002 6.9
      vertex 28.923879532511286 2.0173165676349107 6.9
    endloop
  endfacet
  facet normal 0 0 1
    outer loop
      vertex 28.923879532511286 2.0173165676349107 6.9
      vertex 29 2.400000000000002 6.9
      vertex 28.866025403784437 1.9000000000000021 6.9
    endloop
  endfacet
  facet normal 0 0 1
    outer loop
      vertex 28.866025403784437 1.9000000000000021 6.9
      vertex 29 2.400000000000002 6.9
      vertex 28.793353340291237 1.7912385709912826 6.9
    endloop
  endfacet
  facet normal 0 0 1
    outer loop
      vertex 28.793353340291237 1.7912385709912826 6.9
      vertex 29 2.400000000000002 6.9
      vertex 28.707106781186546 1.692893218813456 6.9
    endloop
  endfacet
  facet normal 0 0 1
    outer loop
      vertex 28.5 1.5339745962155646 6.9
      vertex 29 2.400000000000002 6.9
      vertex 28.38268343236509 1.476120467488716 6.9
    endloop
  endfacet
  facet normal 0 0 1
    outer loop
      vertex 28.707106781186546 1.692893218813456 6.9
      vertex 29 2.400000000000002 6.9
      vertex 28.60876142900872 1.6066466597087654 6.9
    endloop
  endfacet
  facet normal 0 0 1
    outer loop
      vertex 28.60876142900872 1.6066466597087654 6.9
      vertex 29 2.400000000000002 6.9
      vertex 28.5 1.5339745962155646 6.9
    endloop
  endfacet
endsolid OpenSCAD_Model
