solid OpenSCAD_Model
  facet normal 0 0 -1
    outer loop
      vertex 1.8519497029047307 0.22836140246614 0
      vertex 1.5 0.401923788646684 0
      vertex 2.223542864692438 0.10222252113279495 0
    endloop
  endfacet
  facet normal 0 0 -1
    outer loop
      vertex 2.223542864692438 0.10222252113279495 0
      vertex 3 0 0
      vertex 2.6084214233398453 0.025665415878568965 0
    endloop
  endfacet
  facet normal 0 0 -1
    outer loop
      vertex 1.173715712973838 0.6199399791262943 0
      vertex 2.223542864692438 0.10222252113279495 0
      vertex 1.5 0.401923788646684 0
    endloop
  endfacet
  facet normal 0 0 -1
    outer loop
      vertex 1.173715712973838 0.6199399791262943 0
      vertex 0.8786796564403572 0.8786796564403572 0
      vertex 2.223542864692438 0.10222252113279495 0
    endloop
  endfacet
  facet normal 0 0 -1
    outer loop
      vertex 0.8786796564403572 0.8786796564403572 0
      vertex 0.6199399791262943 1.173715712973838 0
      vertex 0.401923788646684 1.5 0
    endloop
  endfacet
  facet normal 0 0 -1
    outer loop
      vertex 2.223542864692438 0.10222252113279495 0
      vertex 0.8786796564403572 0.8786796564403572 0
      vertex 0.025665415878568965 2.6084214233398453 0
    endloop
  endfacet
  facet normal 0 0 -1
    outer loop
      vertex 0.8786796564403572 0.8786796564403572 0
      vertex 0.401923788646684 1.5 0
      vertex 0.025665415878568965 2.6084214233398453 0
    endloop
  endfacet
  facet normal 0 0 -1
    outer loop
      vertex 0.401923788646684 1.5 0
      vertex 0.22836140246614 1.8519497029047307 0
      vertex 0.10222252113279495 2.223542864692438 0
    endloop
  endfacet
  facet normal 0 0 -1
    outer loop
      vertex 0.401923788646684 1.5 0
      vertex 0.10222252113279495 2.223542864692438 0
      vertex 0.025665415878568965 2.6084214233398453 0
    endloop
  endfacet
  facet normal -0.3214394653031626 -0.9469301294951054 0
    outer loop
      vertex 1.8519497029047307 0.22836140246614 0
      vertex 2.223542864692438 0.10222252113279495 0
      vertex 1.8519497029047307 0.22836140246614 17
    endloop
  endfacet
  facet normal -0.4422886902190005 -0.8968727415326887 0
    outer loop
      vertex 1.8519497029047307 0.22836140246614 0
      vertex 1.8519497029047307 0.22836140246614 17
      vertex 1.5 0.401923788646684 0
    endloop
  endfacet
  facet normal -0.1950903220161273 -0.9807852804032307 -1.0078906371920189e-19
    outer loop
      vertex 2.223542864692438 0.10222252113279495 0
      vertex 2.6084214233398453 0.025665415878568965 0
      vertex 2.6084214233398453 0.025665415878568965 17
    endloop
  endfacet
  facet normal -0.06540312923014358 -0.9978589232386035 0
    outer loop
      vertex 2.6084214233398453 0.025665415878568965 0
      vertex 3 0 0
      vertex 2.6084214233398453 0.025665415878568965 17
    endloop
  endfacet
  facet normal -0.555570233019602 -0.8314696123025456 7.656850379757974e-19
    outer loop
      vertex 1.173715712973838 0.6199399791262943 0
      vertex 1.5 0.401923788646684 0
      vertex 1.5 0.401923788646684 17
    endloop
  endfacet
  facet normal -0.6593458151000686 -0.7518398074789777 0
    outer loop
      vertex 1.173715712973838 0.6199399791262943 0
      vertex 1.173715712973838 0.6199399791262943 17
      vertex 0.8786796564403572 0.8786796564403572 0
    endloop
  endfacet
  facet normal -0.7518398074789777 -0.6593458151000686 0
    outer loop
      vertex 0.8786796564403572 0.8786796564403572 0
      vertex 0.8786796564403572 0.8786796564403572 17
      vertex 0.6199399791262943 1.173715712973838 0
    endloop
  endfacet
  facet normal -0.8314696123025456 -0.555570233019602 7.656850379757974e-19
    outer loop
      vertex 0.6199399791262943 1.173715712973838 0
      vertex 0.401923788646684 1.5 17
      vertex 0.401923788646684 1.5 0
    endloop
  endfacet
  facet normal -0.8968727415326887 -0.4422886902190005 -2.232558990911443e-19
    outer loop
      vertex 0.401923788646684 1.5 0
      vertex 0.22836140246614 1.8519497029047307 17
      vertex 0.22836140246614 1.8519497029047307 0
    endloop
  endfacet
  facet normal -0.9469301294951054 -0.3214394653031626 0
    outer loop
      vertex 0.22836140246614 1.8519497029047307 0
      vertex 0.22836140246614 1.8519497029047307 17
      vertex 0.10222252113279495 2.223542864692438 0
    endloop
  endfacet
  facet normal -0.9807852804032307 -0.1950903220161273 0
    outer loop
      vertex 0.10222252113279495 2.223542864692438 0
      vertex 0.10222252113279495 2.223542864692438 17
      vertex 0.025665415878568965 2.6084214233398453 0
    endloop
  endfacet
  facet normal -0.9978589232386035 -0.06540312923014358 7.586308782844619e-20
    outer loop
      vertex 0.025665415878568965 2.6084214233398453 0
      vertex 0 3 17
      vertex 0 3 0
    endloop
  endfacet
  facet normal -1 0 0
    outer loop
      vertex 0 3 0
      vertex 0 5.75 15.526599464176254
      vertex 0 5.75 7.2
    endloop
  endfacet
  facet normal 0 0 -1
    outer loop
      vertex 2.223542864692438 0.10222252113279495 0
      vertex 0.025665415878568965 2.6084214233398453 0
      vertex 0 19 0
    endloop
  endfacet
  facet normal 0 0 -1
    outer loop
      vertex 0.025665415878568965 2.6084214233398453 0
      vertex 0 3 0
      vertex 0 19 0
    endloop
  endfacet
  facet normal -1 0 0
    outer loop
      vertex 0 3 0
      vertex 0 5.75 7.2
      vertex 0 16.25 7.2
    endloop
  endfacet
  facet normal 0 0 -1
    outer loop
      vertex 2.223542864692438 0.10222252113279495 0
      vertex 85 0 0
      vertex 3 0 0
    endloop
  endfacet
  facet normal 0 -1 0
    outer loop
      vertex 3 0 0
      vertex 85 0 0
      vertex 3 0 17
    endloop
  endfacet
  facet normal 0 0 -1
    outer loop
      vertex 2.223542864692438 0.10222252113279495 0
      vertex 2.6084214233398453 21.97433458412143 0
      vertex 88 3 0
    endloop
  endfacet
  facet normal -0.555570233019602 -0.8314696123025456 0
    outer loop
      vertex 1.173715712973838 0.6199399791262943 0
      vertex 1.5 0.401923788646684 17
      vertex 1.173715712973838 0.6199399791262943 17
    endloop
  endfacet
  facet normal -0.1950903220161273 -0.9807852804032307 0
    outer loop
      vertex 2.223542864692438 0.10222252113279495 0
      vertex 2.6084214233398453 0.025665415878568965 17
      vertex 2.223542864692438 0.10222252113279495 17
    endloop
  endfacet
  facet normal -0.3214394653031626 -0.9469301294951054 0
    outer loop
      vertex 2.223542864692438 0.10222252113279495 0
      vertex 2.223542864692438 0.10222252113279495 17
      vertex 1.8519497029047307 0.22836140246614 17
    endloop
  endfacet
  facet normal -0.4422886902190005 -0.8968727415326887 0
    outer loop
      vertex 1.5 0.401923788646684 0
      vertex 1.8519497029047307 0.22836140246614 17
      vertex 1.5 0.401923788646684 17
    endloop
  endfacet
  facet normal -0.6593458151000686 -0.7518398074789777 0
    outer loop
      vertex 0.8786796564403572 0.8786796564403572 0
      vertex 1.173715712973838 0.6199399791262943 17
      vertex 0.8786796564403572 0.8786796564403572 17
    endloop
  endfacet
  facet normal -0.8314696123025456 -0.555570233019602 0
    outer loop
      vertex 0.6199399791262943 1.173715712973838 0
      vertex 0.6199399791262943 1.173715712973838 17
      vertex 0.401923788646684 1.5 17
    endloop
  endfacet
  facet normal -0.7518398074789777 -0.6593458151000686 0
    outer loop
      vertex 0.6199399791262943 1.173715712973838 0
      vertex 0.8786796564403572 0.8786796564403572 17
      vertex 0.6199399791262943 1.173715712973838 17
    endloop
  endfacet
  facet normal -0.06540312923014358 -0.9978589232386035 0
    outer loop
      vertex 3 0 0
      vertex 3 0 17
      vertex 2.6084214233398453 0.025665415878568965 17
    endloop
  endfacet
  facet normal -0.8968727415326887 -0.4422886902190005 0
    outer loop
      vertex 0.401923788646684 1.5 0
      vertex 0.401923788646684 1.5 17
      vertex 0.22836140246614 1.8519497029047307 17
    endloop
  endfacet
  facet normal -0.9469301294951054 -0.3214394653031626 0
    outer loop
      vertex 0.10222252113279495 2.223542864692438 0
      vertex 0.22836140246614 1.8519497029047307 17
      vertex 0.10222252113279495 2.223542864692438 17
    endloop
  endfacet
  facet normal -0.9807852804032307 -0.1950903220161273 0
    outer loop
      vertex 0.025665415878568965 2.6084214233398453 0
      vertex 0.10222252113279495 2.223542864692438 17
      vertex 0.025665415878568965 2.6084214233398453 17
    endloop
  endfacet
  facet normal -0.9978589232386035 -0.06540312923014358 0
    outer loop
      vertex 0.025665415878568965 2.6084214233398453 0
      vertex 0.025665415878568965 2.6084214233398453 17
      vertex 0 3 17
    endloop
  endfacet
  facet normal -1 0 0
    outer loop
      vertex 0 3 0
      vertex 0 3 17
      vertex 0 5.75 15.526599464176254
    endloop
  endfacet
  facet normal 0 0 1
    outer loop
      vertex 1.8519497029047307 0.22836140246614 17
      vertex 2.223542864692438 0.10222252113279495 17
      vertex 1.5 0.401923788646684 17
    endloop
  endfacet
  facet normal 0 0 1
    outer loop
      vertex 2.223542864692438 0.10222252113279495 17
      vertex 2.6084214233398453 0.025665415878568965 17
      vertex 3 0 17
    endloop
  endfacet
  facet normal 0 0 1
    outer loop
      vertex 1.173715712973838 0.6199399791262943 17
      vertex 2.223542864692438 0.10222252113279495 17
      vertex 3 0 17
    endloop
  endfacet
  facet normal 0 0 1
    outer loop
      vertex 1.173715712973838 0.6199399791262943 17
      vertex 1.5 0.401923788646684 17
      vertex 2.223542864692438 0.10222252113279495 17
    endloop
  endfacet
  facet normal 0 0 1
    outer loop
      vertex 1.173715712973838 0.6199399791262943 17
      vertex 0.401923788646684 1.5 17
      vertex 0.8786796564403572 0.8786796564403572 17
    endloop
  endfacet
  facet normal 0 0 1
    outer loop
      vertex 0.8786796564403572 0.8786796564403572 17
      vertex 0.401923788646684 1.5 17
      vertex 0.6199399791262943 1.173715712973838 17
    endloop
  endfacet
  facet normal 0 0 1
    outer loop
      vertex 1.173715712973838 0.6199399791262943 17
      vertex 1.4566466597087648 1.6412385709912793 17
      vertex 1.3839745962155614 1.75 17
    endloop
  endfacet
  facet normal 0 0 1
    outer loop
      vertex 1.173715712973838 0.6199399791262943 17
      vertex 1.8673165676349102 1.3261204674887133 17
      vertex 1.75 1.3839745962155614 17
    endloop
  endfacet
  facet normal 0 0 1
    outer loop
      vertex 1.173715712973838 0.6199399791262943 17
      vertex 1.9911809548974793 1.2840741737109318 17
      vertex 1.8673165676349102 1.3261204674887133 17
    endloop
  endfacet
  facet normal 0 0 1
    outer loop
      vertex 1.173715712973838 0.6199399791262943 17
      vertex 1.75 1.3839745962155614 17
      vertex 1.6412385709912793 1.4566466597087648 17
    endloop
  endfacet
  facet normal 0 0 1
    outer loop
      vertex 1.173715712973838 0.6199399791262943 17
      vertex 2.1194738077799484 1.2585551386261895 17
      vertex 1.9911809548974793 1.2840741737109318 17
    endloop
  endfacet
  facet normal 0 0 1
    outer loop
      vertex 1.173715712973838 0.6199399791262943 17
      vertex 2.25 1.25 17
      vertex 2.1194738077799484 1.2585551386261895 17
    endloop
  endfacet
  facet normal 0 0 1
    outer loop
      vertex 1.173715712973838 0.6199399791262943 17
      vertex 1.6412385709912793 1.4566466597087648 17
      vertex 1.5428932188134525 1.5428932188134525 17
    endloop
  endfacet
  facet normal 0 0 1
    outer loop
      vertex 1.173715712973838 0.6199399791262943 17
      vertex 1.5428932188134525 1.5428932188134525 17
      vertex 1.4566466597087648 1.6412385709912793 17
    endloop
  endfacet
  facet normal 0 0 1
    outer loop
      vertex 1.173715712973838 0.6199399791262943 17
      vertex 0 3 17
      vertex 0.401923788646684 1.5 17
    endloop
  endfacet
  facet normal 0 0 1
    outer loop
      vertex 1.173715712973838 0.6199399791262943 17
      vertex 1.3839745962155614 1.75 17
      vertex 1.3261204674887133 1.8673165676349102 17
    endloop
  endfacet
  facet normal 0 0 1
    outer loop
      vertex 1.173715712973838 0.6199399791262943 17
      vertex 1.3261204674887133 1.8673165676349102 17
      vertex 1.2840741737109318 1.9911809548974793 17
    endloop
  endfacet
  facet normal 0 0 1
    outer loop
      vertex 1.173715712973838 0.6199399791262943 17
      vertex 1.2840741737109318 1.9911809548974793 17
      vertex 1.2585551386261895 2.1194738077799484 17
    endloop
  endfacet
  facet normal 0 0 1
    outer loop
      vertex 1.173715712973838 0.6199399791262943 17
      vertex 1.2585551386261895 2.1194738077799484 17
      vertex 1.25 2.25 17
    endloop
  endfacet
  facet normal 0 0 1
    outer loop
      vertex 0.401923788646684 1.5 17
      vertex 0.10222252113279495 2.223542864692438 17
      vertex 0.22836140246614 1.8519497029047307 17
    endloop
  endfacet
  facet normal 0 0 1
    outer loop
      vertex 0.401923788646684 1.5 17
      vertex 0 3 17
      vertex 0.10222252113279495 2.223542864692438 17
    endloop
  endfacet
  facet normal 0 0 1
    outer loop
      vertex 0.10222252113279495 2.223542864692438 17
      vertex 0 3 17
      vertex 0.025665415878568965 2.6084214233398453 17
    endloop
  endfacet
  facet normal 0 0 1
    outer loop
      vertex 1.173715712973838 0.6199399791262943 17
      vertex 1.25 2.25 17
      vertex 0 5.75 17
    endloop
  endfacet
  facet normal 0 0 1
    outer loop
      vertex 1.173715712973838 0.6199399791262943 17
      vertex 0 5.75 17
      vertex 0 3 17
    endloop
  endfacet
  facet normal 0 0 1
    outer loop
      vertex 1.25 2.25 17
      vertex 1.25 5.75 17
      vertex 0 5.75 17
    endloop
  endfacet
  facet normal -1 0 0
    outer loop
      vertex 0 3 17
      vertex 0 5.75 17
      vertex 0 5.75 15.526599464176254
    endloop
  endfacet
  facet normal 0 0 1
    outer loop
      vertex 1.173715712973838 0.6199399791262943 17
      vertex 3 0 17
      vertex 85.77645713530757 0.10222252113279495 17
    endloop
  endfacet
  facet normal 0 0 1
    outer loop
      vertex 1.173715712973838 0.6199399791262943 17
      vertex 85.77645713530757 0.10222252113279495 17
      vertex 2.25 1.25 17
    endloop
  endfacet
  facet normal 0 0 -1
    outer loop
      vertex 2.223542864692438 0.10222252113279495 0
      vertex 0 19 0
      vertex 2.6084214233398453 21.97433458412143 0
    endloop
  endfacet
  facet normal -1 0 0
    outer loop
      vertex 0 3 0
      vertex 0 16.25 7.2
      vertex 0 19 0
    endloop
  endfacet
  facet normal 0 0 -1
    outer loop
      vertex 0 19 0
      vertex 0.025665415878568965 19.391578576660155 0
      vertex 0.10222252113279495 19.776457135307563 0
    endloop
  endfacet
  facet normal 0 0 -1
    outer loop
      vertex 0 19 0
      vertex 0.10222252113279495 19.776457135307563 0
      vertex 0.6199399791262943 20.826284287026162 0
    endloop
  endfacet
  facet normal 0 0 -1
    outer loop
      vertex 0.10222252113279495 19.776457135307563 0
      vertex 0.22836140246614 20.14805029709527 0
      vertex 0.6199399791262943 20.826284287026162 0
    endloop
  endfacet
  facet normal 0 0 -1
    outer loop
      vertex 0.22836140246614 20.14805029709527 0
      vertex 0.401923788646684 20.5 0
      vertex 0.6199399791262943 20.826284287026162 0
    endloop
  endfacet
  facet normal 0 0 -1
    outer loop
      vertex 0 19 0
      vertex 0.6199399791262943 20.826284287026162 0
      vertex 2.6084214233398453 21.97433458412143 0
    endloop
  endfacet
  facet normal 0 0 -1
    outer loop
      vertex 0.6199399791262943 20.826284287026162 0
      vertex 0.8786796564403572 21.121320343559642 0
      vertex 1.5 21.598076211353316 0
    endloop
  endfacet
  facet normal 0 0 -1
    outer loop
      vertex 0.8786796564403572 21.121320343559642 0
      vertex 1.173715712973838 21.380060020873707 0
      vertex 1.5 21.598076211353316 0
    endloop
  endfacet
  facet normal 0 0 -1
    outer loop
      vertex 0.6199399791262943 20.826284287026162 0
      vertex 1.5 21.598076211353316 0
      vertex 2.6084214233398453 21.97433458412143 0
    endloop
  endfacet
  facet normal 0 0 -1
    outer loop
      vertex 1.5 21.598076211353316 0
      vertex 1.8519497029047307 21.771638597533858 0
      vertex 2.6084214233398453 21.97433458412143 0
    endloop
  endfacet
  facet normal 0 0 -1
    outer loop
      vertex 1.8519497029047307 21.771638597533858 0
      vertex 2.223542864692438 21.897777478867205 0
      vertex 2.6084214233398453 21.97433458412143 0
    endloop
  endfacet
  facet normal -0.9978589232386035 0.0654031292301435 0
    outer loop
      vertex 0 19 0
      vertex 0 19 17
      vertex 0.025665415878568965 19.391578576660155 0
    endloop
  endfacet
  facet normal -1 0 0
    outer loop
      vertex 0 16.25 7.2
      vertex 0 19 17
      vertex 0 19 0
    endloop
  endfacet
  facet normal -0.9807852804032307 0.1950903220161271 0
    outer loop
      vertex 0.025665415878568965 19.391578576660155 0
      vertex 0.025665415878568965 19.391578576660155 17
      vertex 0.10222252113279495 19.776457135307563 0
    endloop
  endfacet
  facet normal -0.9469301294951054 0.32143946530316225 0
    outer loop
      vertex 0.10222252113279495 19.776457135307563 0
      vertex 0.10222252113279495 19.776457135307563 17
      vertex 0.22836140246614 20.14805029709527 0
    endloop
  endfacet
  facet normal -0.8968727415326879 0.44228869021900186 0
    outer loop
      vertex 0.22836140246614 20.14805029709527 0
      vertex 0.22836140246614 20.14805029709527 17
      vertex 0.401923788646684 20.5 0
    endloop
  endfacet
  facet normal -0.8314696123025457 0.5555702330196017 2.5002990797788946e-19
    outer loop
      vertex 0.401923788646684 20.5 0
      vertex 0.6199399791262943 20.826284287026162 17
      vertex 0.6199399791262943 20.826284287026162 0
    endloop
  endfacet
  facet normal -0.7518398074789764 0.65934581510007 0
    outer loop
      vertex 0.6199399791262943 20.826284287026162 0
      vertex 0.6199399791262943 20.826284287026162 17
      vertex 0.8786796564403572 21.121320343559642 0
    endloop
  endfacet
  facet normal -0.6593458151000712 0.7518398074789754 0
    outer loop
      vertex 0.8786796564403572 21.121320343559642 0
      vertex 0.8786796564403572 21.121320343559642 17
      vertex 1.173715712973838 21.380060020873707 0
    endloop
  endfacet
  facet normal -0.5555702330196003 0.8314696123025466 0
    outer loop
      vertex 1.173715712973838 21.380060020873707 0
      vertex 1.173715712973838 21.380060020873707 17
      vertex 1.5 21.598076211353316 0
    endloop
  endfacet
  facet normal -0.44228869021899686 0.8968727415326905 0
    outer loop
      vertex 1.5 21.598076211353316 0
      vertex 1.5 21.598076211353316 17
      vertex 1.8519497029047307 21.771638597533858 0
    endloop
  endfacet
  facet normal -0.32143946530316664 0.9469301294951039 -3.5289922301758945e-19
    outer loop
      vertex 1.8519497029047307 21.771638597533858 0
      vertex 2.223542864692438 21.897777478867205 17
      vertex 2.223542864692438 21.897777478867205 0
    endloop
  endfacet
  facet normal -0.19509032201612297 0.9807852804032315 0
    outer loop
      vertex 2.223542864692438 21.897777478867205 0
      vertex 2.223542864692438 21.897777478867205 17
      vertex 2.6084214233398453 21.97433458412143 0
    endloop
  endfacet
  facet normal -0.06540312923014809 0.9978589232386031 -8.19836581117515e-20
    outer loop
      vertex 2.6084214233398453 21.97433458412143 0
      vertex 3 22 17
      vertex 3 22 0
    endloop
  endfacet
  facet normal 0 0 -1
    outer loop
      vertex 2.6084214233398453 21.97433458412143 0
      vertex 3 22 0
      vertex 85 22 0
    endloop
  endfacet
  facet normal 0 1 0
    outer loop
      vertex 3 22 0
      vertex 3 22 17
      vertex 85 22 0
    endloop
  endfacet
  facet normal -0.9978589232386035 0.0654031292301435 0
    outer loop
      vertex 0.025665415878568965 19.391578576660155 0
      vertex 0 19 17
      vertex 0.025665415878568965 19.391578576660155 17
    endloop
  endfacet
  facet normal -0.9807852804032307 0.1950903220161271 0
    outer loop
      vertex 0.10222252113279495 19.776457135307563 0
      vertex 0.025665415878568965 19.391578576660155 17
      vertex 0.10222252113279495 19.776457135307563 17
    endloop
  endfacet
  facet normal -0.9469301294951054 0.32143946530316225 0
    outer loop
      vertex 0.22836140246614 20.14805029709527 0
      vertex 0.10222252113279495 19.776457135307563 17
      vertex 0.22836140246614 20.14805029709527 17
    endloop
  endfacet
  facet normal -0.8968727415326879 0.44228869021900186 0
    outer loop
      vertex 0.401923788646684 20.5 0
      vertex 0.22836140246614 20.14805029709527 17
      vertex 0.401923788646684 20.5 17
    endloop
  endfacet
  facet normal -0.8314696123025457 0.5555702330196017 0
    outer loop
      vertex 0.401923788646684 20.5 0
      vertex 0.401923788646684 20.5 17
      vertex 0.6199399791262943 20.826284287026162 17
    endloop
  endfacet
  facet normal -0.7518398074789764 0.65934581510007 0
    outer loop
      vertex 0.8786796564403572 21.121320343559642 0
      vertex 0.6199399791262943 20.826284287026162 17
      vertex 0.8786796564403572 21.121320343559642 17
    endloop
  endfacet
  facet normal -0.6593458151000712 0.7518398074789754 0
    outer loop
      vertex 1.173715712973838 21.380060020873707 0
      vertex 0.8786796564403572 21.121320343559642 17
      vertex 1.173715712973838 21.380060020873707 17
    endloop
  endfacet
  facet normal -0.5555702330196003 0.8314696123025466 0
    outer loop
      vertex 1.5 21.598076211353316 0
      vertex 1.173715712973838 21.380060020873707 17
      vertex 1.5 21.598076211353316 17
    endloop
  endfacet
  facet normal -0.44228869021899686 0.8968727415326905 0
    outer loop
      vertex 1.8519497029047307 21.771638597533858 0
      vertex 1.5 21.598076211353316 17
      vertex 1.8519497029047307 21.771638597533858 17
    endloop
  endfacet
  facet normal -0.32143946530316664 0.9469301294951039 0
    outer loop
      vertex 1.8519497029047307 21.771638597533858 0
      vertex 1.8519497029047307 21.771638597533858 17
      vertex 2.223542864692438 21.897777478867205 17
    endloop
  endfacet
  facet normal -0.19509032201612297 0.9807852804032315 0
    outer loop
      vertex 2.6084214233398453 21.97433458412143 0
      vertex 2.223542864692438 21.897777478867205 17
      vertex 2.6084214233398453 21.97433458412143 17
    endloop
  endfacet
  facet normal -0.06540312923014809 0.9978589232386031 0
    outer loop
      vertex 2.6084214233398453 21.97433458412143 0
      vertex 2.6084214233398453 21.97433458412143 17
      vertex 3 22 17
    endloop
  endfacet
  facet normal -1 0 0
    outer loop
      vertex 0 16.25 7.2
      vertex 0 16.25 17
      vertex 0 19 17
    endloop
  endfacet
  facet normal 0 0 1
    outer loop
      vertex 0 16.25 17
      vertex 1.25 16.25 17
      vertex 0 19 17
    endloop
  endfacet
  facet normal 0 0 1
    outer loop
      vertex 1.25 16.25 17
      vertex 1.25 19.75 17
      vertex 0 19 17
    endloop
  endfacet
  facet normal 0 0 1
    outer loop
      vertex 0 19 17
      vertex 0.10222252113279495 19.776457135307563 17
      vertex 0.025665415878568965 19.391578576660155 17
    endloop
  endfacet
  facet normal 0 0 1
    outer loop
      vertex 0 19 17
      vertex 1.25 19.75 17
      vertex 1.2585551386261895 19.880526192220053 17
    endloop
  endfacet
  facet normal 0 0 1
    outer loop
      vertex 0 19 17
      vertex 0.6199399791262943 20.826284287026162 17
      vertex 0.10222252113279495 19.776457135307563 17
    endloop
  endfacet
  facet normal 0 0 1
    outer loop
      vertex 0 19 17
      vertex 1.2585551386261895 19.880526192220053 17
      vertex 1.2840741737109318 20.00881904510252 17
    endloop
  endfacet
  facet normal 0 0 1
    outer loop
      vertex 0 19 17
      vertex 1.2840741737109318 20.00881904510252 17
      vertex 1.3261204674887133 20.13268343236509 17
    endloop
  endfacet
  facet normal 0 0 1
    outer loop
      vertex 0 19 17
      vertex 1.3261204674887133 20.13268343236509 17
      vertex 1.3839745962155614 20.25 17
    endloop
  endfacet
  facet normal 0 0 1
    outer loop
      vertex 0 19 17
      vertex 1.3839745962155614 20.25 17
      vertex 1.4566466597087648 20.35876142900872 17
    endloop
  endfacet
  facet normal 0 0 1
    outer loop
      vertex 0.10222252113279495 19.776457135307563 17
      vertex 0.6199399791262943 20.826284287026162 17
      vertex 0.22836140246614 20.14805029709527 17
    endloop
  endfacet
  facet normal 0 0 1
    outer loop
      vertex 0 19 17
      vertex 1.4566466597087648 20.35876142900872 17
      vertex 1.5428932188134525 20.457106781186546 17
    endloop
  endfacet
  facet normal 0 0 1
    outer loop
      vertex 0.22836140246614 20.14805029709527 17
      vertex 0.6199399791262943 20.826284287026162 17
      vertex 0.401923788646684 20.5 17
    endloop
  endfacet
  facet normal 0 0 1
    outer loop
      vertex 0 19 17
      vertex 1.5428932188134525 20.457106781186546 17
      vertex 2.223542864692438 21.897777478867205 17
    endloop
  endfacet
  facet normal 0 0 1
    outer loop
      vertex 0 19 17
      vertex 2.223542864692438 21.897777478867205 17
      vertex 0.6199399791262943 20.826284287026162 17
    endloop
  endfacet
  facet normal 0 0 1
    outer loop
      vertex 0.6199399791262943 20.826284287026162 17
      vertex 1.173715712973838 21.380060020873707 17
      vertex 0.8786796564403572 21.121320343559642 17
    endloop
  endfacet
  facet normal 0 0 1
    outer loop
      vertex 1.5428932188134525 20.457106781186546 17
      vertex 1.6412385709912793 20.543353340291237 17
      vertex 2.223542864692438 21.897777478867205 17
    endloop
  endfacet
  facet normal 0 0 1
    outer loop
      vertex 1.6412385709912793 20.543353340291237 17
      vertex 1.75 20.616025403784437 17
      vertex 2.223542864692438 21.897777478867205 17
    endloop
  endfacet
  facet normal 0 0 1
    outer loop
      vertex 1.75 20.616025403784437 17
      vertex 1.8673165676349102 20.673879532511286 17
      vertex 2.223542864692438 21.897777478867205 17
    endloop
  endfacet
  facet normal 0 0 1
    outer loop
      vertex 1.8673165676349102 20.673879532511286 17
      vertex 1.9911809548974793 20.71592582628907 17
      vertex 2.223542864692438 21.897777478867205 17
    endloop
  endfacet
  facet normal 0 0 1
    outer loop
      vertex 1.9911809548974793 20.71592582628907 17
      vertex 2.1194738077799484 20.74144486137381 17
      vertex 2.223542864692438 21.897777478867205 17
    endloop
  endfacet
  facet normal 0 0 1
    outer loop
      vertex 2.1194738077799484 20.74144486137381 17
      vertex 2.25 20.75 17
      vertex 2.223542864692438 21.897777478867205 17
    endloop
  endfacet
  facet normal 0 0 1
    outer loop
      vertex 0.6199399791262943 20.826284287026162 17
      vertex 2.223542864692438 21.897777478867205 17
      vertex 1.173715712973838 21.380060020873707 17
    endloop
  endfacet
  facet normal 0 0 1
    outer loop
      vertex 1.173715712973838 21.380060020873707 17
      vertex 2.223542864692438 21.897777478867205 17
      vertex 1.5 21.598076211353316 17
    endloop
  endfacet
  facet normal 0 0 1
    outer loop
      vertex 1.5 21.598076211353316 17
      vertex 2.223542864692438 21.897777478867205 17
      vertex 1.8519497029047307 21.771638597533858 17
    endloop
  endfacet
  facet normal 0 0 1
    outer loop
      vertex 2.223542864692438 21.897777478867205 17
      vertex 3 22 17
      vertex 2.6084214233398453 21.97433458412143 17
    endloop
  endfacet
  facet normal 0 0 1
    outer loop
      vertex 2.25 20.75 17
      vertex 85.75 20.75 17
      vertex 2.223542864692438 21.897777478867205 17
    endloop
  endfacet
  facet normal 0 0 1
    outer loop
      vertex 2.223542864692438 21.897777478867205 17
      vertex 85.77645713530757 21.897777478867205 17
      vertex 3 22 17
    endloop
  endfacet
  facet normal 0 0 -1
    outer loop
      vertex 2.223542864692438 0.10222252113279495 0
      vertex 88 3 0
      vertex 85 0 0
    endloop
  endfacet
  facet normal 0 0 -1
    outer loop
      vertex 85 0 0
      vertex 85.77645713530757 0.10222252113279495 0
      vertex 85.39157857666015 0.025665415878568965 0
    endloop
  endfacet
  facet normal 0 0 -1
    outer loop
      vertex 85 0 0
      vertex 86.82628428702616 0.6199399791262943 0
      vertex 85.77645713530757 0.10222252113279495 0
    endloop
  endfacet
  facet normal 0 0 -1
    outer loop
      vertex 85.77645713530757 0.10222252113279495 0
      vertex 86.82628428702616 0.6199399791262943 0
      vertex 86.14805029709527 0.22836140246614 0
    endloop
  endfacet
  facet normal 0 0 -1
    outer loop
      vertex 86.14805029709527 0.22836140246614 0
      vertex 86.82628428702616 0.6199399791262943 0
      vertex 86.5 0.401923788646684 0
    endloop
  endfacet
  facet normal 0 0 -1
    outer loop
      vertex 85 0 0
      vertex 88 3 0
      vertex 86.82628428702616 0.6199399791262943 0
    endloop
  endfacet
  facet normal 0 0 -1
    outer loop
      vertex 86.82628428702616 0.6199399791262943 0
      vertex 87.59807621135332 1.5 0
      vertex 87.12132034355965 0.8786796564403572 0
    endloop
  endfacet
  facet normal 0 0 -1
    outer loop
      vertex 87.12132034355965 0.8786796564403572 0
      vertex 87.59807621135332 1.5 0
      vertex 87.3800600208737 1.173715712973838 0
    endloop
  endfacet
  facet normal 0 0 -1
    outer loop
      vertex 86.82628428702616 0.6199399791262943 0
      vertex 87.77163859753387 1.8519497029047307 0
      vertex 87.59807621135332 1.5 0
    endloop
  endfacet
  facet normal 0 0 -1
    outer loop
      vertex 86.82628428702616 0.6199399791262943 0
      vertex 88 3 0
      vertex 87.77163859753387 1.8519497029047307 0
    endloop
  endfacet
  facet normal 0 0 -1
    outer loop
      vertex 87.77163859753387 1.8519497029047307 0
      vertex 88 3 0
      vertex 87.8977774788672 2.223542864692438 0
    endloop
  endfacet
  facet normal 0 0 -1
    outer loop
      vertex 87.8977774788672 2.223542864692438 0
      vertex 88 3 0
      vertex 87.97433458412144 2.6084214233398453 0
    endloop
  endfacet
  facet normal 0.06540312923014409 -0.9978589232386035 -7.389338999108522e-20
    outer loop
      vertex 85 0 0
      vertex 85.39157857666015 0.025665415878568965 0
      vertex 85.39157857666015 0.025665415878568965 17
    endloop
  endfacet
  facet normal 0.19509032201612364 -0.9807852804032314 -1.1334389726078238e-19
    outer loop
      vertex 85.39157857666015 0.025665415878568965 0
      vertex 85.77645713530757 0.10222252113279495 0
      vertex 85.77645713530757 0.10222252113279495 17
    endloop
  endfacet
  facet normal 0.32143946530316775 -0.9469301294951036 0
    outer loop
      vertex 85.77645713530757 0.10222252113279495 0
      vertex 86.14805029709527 0.22836140246614 0
      vertex 85.77645713530757 0.10222252113279495 17
    endloop
  endfacet
  facet normal 0.44228869021899836 -0.8968727415326898 -2.5524610918105177e-19
    outer loop
      vertex 86.14805029709527 0.22836140246614 0
      vertex 86.5 0.401923788646684 0
      vertex 86.5 0.401923788646684 17
    endloop
  endfacet
  facet normal 0.55557023301961 -0.83146961230254 0
    outer loop
      vertex 86.5 0.401923788646684 0
      vertex 86.82628428702616 0.6199399791262943 0
      vertex 86.5 0.401923788646684 17
    endloop
  endfacet
  facet normal 0.6593458151000565 -0.7518398074789883 4.828051634437788e-19
    outer loop
      vertex 86.82628428702616 0.6199399791262943 0
      vertex 87.12132034355965 0.8786796564403572 0
      vertex 87.12132034355965 0.8786796564403572 17
    endloop
  endfacet
  facet normal 0.7518398074789888 -0.6593458151000557 8.240246130149797e-19
    outer loop
      vertex 87.12132034355965 0.8786796564403572 0
      vertex 87.3800600208737 1.173715712973838 0
      vertex 87.3800600208737 1.173715712973838 17
    endloop
  endfacet
  facet normal 0.8314696123025382 -0.5555702330196128 0
    outer loop
      vertex 87.3800600208737 1.173715712973838 0
      vertex 87.59807621135332 1.5 0
      vertex 87.3800600208737 1.173715712973838 17
    endloop
  endfacet
  facet normal 0.8968727415326833 -0.44228869021901146 -5.075753433312717e-19
    outer loop
      vertex 87.59807621135332 1.5 0
      vertex 87.77163859753387 1.8519497029047307 0
      vertex 87.77163859753387 1.8519497029047307 17
    endloop
  endfacet
  facet normal 0.946930129495115 -0.3214394653031342 0
    outer loop
      vertex 87.77163859753387 1.8519497029047307 0
      vertex 87.8977774788672 2.223542864692438 0
      vertex 87.77163859753387 1.8519497029047307 17
    endloop
  endfacet
  facet normal 0.9807852804032244 -0.19509032201615778 -2.087802449649275e-19
    outer loop
      vertex 87.8977774788672 2.223542864692438 0
      vertex 87.97433458412144 2.6084214233398453 0
      vertex 87.97433458412144 2.6084214233398453 17
    endloop
  endfacet
  facet normal 0.9978589232386044 -0.06540312923013006 0
    outer loop
      vertex 87.97433458412144 2.6084214233398453 0
      vertex 88 3 0
      vertex 87.97433458412144 2.6084214233398453 17
    endloop
  endfacet
  facet normal 0 -1 0
    outer loop
      vertex 3 0 17
      vertex 85 0 0
      vertex 85 0 17
    endloop
  endfacet
  facet normal 0 0 1
    outer loop
      vertex 3 0 17
      vertex 85 0 17
      vertex 85.77645713530757 0.10222252113279495 17
    endloop
  endfacet
  facet normal 0 0 1
    outer loop
      vertex 2.25 1.25 17
      vertex 85.77645713530757 0.10222252113279495 17
      vertex 85.75 1.25 17
    endloop
  endfacet
  facet normal 0.06540312923014409 -0.9978589232386035 0
    outer loop
      vertex 85 0 0
      vertex 85.39157857666015 0.025665415878568965 17
      vertex 85 0 17
    endloop
  endfacet
  facet normal 0.19509032201612364 -0.9807852804032314 0
    outer loop
      vertex 85.39157857666015 0.025665415878568965 0
      vertex 85.77645713530757 0.10222252113279495 17
      vertex 85.39157857666015 0.025665415878568965 17
    endloop
  endfacet
  facet normal 0.32143946530316775 -0.9469301294951036 0
    outer loop
      vertex 86.14805029709527 0.22836140246614 0
      vertex 86.14805029709527 0.22836140246614 17
      vertex 85.77645713530757 0.10222252113279495 17
    endloop
  endfacet
  facet normal 0.44228869021899836 -0.8968727415326898 0
    outer loop
      vertex 86.14805029709527 0.22836140246614 0
      vertex 86.5 0.401923788646684 17
      vertex 86.14805029709527 0.22836140246614 17
    endloop
  endfacet
  facet normal 0.55557023301961 -0.83146961230254 0
    outer loop
      vertex 86.82628428702616 0.6199399791262943 0
      vertex 86.82628428702616 0.6199399791262943 17
      vertex 86.5 0.401923788646684 17
    endloop
  endfacet
  facet normal 0.6593458151000565 -0.7518398074789883 0
    outer loop
      vertex 86.82628428702616 0.6199399791262943 0
      vertex 87.12132034355965 0.8786796564403572 17
      vertex 86.82628428702616 0.6199399791262943 17
    endloop
  endfacet
  facet normal 0.7518398074789888 -0.6593458151000557 0
    outer loop
      vertex 87.12132034355965 0.8786796564403572 0
      vertex 87.3800600208737 1.173715712973838 17
      vertex 87.12132034355965 0.8786796564403572 17
    endloop
  endfacet
  facet normal 0.8314696123025382 -0.5555702330196128 0
    outer loop
      vertex 87.59807621135332 1.5 0
      vertex 87.59807621135332 1.5 17
      vertex 87.3800600208737 1.173715712973838 17
    endloop
  endfacet
  facet normal 0.8968727415326833 -0.44228869021901146 0
    outer loop
      vertex 87.59807621135332 1.5 0
      vertex 87.77163859753387 1.8519497029047307 17
      vertex 87.59807621135332 1.5 17
    endloop
  endfacet
  facet normal 0.946930129495115 -0.3214394653031342 0
    outer loop
      vertex 87.8977774788672 2.223542864692438 0
      vertex 87.8977774788672 2.223542864692438 17
      vertex 87.77163859753387 1.8519497029047307 17
    endloop
  endfacet
  facet normal 0.9807852804032244 -0.19509032201615778 0
    outer loop
      vertex 87.8977774788672 2.223542864692438 0
      vertex 87.97433458412144 2.6084214233398453 17
      vertex 87.8977774788672 2.223542864692438 17
    endloop
  endfacet
  facet normal 0.9978589232386044 -0.06540312923013006 0
    outer loop
      vertex 88 3 0
      vertex 88 3 17
      vertex 87.97433458412144 2.6084214233398453 17
    endloop
  endfacet
  facet normal 0 0 1
    outer loop
      vertex 85 0 17
      vertex 85.39157857666015 0.025665415878568965 17
      vertex 85.77645713530757 0.10222252113279495 17
    endloop
  endfacet
  facet normal 0 0 1
    outer loop
      vertex 85.77645713530757 0.10222252113279495 17
      vertex 86.14805029709527 0.22836140246614 17
      vertex 86.5 0.401923788646684 17
    endloop
  endfacet
  facet normal 0 0 1
    outer loop
      vertex 85.77645713530757 0.10222252113279495 17
      vertex 86.5 0.401923788646684 17
      vertex 87.3800600208737 1.173715712973838 17
    endloop
  endfacet
  facet normal 0 0 1
    outer loop
      vertex 86.5 0.401923788646684 17
      vertex 86.82628428702616 0.6199399791262943 17
      vertex 87.12132034355965 0.8786796564403572 17
    endloop
  endfacet
  facet normal 0 0 1
    outer loop
      vertex 85.77645713530757 0.10222252113279495 17
      vertex 85.88052619222005 1.2585551386261895 17
      vertex 85.75 1.25 17
    endloop
  endfacet
  facet normal 0 0 1
    outer loop
      vertex 85.77645713530757 0.10222252113279495 17
      vertex 86.00881904510253 1.2840741737109318 17
      vertex 85.88052619222005 1.2585551386261895 17
    endloop
  endfacet
  facet normal 0 0 1
    outer loop
      vertex 85.77645713530757 0.10222252113279495 17
      vertex 86.13268343236508 1.3261204674887133 17
      vertex 86.00881904510253 1.2840741737109318 17
    endloop
  endfacet
  facet normal 0 0 1
    outer loop
      vertex 85.77645713530757 0.10222252113279495 17
      vertex 86.25 1.3839745962155614 17
      vertex 86.13268343236508 1.3261204674887133 17
    endloop
  endfacet
  facet normal 0 0 1
    outer loop
      vertex 85.77645713530757 0.10222252113279495 17
      vertex 86.35876142900872 1.4566466597087648 17
      vertex 86.25 1.3839745962155614 17
    endloop
  endfacet
  facet normal 0 0 1
    outer loop
      vertex 85.77645713530757 0.10222252113279495 17
      vertex 86.45710678118655 1.5428932188134525 17
      vertex 86.35876142900872 1.4566466597087648 17
    endloop
  endfacet
  facet normal 0 0 1
    outer loop
      vertex 86.5 0.401923788646684 17
      vertex 87.12132034355965 0.8786796564403572 17
      vertex 87.3800600208737 1.173715712973838 17
    endloop
  endfacet
  facet normal 0 0 1
    outer loop
      vertex 85.77645713530757 0.10222252113279495 17
      vertex 87.3800600208737 1.173715712973838 17
      vertex 88 3 17
    endloop
  endfacet
  facet normal 0 0 1
    outer loop
      vertex 85.77645713530757 0.10222252113279495 17
      vertex 88 3 17
      vertex 86.45710678118655 1.5428932188134525 17
    endloop
  endfacet
  facet normal 0 0 1
    outer loop
      vertex 87.3800600208737 1.173715712973838 17
      vertex 87.59807621135332 1.5 17
      vertex 87.77163859753387 1.8519497029047307 17
    endloop
  endfacet
  facet normal 0 0 1
    outer loop
      vertex 86.45710678118655 1.5428932188134525 17
      vertex 88 3 17
      vertex 86.54335334029123 1.6412385709912793 17
    endloop
  endfacet
  facet normal 0 0 1
    outer loop
      vertex 87.3800600208737 1.173715712973838 17
      vertex 87.77163859753387 1.8519497029047307 17
      vertex 88 3 17
    endloop
  endfacet
  facet normal 0 0 1
    outer loop
      vertex 86.54335334029123 1.6412385709912793 17
      vertex 88 3 17
      vertex 86.61602540378443 1.75 17
    endloop
  endfacet
  facet normal 0 0 1
    outer loop
      vertex 86.61602540378443 1.75 17
      vertex 88 3 17
      vertex 86.6738795325113 1.8673165676349102 17
    endloop
  endfacet
  facet normal 0 0 1
    outer loop
      vertex 86.6738795325113 1.8673165676349102 17
      vertex 88 3 17
      vertex 86.71592582628907 1.9911809548974793 17
    endloop
  endfacet
  facet normal 0 0 1
    outer loop
      vertex 86.71592582628907 1.9911809548974793 17
      vertex 88 3 17
      vertex 86.74144486137381 2.1194738077799484 17
    endloop
  endfacet
  facet normal 0 0 1
    outer loop
      vertex 87.77163859753387 1.8519497029047307 17
      vertex 87.8977774788672 2.223542864692438 17
      vertex 87.97433458412144 2.6084214233398453 17
    endloop
  endfacet
  facet normal 0 0 1
    outer loop
      vertex 86.74144486137381 2.1194738077799484 17
      vertex 88 3 17
      vertex 86.75 2.25 17
    endloop
  endfacet
  facet normal 0 0 1
    outer loop
      vertex 87.77163859753387 1.8519497029047307 17
      vertex 87.97433458412144 2.6084214233398453 17
      vertex 88 3 17
    endloop
  endfacet
  facet normal 1 0 0
    outer loop
      vertex 88 3 0
      vertex 88 19 17
      vertex 88 3 17
    endloop
  endfacet
  facet normal 0 0 1
    outer loop
      vertex 86.75 2.25 17
      vertex 88 3 17
      vertex 88 19 17
    endloop
  endfacet
  facet normal 0 0 -1
    outer loop
      vertex 2.6084214233398453 21.97433458412143 0
      vertex 85.77645713530757 21.897777478867205 0
      vertex 88 3 0
    endloop
  endfacet
  facet normal 0 0 -1
    outer loop
      vertex 2.6084214233398453 21.97433458412143 0
      vertex 85 22 0
      vertex 85.77645713530757 21.897777478867205 0
    endloop
  endfacet
  facet normal 0 0 -1
    outer loop
      vertex 88 3 0
      vertex 87.97433458412144 19.391578576660155 0
      vertex 88 19 0
    endloop
  endfacet
  facet normal 0 0 -1
    outer loop
      vertex 88 3 0
      vertex 85.77645713530757 21.897777478867205 0
      vertex 87.97433458412144 19.391578576660155 0
    endloop
  endfacet
  facet normal 1 0 0
    outer loop
      vertex 88 3 0
      vertex 88 19 0
      vertex 88 19 17
    endloop
  endfacet
  facet normal 0 0 -1
    outer loop
      vertex 87.97433458412144 19.391578576660155 0
      vertex 87.77163859753387 20.14805029709527 0
      vertex 87.8977774788672 19.776457135307563 0
    endloop
  endfacet
  facet normal 0 0 -1
    outer loop
      vertex 87.97433458412144 19.391578576660155 0
      vertex 87.12132034355965 21.121320343559642 0
      vertex 87.77163859753387 20.14805029709527 0
    endloop
  endfacet
  facet normal 0 0 -1
    outer loop
      vertex 87.77163859753387 20.14805029709527 0
      vertex 87.12132034355965 21.121320343559642 0
      vertex 87.59807621135332 20.5 0
    endloop
  endfacet
  facet normal 0 0 -1
    outer loop
      vertex 87.97433458412144 19.391578576660155 0
      vertex 85.77645713530757 21.897777478867205 0
      vertex 87.12132034355965 21.121320343559642 0
    endloop
  endfacet
  facet normal 0 0 -1
    outer loop
      vertex 87.59807621135332 20.5 0
      vertex 87.12132034355965 21.121320343559642 0
      vertex 87.3800600208737 20.826284287026162 0
    endloop
  endfacet
  facet normal 0 0 -1
    outer loop
      vertex 87.12132034355965 21.121320343559642 0
      vertex 85.77645713530757 21.897777478867205 0
      vertex 86.5 21.598076211353316 0
    endloop
  endfacet
  facet normal 0 0 -1
    outer loop
      vertex 85 22 0
      vertex 85.39157857666015 21.97433458412143 0
      vertex 85.77645713530757 21.897777478867205 0
    endloop
  endfacet
  facet normal 0 0 -1
    outer loop
      vertex 86.5 21.598076211353316 0
      vertex 85.77645713530757 21.897777478867205 0
      vertex 86.14805029709527 21.771638597533858 0
    endloop
  endfacet
  facet normal 0 0 -1
    outer loop
      vertex 87.12132034355965 21.121320343559642 0
      vertex 86.5 21.598076211353316 0
      vertex 86.82628428702616 21.380060020873707 0
    endloop
  endfacet
  facet normal 0.9978589232386044 0.06540312923012999 0
    outer loop
      vertex 88 19 0
      vertex 87.97433458412144 19.391578576660155 0
      vertex 88 19 17
    endloop
  endfacet
  facet normal 0.9807852804032247 0.19509032201615759 0
    outer loop
      vertex 87.97433458412144 19.391578576660155 0
      vertex 87.8977774788672 19.776457135307563 0
      vertex 87.97433458412144 19.391578576660155 17
    endloop
  endfacet
  facet normal 0.9469301294951151 0.3214394653031339 3.0079545336217375e-19
    outer loop
      vertex 87.8977774788672 19.776457135307563 0
      vertex 87.77163859753387 20.14805029709527 0
      vertex 87.77163859753387 20.14805029709527 17
    endloop
  endfacet
  facet normal 0.8968727415326826 0.4422886902190128 0
    outer loop
      vertex 87.77163859753387 20.14805029709527 0
      vertex 87.59807621135332 20.5 0
      vertex 87.77163859753387 20.14805029709527 17
    endloop
  endfacet
  facet normal 0.8314696123025384 0.5555702330196126 0
    outer loop
      vertex 87.59807621135332 20.5 0
      vertex 87.3800600208737 20.826284287026162 0
      vertex 87.59807621135332 20.5 17
    endloop
  endfacet
  facet normal 0.0654031292301486 0.9978589232386031 0
    outer loop
      vertex 85 22 0
      vertex 85 22 17
      vertex 85.39157857666015 21.97433458412143 0
    endloop
  endfacet
  facet normal 0.7518398074789876 0.6593458151000572 6.304526220495409e-19
    outer loop
      vertex 87.3800600208737 20.826284287026162 0
      vertex 87.12132034355965 21.121320343559642 0
      vertex 87.12132034355965 21.121320343559642 17
    endloop
  endfacet
  facet normal 0.659345815100059 0.7518398074789859 0
    outer loop
      vertex 87.12132034355965 21.121320343559642 0
      vertex 86.82628428702616 21.380060020873707 0
      vertex 87.12132034355965 21.121320343559642 17
    endloop
  endfacet
  facet normal 0.5555702330196085 0.8314696123025411 0
    outer loop
      vertex 86.5 21.598076211353316 0
      vertex 86.5 21.598076211353316 17
      vertex 86.82628428702616 21.380060020873707 0
    endloop
  endfacet
  facet normal 0.4422886902189947 0.8968727415326917 0
    outer loop
      vertex 86.5 21.598076211353316 0
      vertex 86.14805029709527 21.771638597533858 0
      vertex 86.5 21.598076211353316 17
    endloop
  endfacet
  facet normal 0.3214394653031718 0.9469301294951021 0
    outer loop
      vertex 85.77645713530757 21.897777478867205 0
      vertex 85.77645713530757 21.897777478867205 17
      vertex 86.14805029709527 21.771638597533858 0
    endloop
  endfacet
  facet normal 0.19509032201611928 0.9807852804032322 1.4341538174890546e-19
    outer loop
      vertex 85.39157857666015 21.97433458412143 0
      vertex 85.77645713530757 21.897777478867205 17
      vertex 85.77645713530757 21.897777478867205 0
    endloop
  endfacet
  facet normal 0 1 0
    outer loop
      vertex 3 22 17
      vertex 85 22 17
      vertex 85 22 0
    endloop
  endfacet
  facet normal 0 0 1
    outer loop
      vertex 2.223542864692438 21.897777478867205 17
      vertex 85.75 20.75 17
      vertex 85.77645713530757 21.897777478867205 17
    endloop
  endfacet
  facet normal 0 0 1
    outer loop
      vertex 3 22 17
      vertex 85.77645713530757 21.897777478867205 17
      vertex 85 22 17
    endloop
  endfacet
  facet normal 0 0 1
    outer loop
      vertex 86.75 2.25 17
      vertex 88 19 17
      vertex 86.75 19.75 17
    endloop
  endfacet
  facet normal 0.9978589232386044 0.06540312923012999 0
    outer loop
      vertex 87.97433458412144 19.391578576660155 0
      vertex 87.97433458412144 19.391578576660155 17
      vertex 88 19 17
    endloop
  endfacet
  facet normal 0.9807852804032247 0.19509032201615759 0
    outer loop
      vertex 87.8977774788672 19.776457135307563 0
      vertex 87.8977774788672 19.776457135307563 17
      vertex 87.97433458412144 19.391578576660155 17
    endloop
  endfacet
  facet normal 0.9469301294951151 0.3214394653031339 0
    outer loop
      vertex 87.8977774788672 19.776457135307563 0
      vertex 87.77163859753387 20.14805029709527 17
      vertex 87.8977774788672 19.776457135307563 17
    endloop
  endfacet
  facet normal 0.8968727415326826 0.4422886902190128 0
    outer loop
      vertex 87.59807621135332 20.5 0
      vertex 87.59807621135332 20.5 17
      vertex 87.77163859753387 20.14805029709527 17
    endloop
  endfacet
  facet normal 0.7518398074789876 0.6593458151000572 0
    outer loop
      vertex 87.3800600208737 20.826284287026162 0
      vertex 87.12132034355965 21.121320343559642 17
      vertex 87.3800600208737 20.826284287026162 17
    endloop
  endfacet
  facet normal 0.8314696123025384 0.5555702330196126 0
    outer loop
      vertex 87.3800600208737 20.826284287026162 0
      vertex 87.3800600208737 20.826284287026162 17
      vertex 87.59807621135332 20.5 17
    endloop
  endfacet
  facet normal 0.659345815100059 0.7518398074789859 0
    outer loop
      vertex 86.82628428702616 21.380060020873707 0
      vertex 86.82628428702616 21.380060020873707 17
      vertex 87.12132034355965 21.121320343559642 17
    endloop
  endfacet
  facet normal 0.0654031292301486 0.9978589232386031 0
    outer loop
      vertex 85.39157857666015 21.97433458412143 0
      vertex 85 22 17
      vertex 85.39157857666015 21.97433458412143 17
    endloop
  endfacet
  facet normal 0.19509032201611928 0.9807852804032322 0
    outer loop
      vertex 85.39157857666015 21.97433458412143 0
      vertex 85.39157857666015 21.97433458412143 17
      vertex 85.77645713530757 21.897777478867205 17
    endloop
  endfacet
  facet normal 0.4422886902189947 0.8968727415326917 0
    outer loop
      vertex 86.14805029709527 21.771638597533858 0
      vertex 86.14805029709527 21.771638597533858 17
      vertex 86.5 21.598076211353316 17
    endloop
  endfacet
  facet normal 0.3214394653031718 0.9469301294951021 0
    outer loop
      vertex 86.14805029709527 21.771638597533858 0
      vertex 85.77645713530757 21.897777478867205 17
      vertex 86.14805029709527 21.771638597533858 17
    endloop
  endfacet
  facet normal 0.5555702330196085 0.8314696123025411 0
    outer loop
      vertex 86.82628428702616 21.380060020873707 0
      vertex 86.5 21.598076211353316 17
      vertex 86.82628428702616 21.380060020873707 17
    endloop
  endfacet
  facet normal 0 0 1
    outer loop
      vertex 88 19 17
      vertex 86.74144486137381 19.880526192220053 17
      vertex 86.75 19.75 17
    endloop
  endfacet
  facet normal 0 0 1
    outer loop
      vertex 88 19 17
      vertex 87.97433458412144 19.391578576660155 17
      vertex 87.77163859753387 20.14805029709527 17
    endloop
  endfacet
  facet normal 0 0 1
    outer loop
      vertex 88 19 17
      vertex 86.71592582628907 20.00881904510252 17
      vertex 86.74144486137381 19.880526192220053 17
    endloop
  endfacet
  facet normal 0 0 1
    outer loop
      vertex 88 19 17
      vertex 86.6738795325113 20.13268343236509 17
      vertex 86.71592582628907 20.00881904510252 17
    endloop
  endfacet
  facet normal 0 0 1
    outer loop
      vertex 88 19 17
      vertex 86.61602540378443 20.25 17
      vertex 86.6738795325113 20.13268343236509 17
    endloop
  endfacet
  facet normal 0 0 1
    outer loop
      vertex 88 19 17
      vertex 86.54335334029123 20.35876142900872 17
      vertex 86.61602540378443 20.25 17
    endloop
  endfacet
  facet normal 0 0 1
    outer loop
      vertex 87.97433458412144 19.391578576660155 17
      vertex 87.8977774788672 19.776457135307563 17
      vertex 87.77163859753387 20.14805029709527 17
    endloop
  endfacet
  facet normal 0 0 1
    outer loop
      vertex 88 19 17
      vertex 86.45710678118655 20.457106781186546 17
      vertex 86.54335334029123 20.35876142900872 17
    endloop
  endfacet
  facet normal 0 0 1
    outer loop
      vertex 88 19 17
      vertex 85.77645713530757 21.897777478867205 17
      vertex 86.45710678118655 20.457106781186546 17
    endloop
  endfacet
  facet normal 0 0 1
    outer loop
      vertex 88 19 17
      vertex 87.77163859753387 20.14805029709527 17
      vertex 85.77645713530757 21.897777478867205 17
    endloop
  endfacet
  facet normal 0 0 1
    outer loop
      vertex 87.77163859753387 20.14805029709527 17
      vertex 87.59807621135332 20.5 17
      vertex 87.12132034355965 21.121320343559642 17
    endloop
  endfacet
  facet normal 0 0 1
    outer loop
      vertex 86.45710678118655 20.457106781186546 17
      vertex 85.77645713530757 21.897777478867205 17
      vertex 86.35876142900872 20.543353340291237 17
    endloop
  endfacet
  facet normal 0 0 1
    outer loop
      vertex 85.75 20.75 17
      vertex 85.88052619222005 20.74144486137381 17
      vertex 85.77645713530757 21.897777478867205 17
    endloop
  endfacet
  facet normal 0 0 1
    outer loop
      vertex 85.88052619222005 20.74144486137381 17
      vertex 86.00881904510253 20.71592582628907 17
      vertex 85.77645713530757 21.897777478867205 17
    endloop
  endfacet
  facet normal 0 0 1
    outer loop
      vertex 86.25 20.616025403784437 17
      vertex 86.35876142900872 20.543353340291237 17
      vertex 85.77645713530757 21.897777478867205 17
    endloop
  endfacet
  facet normal 0 0 1
    outer loop
      vertex 86.13268343236508 20.673879532511286 17
      vertex 85.77645713530757 21.897777478867205 17
      vertex 86.00881904510253 20.71592582628907 17
    endloop
  endfacet
  facet normal 0 0 1
    outer loop
      vertex 86.25 20.616025403784437 17
      vertex 85.77645713530757 21.897777478867205 17
      vertex 86.13268343236508 20.673879532511286 17
    endloop
  endfacet
  facet normal 0 0 1
    outer loop
      vertex 87.59807621135332 20.5 17
      vertex 87.3800600208737 20.826284287026162 17
      vertex 87.12132034355965 21.121320343559642 17
    endloop
  endfacet
  facet normal 0 0 1
    outer loop
      vertex 87.77163859753387 20.14805029709527 17
      vertex 87.12132034355965 21.121320343559642 17
      vertex 85.77645713530757 21.897777478867205 17
    endloop
  endfacet
  facet normal 0 0 1
    outer loop
      vertex 87.12132034355965 21.121320343559642 17
      vertex 86.5 21.598076211353316 17
      vertex 85.77645713530757 21.897777478867205 17
    endloop
  endfacet
  facet normal 0 0 1
    outer loop
      vertex 85 22 17
      vertex 85.77645713530757 21.897777478867205 17
      vertex 85.39157857666015 21.97433458412143 17
    endloop
  endfacet
  facet normal 0 0 1
    outer loop
      vertex 86.5 21.598076211353316 17
      vertex 86.14805029709527 21.771638597533858 17
      vertex 85.77645713530757 21.897777478867205 17
    endloop
  endfacet
  facet normal 0 0 1
    outer loop
      vertex 87.12132034355965 21.121320343559642 17
      vertex 86.82628428702616 21.380060020873707 17
      vertex 86.5 21.598076211353316 17
    endloop
  endfacet
  facet normal 0 0 1
    outer loop
      vertex 3.75 3.3839745962155616 1.5
      vertex 3.8673165676349104 3.326120467488713 1.5
      vertex 3.6412385709912796 3.456646659708765 1.5
    endloop
  endfacet
  facet normal 0 0 1
    outer loop
      vertex 4.119473807779949 3.2585551386261895 1.5
      vertex 3.8673165676349104 3.326120467488713 1.5
      vertex 3.9911809548974793 3.284074173710932 1.5
    endloop
  endfacet
  facet normal 0 0 1
    outer loop
      vertex 4.119473807779949 3.2585551386261895 1.5
      vertex 3.5428932188134525 3.5428932188134525 1.5
      vertex 3.8673165676349104 3.326120467488713 1.5
    endloop
  endfacet
  facet normal 0 0 1
    outer loop
      vertex 3.3839745962155616 3.75 1.5
      vertex 3.456646659708765 3.6412385709912796 1.5
      vertex 3.326120467488713 3.8673165676349104 1.5
    endloop
  endfacet
  facet normal 0 0 1
    outer loop
      vertex 3.8673165676349104 3.326120467488713 1.5
      vertex 3.5428932188134525 3.5428932188134525 1.5
      vertex 3.6412385709912796 3.456646659708765 1.5
    endloop
  endfacet
  facet normal 0 0 1
    outer loop
      vertex 3.5428932188134525 3.5428932188134525 1.5
      vertex 3.326120467488713 3.8673165676349104 1.5
      vertex 3.456646659708765 3.6412385709912796 1.5
    endloop
  endfacet
  facet normal 0 0 1
    outer loop
      vertex 4.119473807779949 3.2585551386261895 1.5
      vertex 3.25 4.25 1.5
      vertex 3.5428932188134525 3.5428932188134525 1.5
    endloop
  endfacet
  facet normal 0 0 1
    outer loop
      vertex 3.5428932188134525 3.5428932188134525 1.5
      vertex 3.25 4.25 1.5
      vertex 3.326120467488713 3.8673165676349104 1.5
    endloop
  endfacet
  facet normal 0 0 1
    outer loop
      vertex 3.326120467488713 3.8673165676349104 1.5
      vertex 3.25 4.25 1.5
      vertex 3.284074173710932 3.9911809548974793 1.5
    endloop
  endfacet
  facet normal 0 0 1
    outer loop
      vertex 3.284074173710932 3.9911809548974793 1.5
      vertex 3.25 4.25 1.5
      vertex 3.2585551386261895 4.119473807779949 1.5
    endloop
  endfacet
  facet normal 0.5555702330196026 0.8314696123025449 0
    outer loop
      vertex 3.75 3.3839745962155616 1.5
      vertex 3.6412385709912796 3.456646659708765 1.5
      vertex 3.75 3.3839745962155616 6.9
    endloop
  endfacet
  facet normal 0.3214394653031599 0.9469301294951062 1.1903493547725899e-20
    outer loop
      vertex 3.8673165676349104 3.326120467488713 1.5
      vertex 3.9911809548974793 3.284074173710932 6.9
      vertex 3.9911809548974793 3.284074173710932 1.5
    endloop
  endfacet
  facet normal 0.4422886902190037 0.896872741532687 -3.239115690682546e-19
    outer loop
      vertex 3.75 3.3839745962155616 1.5
      vertex 3.8673165676349104 3.326120467488713 6.9
      vertex 3.8673165676349104 3.326120467488713 1.5
    endloop
  endfacet
  facet normal 0.19509032201612883 0.9807852804032303 0
    outer loop
      vertex 4.119473807779949 3.2585551386261895 1.5
      vertex 3.9911809548974793 3.284074173710932 1.5
      vertex 4.119473807779949 3.2585551386261895 6.9
    endloop
  endfacet
  facet normal 0.06540312923014266 0.9978589232386035 -1.0317525739617682e-19
    outer loop
      vertex 4.119473807779949 3.2585551386261895 1.5
      vertex 4.25 3.25 6.9
      vertex 4.25 3.25 1.5
    endloop
  endfacet
  facet normal 0.8314696123025449 0.5555702330196026 -6.377755415638198e-19
    outer loop
      vertex 3.3839745962155616 3.75 1.5
      vertex 3.456646659708765 3.6412385709912796 6.9
      vertex 3.456646659708765 3.6412385709912796 1.5
    endloop
  endfacet
  facet normal 0.6593458151000675 0.7518398074789784 0
    outer loop
      vertex 3.6412385709912796 3.456646659708765 1.5
      vertex 3.5428932188134525 3.5428932188134525 1.5
      vertex 3.6412385709912796 3.456646659708765 6.9
    endloop
  endfacet
  facet normal 0.7518398074789784 0.6593458151000675 0
    outer loop
      vertex 3.5428932188134525 3.5428932188134525 1.5
      vertex 3.456646659708765 3.6412385709912796 1.5
      vertex 3.5428932188134525 3.5428932188134525 6.9
    endloop
  endfacet
  facet normal 0.896872741532687 0.4422886902190037 0
    outer loop
      vertex 3.3839745962155616 3.75 1.5
      vertex 3.326120467488713 3.8673165676349104 1.5
      vertex 3.3839745962155616 3.75 6.9
    endloop
  endfacet
  facet normal 0.9469301294951062 0.3214394653031599 0
    outer loop
      vertex 3.326120467488713 3.8673165676349104 1.5
      vertex 3.284074173710932 3.9911809548974793 1.5
      vertex 3.326120467488713 3.8673165676349104 6.9
    endloop
  endfacet
  facet normal 0.9807852804032303 0.19509032201612883 0
    outer loop
      vertex 3.284074173710932 3.9911809548974793 1.5
      vertex 3.2585551386261895 4.119473807779949 1.5
      vertex 3.284074173710932 3.9911809548974793 6.9
    endloop
  endfacet
  facet normal 0.9978589232386035 0.06540312923014266 0
    outer loop
      vertex 3.2585551386261895 4.119473807779949 1.5
      vertex 3.25 4.25 1.5
      vertex 3.2585551386261895 4.119473807779949 6.9
    endloop
  endfacet
  facet normal 0 0 1
    outer loop
      vertex 4.119473807779949 3.2585551386261895 1.5
      vertex 4.25 3.25 1.5
      vertex 25.6 5.25 1.5
    endloop
  endfacet
  facet normal 0 0 1
    outer loop
      vertex 4.25 3.25 1.5
      vertex 25.6 3.25 1.5
      vertex 25.6 5.25 1.5
    endloop
  endfacet
  facet normal 0 1 0
    outer loop
      vertex 4.25 3.25 1.5
      vertex 25.6 3.25 6.9
      vertex 25.6 3.25 1.5
    endloop
  endfacet
  facet normal 0.5555702330196026 0.8314696123025449 0
    outer loop
      vertex 3.6412385709912796 3.456646659708765 1.5
      vertex 3.6412385709912796 3.456646659708765 6.9
      vertex 3.75 3.3839745962155616 6.9
    endloop
  endfacet
  facet normal 0.3214394653031599 0.9469301294951062 0
    outer loop
      vertex 3.8673165676349104 3.326120467488713 1.5
      vertex 3.8673165676349104 3.326120467488713 6.9
      vertex 3.9911809548974793 3.284074173710932 6.9
    endloop
  endfacet
  facet normal 0.19509032201612883 0.9807852804032303 0
    outer loop
      vertex 3.9911809548974793 3.284074173710932 1.5
      vertex 3.9911809548974793 3.284074173710932 6.9
      vertex 4.119473807779949 3.2585551386261895 6.9
    endloop
  endfacet
  facet normal 0.4422886902190037 0.896872741532687 0
    outer loop
      vertex 3.75 3.3839745962155616 1.5
      vertex 3.75 3.3839745962155616 6.9
      vertex 3.8673165676349104 3.326120467488713 6.9
    endloop
  endfacet
  facet normal 0.06540312923014266 0.9978589232386035 0
    outer loop
      vertex 4.119473807779949 3.2585551386261895 1.5
      vertex 4.119473807779949 3.2585551386261895 6.9
      vertex 4.25 3.25 6.9
    endloop
  endfacet
  facet normal 0.8314696123025449 0.5555702330196026 0
    outer loop
      vertex 3.3839745962155616 3.75 1.5
      vertex 3.3839745962155616 3.75 6.9
      vertex 3.456646659708765 3.6412385709912796 6.9
    endloop
  endfacet
  facet normal 0.6593458151000675 0.7518398074789784 0
    outer loop
      vertex 3.5428932188134525 3.5428932188134525 1.5
      vertex 3.5428932188134525 3.5428932188134525 6.9
      vertex 3.6412385709912796 3.456646659708765 6.9
    endloop
  endfacet
  facet normal 0.7518398074789784 0.6593458151000675 0
    outer loop
      vertex 3.456646659708765 3.6412385709912796 1.5
      vertex 3.456646659708765 3.6412385709912796 6.9
      vertex 3.5428932188134525 3.5428932188134525 6.9
    endloop
  endfacet
  facet normal 0.896872741532687 0.4422886902190037 0
    outer loop
      vertex 3.326120467488713 3.8673165676349104 1.5
      vertex 3.326120467488713 3.8673165676349104 6.9
      vertex 3.3839745962155616 3.75 6.9
    endloop
  endfacet
  facet normal 0.9469301294951062 0.3214394653031599 0
    outer loop
      vertex 3.284074173710932 3.9911809548974793 1.5
      vertex 3.284074173710932 3.9911809548974793 6.9
      vertex 3.326120467488713 3.8673165676349104 6.9
    endloop
  endfacet
  facet normal 0.9807852804032303 0.19509032201612883 0
    outer loop
      vertex 3.2585551386261895 4.119473807779949 1.5
      vertex 3.2585551386261895 4.119473807779949 6.9
      vertex 3.284074173710932 3.9911809548974793 6.9
    endloop
  endfacet
  facet normal 0.9978589232386035 0.06540312923014266 0
    outer loop
      vertex 3.25 4.25 1.5
      vertex 3.25 4.25 6.9
      vertex 3.2585551386261895 4.119473807779949 6.9
    endloop
  endfacet
  facet normal 0 1 0
    outer loop
      vertex 4.25 3.25 1.5
      vertex 4.25 3.25 6.9
      vertex 25.6 3.25 6.9
    endloop
  endfacet
  facet normal 0 0 1
    outer loop
      vertex 4.119473807779949 3.2585551386261895 1.5
      vertex 3.25 17.75 1.5
      vertex 3.25 4.25 1.5
    endloop
  endfacet
  facet normal 1 0 0
    outer loop
      vertex 3.25 4.25 1.5
      vertex 3.25 17.75 1.5
      vertex 3.25 4.25 6.9
    endloop
  endfacet
  facet normal 0 0 1
    outer loop
      vertex 4.119473807779949 3.2585551386261895 1.5
      vertex 25.6 5.25 1.5
      vertex 4.25 18.75 1.5
    endloop
  endfacet
  facet normal 0 0 1
    outer loop
      vertex 4.25 18.75 1.5
      vertex 25.6 5.25 1.5
      vertex 26.8 5.25 1.5
    endloop
  endfacet
  facet normal 0 0 1
    outer loop
      vertex 4.25 18.75 1.5
      vertex 26.8 5.25 1.5
      vertex 84.75 4.25 1.5
    endloop
  endfacet
  facet normal 0 0 1
    outer loop
      vertex 4.119473807779949 3.2585551386261895 1.5
      vertex 4.25 18.75 1.5
      vertex 3.25 17.75 1.5
    endloop
  endfacet
  facet normal 1 0 0
    outer loop
      vertex 3.25 4.25 6.9
      vertex 3.25 17.75 1.5
      vertex 3.25 17.75 6.9
    endloop
  endfacet
  facet normal 0 0 1
    outer loop
      vertex 3.25 17.75 1.5
      vertex 3.326120467488713 18.13268343236509 1.5
      vertex 3.2585551386261895 17.880526192220053 1.5
    endloop
  endfacet
  facet normal 0 0 1
    outer loop
      vertex 3.2585551386261895 17.880526192220053 1.5
      vertex 3.326120467488713 18.13268343236509 1.5
      vertex 3.284074173710932 18.00881904510252 1.5
    endloop
  endfacet
  facet normal 0 0 1
    outer loop
      vertex 3.25 17.75 1.5
      vertex 3.5428932188134525 18.457106781186546 1.5
      vertex 3.326120467488713 18.13268343236509 1.5
    endloop
  endfacet
  facet normal 0 0 1
    outer loop
      vertex 3.326120467488713 18.13268343236509 1.5
      vertex 3.5428932188134525 18.457106781186546 1.5
      vertex 3.3839745962155616 18.25 1.5
    endloop
  endfacet
  facet normal 0 0 1
    outer loop
      vertex 3.3839745962155616 18.25 1.5
      vertex 3.5428932188134525 18.457106781186546 1.5
      vertex 3.456646659708765 18.358761429008723 1.5
    endloop
  endfacet
  facet normal 0 0 1
    outer loop
      vertex 3.25 17.75 1.5
      vertex 4.25 18.75 1.5
      vertex 3.5428932188134525 18.457106781186546 1.5
    endloop
  endfacet
  facet normal 0 0 1
    outer loop
      vertex 3.5428932188134525 18.457106781186546 1.5
      vertex 3.8673165676349104 18.673879532511286 1.5
      vertex 3.6412385709912796 18.543353340291233 1.5
    endloop
  endfacet
  facet normal 0 0 1
    outer loop
      vertex 3.6412385709912796 18.543353340291233 1.5
      vertex 3.8673165676349104 18.673879532511286 1.5
      vertex 3.75 18.61602540378444 1.5
    endloop
  endfacet
  facet normal 0 0 1
    outer loop
      vertex 3.5428932188134525 18.457106781186546 1.5
      vertex 4.25 18.75 1.5
      vertex 3.8673165676349104 18.673879532511286 1.5
    endloop
  endfacet
  facet normal 0 0 1
    outer loop
      vertex 3.8673165676349104 18.673879532511286 1.5
      vertex 4.25 18.75 1.5
      vertex 3.9911809548974793 18.715925826289066 1.5
    endloop
  endfacet
  facet normal 0 0 1
    outer loop
      vertex 3.9911809548974793 18.715925826289066 1.5
      vertex 4.25 18.75 1.5
      vertex 4.119473807779949 18.74144486137381 1.5
    endloop
  endfacet
  facet normal 0.9978589232386035 -0.06540312923014178 0
    outer loop
      vertex 3.25 17.75 1.5
      vertex 3.2585551386261895 17.880526192220053 1.5
      vertex 3.25 17.75 6.9
    endloop
  endfacet
  facet normal 0.9807852804032295 -0.19509032201613274 0
    outer loop
      vertex 3.2585551386261895 17.880526192220053 1.5
      vertex 3.284074173710932 18.00881904510252 1.5
      vertex 3.2585551386261895 17.880526192220053 6.9
    endloop
  endfacet
  facet normal 0.9469301294951084 -0.32143946530315376 0
    outer loop
      vertex 3.284074173710932 18.00881904510252 1.5
      vertex 3.326120467488713 18.13268343236509 1.5
      vertex 3.284074173710932 18.00881904510252 6.9
    endloop
  endfacet
  facet normal 0.8968727415326845 -0.4422886902190092 0
    outer loop
      vertex 3.326120467488713 18.13268343236509 1.5
      vertex 3.3839745962155616 18.25 1.5
      vertex 3.326120467488713 18.13268343236509 6.9
    endloop
  endfacet
  facet normal 0.8314696123025512 -0.5555702330195932 0
    outer loop
      vertex 3.3839745962155616 18.25 1.5
      vertex 3.456646659708765 18.358761429008723 1.5
      vertex 3.3839745962155616 18.25 6.9
    endloop
  endfacet
  facet normal 0.7518398074789653 -0.6593458151000828 0
    outer loop
      vertex 3.456646659708765 18.358761429008723 1.5
      vertex 3.5428932188134525 18.457106781186546 1.5
      vertex 3.456646659708765 18.358761429008723 6.9
    endloop
  endfacet
  facet normal 0.6593458151000657 -0.7518398074789802 0
    outer loop
      vertex 3.5428932188134525 18.457106781186546 1.5
      vertex 3.6412385709912796 18.543353340291233 1.5
      vertex 3.5428932188134525 18.457106781186546 6.9
    endloop
  endfacet
  facet normal 0.5555702330196262 -0.8314696123025291 0
    outer loop
      vertex 3.6412385709912796 18.543353340291233 1.5
      vertex 3.75 18.61602540378444 1.5
      vertex 3.6412385709912796 18.543353340291233 6.9
    endloop
  endfacet
  facet normal 0.4422886902189818 -0.8968727415326978 0
    outer loop
      vertex 3.75 18.61602540378444 1.5
      vertex 3.8673165676349104 18.673879532511286 1.5
      vertex 3.75 18.61602540378444 6.9
    endloop
  endfacet
  facet normal 0.32143946530315076 -0.9469301294951092 0
    outer loop
      vertex 3.8673165676349104 18.673879532511286 1.5
      vertex 3.9911809548974793 18.715925826289066 1.5
      vertex 3.8673165676349104 18.673879532511286 6.9
    endloop
  endfacet
  facet normal 0.19509032201614848 -0.9807852804032265 0
    outer loop
      vertex 3.9911809548974793 18.715925826289066 1.5
      vertex 4.119473807779949 18.74144486137381 1.5
      vertex 3.9911809548974793 18.715925826289066 6.9
    endloop
  endfacet
  facet normal 0.0654031292301393 -0.9978589232386038 0
    outer loop
      vertex 4.119473807779949 18.74144486137381 1.5
      vertex 4.25 18.75 1.5
      vertex 4.119473807779949 18.74144486137381 6.9
    endloop
  endfacet
  facet normal 0 0 1
    outer loop
      vertex 4.25 18.75 1.5
      vertex 25.6 16.75 1.5
      vertex 25.6 18.75 1.5
    endloop
  endfacet
  facet normal 0 -1 0
    outer loop
      vertex 4.25 18.75 1.5
      vertex 25.6 18.75 1.5
      vertex 25.6 18.75 6.9
    endloop
  endfacet
  facet normal 0.9978589232386035 -0.06540312923014178 0
    outer loop
      vertex 3.2585551386261895 17.880526192220053 1.5
      vertex 3.2585551386261895 17.880526192220053 6.9
      vertex 3.25 17.75 6.9
    endloop
  endfacet
  facet normal 0.9807852804032295 -0.19509032201613274 0
    outer loop
      vertex 3.284074173710932 18.00881904510252 1.5
      vertex 3.284074173710932 18.00881904510252 6.9
      vertex 3.2585551386261895 17.880526192220053 6.9
    endloop
  endfacet
  facet normal 0.9469301294951084 -0.32143946530315376 0
    outer loop
      vertex 3.326120467488713 18.13268343236509 1.5
      vertex 3.326120467488713 18.13268343236509 6.9
      vertex 3.284074173710932 18.00881904510252 6.9
    endloop
  endfacet
  facet normal 0.8968727415326845 -0.4422886902190092 0
    outer loop
      vertex 3.3839745962155616 18.25 1.5
      vertex 3.3839745962155616 18.25 6.9
      vertex 3.326120467488713 18.13268343236509 6.9
    endloop
  endfacet
  facet normal 0.8314696123025512 -0.5555702330195932 0
    outer loop
      vertex 3.456646659708765 18.358761429008723 1.5
      vertex 3.456646659708765 18.358761429008723 6.9
      vertex 3.3839745962155616 18.25 6.9
    endloop
  endfacet
  facet normal 0.7518398074789653 -0.6593458151000828 0
    outer loop
      vertex 3.5428932188134525 18.457106781186546 1.5
      vertex 3.5428932188134525 18.457106781186546 6.9
      vertex 3.456646659708765 18.358761429008723 6.9
    endloop
  endfacet
  facet normal 0.6593458151000657 -0.7518398074789802 0
    outer loop
      vertex 3.6412385709912796 18.543353340291233 1.5
      vertex 3.6412385709912796 18.543353340291233 6.9
      vertex 3.5428932188134525 18.457106781186546 6.9
    endloop
  endfacet
  facet normal 0.5555702330196262 -0.8314696123025291 0
    outer loop
      vertex 3.75 18.61602540378444 1.5
      vertex 3.75 18.61602540378444 6.9
      vertex 3.6412385709912796 18.543353340291233 6.9
    endloop
  endfacet
  facet normal 0.4422886902189818 -0.8968727415326978 0
    outer loop
      vertex 3.8673165676349104 18.673879532511286 1.5
      vertex 3.8673165676349104 18.673879532511286 6.9
      vertex 3.75 18.61602540378444 6.9
    endloop
  endfacet
  facet normal 0.32143946530315076 -0.9469301294951092 0
    outer loop
      vertex 3.9911809548974793 18.715925826289066 1.5
      vertex 3.9911809548974793 18.715925826289066 6.9
      vertex 3.8673165676349104 18.673879532511286 6.9
    endloop
  endfacet
  facet normal 0.19509032201614848 -0.9807852804032265 0
    outer loop
      vertex 4.119473807779949 18.74144486137381 1.5
      vertex 4.119473807779949 18.74144486137381 6.9
      vertex 3.9911809548974793 18.715925826289066 6.9
    endloop
  endfacet
  facet normal 0.0654031292301393 -0.9978589232386038 0
    outer loop
      vertex 4.25 18.75 1.5
      vertex 4.25 18.75 6.9
      vertex 4.119473807779949 18.74144486137381 6.9
    endloop
  endfacet
  facet normal 0 -1 0
    outer loop
      vertex 4.25 18.75 1.5
      vertex 25.6 18.75 6.9
      vertex 4.25 18.75 6.9
    endloop
  endfacet
  facet normal 0 0 1
    outer loop
      vertex 4.25 18.75 1.5
      vertex 84.75 4.25 1.5
      vertex 25.6 16.75 1.5
    endloop
  endfacet
  facet normal 0 0 1
    outer loop
      vertex 84.75 4.25 1.5
      vertex 26.8 5.25 1.5
      vertex 26.8 3.25 1.5
    endloop
  endfacet
  facet normal 0 1 0
    outer loop
      vertex 83.75 3.25 1.5
      vertex 26.8 3.25 1.5
      vertex 26.8 3.25 8.5
    endloop
  endfacet
  facet normal 0 0 1
    outer loop
      vertex 83.75 3.25 1.5
      vertex 83.88052619222005 3.2585551386261895 1.5
      vertex 26.8 3.25 1.5
    endloop
  endfacet
  facet normal 0 0 1
    outer loop
      vertex 83.88052619222005 3.2585551386261895 1.5
      vertex 84.75 4.25 1.5
      vertex 26.8 3.25 1.5
    endloop
  endfacet
  facet normal 0 1 0
    outer loop
      vertex 83.75 3.25 1.5
      vertex 26.8 3.25 8.5
      vertex 83.75 3.25 8.5
    endloop
  endfacet
  facet normal 0 0 1
    outer loop
      vertex 83.88052619222005 3.2585551386261895 1.5
      vertex 84.00881904510253 3.284074173710932 1.5
      vertex 84.13268343236508 3.326120467488713 1.5
    endloop
  endfacet
  facet normal 0 0 1
    outer loop
      vertex 83.88052619222005 3.2585551386261895 1.5
      vertex 84.13268343236508 3.326120467488713 1.5
      vertex 84.45710678118655 3.5428932188134525 1.5
    endloop
  endfacet
  facet normal 0 0 1
    outer loop
      vertex 84.13268343236508 3.326120467488713 1.5
      vertex 84.25 3.3839745962155616 1.5
      vertex 84.45710678118655 3.5428932188134525 1.5
    endloop
  endfacet
  facet normal 0 0 1
    outer loop
      vertex 84.25 3.3839745962155616 1.5
      vertex 84.35876142900872 3.456646659708765 1.5
      vertex 84.45710678118655 3.5428932188134525 1.5
    endloop
  endfacet
  facet normal 0 0 1
    outer loop
      vertex 83.88052619222005 3.2585551386261895 1.5
      vertex 84.45710678118655 3.5428932188134525 1.5
      vertex 84.75 4.25 1.5
    endloop
  endfacet
  facet normal 0 0 1
    outer loop
      vertex 84.45710678118655 3.5428932188134525 1.5
      vertex 84.54335334029123 3.6412385709912796 1.5
      vertex 84.6738795325113 3.8673165676349104 1.5
    endloop
  endfacet
  facet normal 0 0 1
    outer loop
      vertex 84.54335334029123 3.6412385709912796 1.5
      vertex 84.61602540378443 3.75 1.5
      vertex 84.6738795325113 3.8673165676349104 1.5
    endloop
  endfacet
  facet normal 0 0 1
    outer loop
      vertex 84.45710678118655 3.5428932188134525 1.5
      vertex 84.6738795325113 3.8673165676349104 1.5
      vertex 84.75 4.25 1.5
    endloop
  endfacet
  facet normal 0 0 1
    outer loop
      vertex 84.6738795325113 3.8673165676349104 1.5
      vertex 84.71592582628907 3.9911809548974793 1.5
      vertex 84.74144486137381 4.119473807779949 1.5
    endloop
  endfacet
  facet normal 0 0 1
    outer loop
      vertex 84.6738795325113 3.8673165676349104 1.5
      vertex 84.74144486137381 4.119473807779949 1.5
      vertex 84.75 4.25 1.5
    endloop
  endfacet
  facet normal -0.06540312923014534 0.9978589232386034 0
    outer loop
      vertex 83.75 3.25 1.5
      vertex 83.75 3.25 8.5
      vertex 83.88052619222005 3.2585551386261895 1.5
    endloop
  endfacet
  facet normal -0.19509032201611198 0.9807852804032338 0
    outer loop
      vertex 83.88052619222005 3.2585551386261895 1.5
      vertex 83.88052619222005 3.2585551386261895 8.5
      vertex 84.00881904510253 3.284074173710932 1.5
    endloop
  endfacet
  facet normal -0.32143946530318673 0.946930129495097 0
    outer loop
      vertex 84.00881904510253 3.284074173710932 1.5
      vertex 84.00881904510253 3.284074173710932 8.5
      vertex 84.13268343236508 3.326120467488713 1.5
    endloop
  endfacet
  facet normal -0.4422886902189876 0.8968727415326951 0
    outer loop
      vertex 84.13268343236508 3.326120467488713 1.5
      vertex 84.13268343236508 3.326120467488713 8.5
      vertex 84.25 3.3839745962155616 1.5
    endloop
  endfacet
  facet normal -0.5555702330195933 0.8314696123025512 0
    outer loop
      vertex 84.25 3.3839745962155616 1.5
      vertex 84.25 3.3839745962155616 8.5
      vertex 84.35876142900872 3.456646659708765 1.5
    endloop
  endfacet
  facet normal -0.6593458151000559 0.7518398074789888 0
    outer loop
      vertex 84.35876142900872 3.456646659708765 1.5
      vertex 84.35876142900872 3.456646659708765 8.5
      vertex 84.45710678118655 3.5428932188134525 1.5
    endloop
  endfacet
  facet normal -0.7518398074790071 0.659345815100035 0
    outer loop
      vertex 84.45710678118655 3.5428932188134525 1.5
      vertex 84.45710678118655 3.5428932188134525 8.5
      vertex 84.54335334029123 3.6412385709912796 1.5
    endloop
  endfacet
  facet normal -0.8314696123025543 0.5555702330195886 0
    outer loop
      vertex 84.54335334029123 3.6412385709912796 1.5
      vertex 84.54335334029123 3.6412385709912796 8.5
      vertex 84.61602540378443 3.75 1.5
    endloop
  endfacet
  facet normal -0.8968727415326548 0.4422886902190693 0
    outer loop
      vertex 84.61602540378443 3.75 1.5
      vertex 84.61602540378443 3.75 8.5
      vertex 84.6738795325113 3.8673165676349104 1.5
    endloop
  endfacet
  facet normal -0.9469301294951259 0.3214394653031021 0
    outer loop
      vertex 84.6738795325113 3.8673165676349104 1.5
      vertex 84.6738795325113 3.8673165676349104 8.5
      vertex 84.71592582628907 3.9911809548974793 1.5
    endloop
  endfacet
  facet normal -0.9807852804032317 0.19509032201612234 0
    outer loop
      vertex 84.71592582628907 3.9911809548974793 1.5
      vertex 84.71592582628907 3.9911809548974793 8.5
      vertex 84.74144486137381 4.119473807779949 1.5
    endloop
  endfacet
  facet normal -0.997858923238602 0.06540312923016633 0
    outer loop
      vertex 84.74144486137381 4.119473807779949 1.5
      vertex 84.74144486137381 4.119473807779949 8.5
      vertex 84.75 4.25 1.5
    endloop
  endfacet
  facet normal -0.06540312923014534 0.9978589232386034 0
    outer loop
      vertex 83.88052619222005 3.2585551386261895 1.5
      vertex 83.75 3.25 8.5
      vertex 83.88052619222005 3.2585551386261895 8.5
    endloop
  endfacet
  facet normal -0.19509032201611198 0.9807852804032338 0
    outer loop
      vertex 84.00881904510253 3.284074173710932 1.5
      vertex 83.88052619222005 3.2585551386261895 8.5
      vertex 84.00881904510253 3.284074173710932 8.5
    endloop
  endfacet
  facet normal -0.32143946530318673 0.946930129495097 0
    outer loop
      vertex 84.13268343236508 3.326120467488713 1.5
      vertex 84.00881904510253 3.284074173710932 8.5
      vertex 84.13268343236508 3.326120467488713 8.5
    endloop
  endfacet
  facet normal -0.4422886902189876 0.8968727415326951 0
    outer loop
      vertex 84.25 3.3839745962155616 1.5
      vertex 84.13268343236508 3.326120467488713 8.5
      vertex 84.25 3.3839745962155616 8.5
    endloop
  endfacet
  facet normal -0.5555702330195933 0.8314696123025512 0
    outer loop
      vertex 84.35876142900872 3.456646659708765 1.5
      vertex 84.25 3.3839745962155616 8.5
      vertex 84.35876142900872 3.456646659708765 8.5
    endloop
  endfacet
  facet normal -0.6593458151000559 0.7518398074789888 0
    outer loop
      vertex 84.45710678118655 3.5428932188134525 1.5
      vertex 84.35876142900872 3.456646659708765 8.5
      vertex 84.45710678118655 3.5428932188134525 8.5
    endloop
  endfacet
  facet normal -0.7518398074790071 0.659345815100035 0
    outer loop
      vertex 84.54335334029123 3.6412385709912796 1.5
      vertex 84.45710678118655 3.5428932188134525 8.5
      vertex 84.54335334029123 3.6412385709912796 8.5
    endloop
  endfacet
  facet normal -0.8314696123025543 0.5555702330195886 0
    outer loop
      vertex 84.61602540378443 3.75 1.5
      vertex 84.54335334029123 3.6412385709912796 8.5
      vertex 84.61602540378443 3.75 8.5
    endloop
  endfacet
  facet normal -0.8968727415326548 0.4422886902190693 0
    outer loop
      vertex 84.6738795325113 3.8673165676349104 1.5
      vertex 84.61602540378443 3.75 8.5
      vertex 84.6738795325113 3.8673165676349104 8.5
    endloop
  endfacet
  facet normal -0.9469301294951259 0.3214394653031021 0
    outer loop
      vertex 84.71592582628907 3.9911809548974793 1.5
      vertex 84.6738795325113 3.8673165676349104 8.5
      vertex 84.71592582628907 3.9911809548974793 8.5
    endloop
  endfacet
  facet normal -0.9807852804032317 0.19509032201612234 0
    outer loop
      vertex 84.74144486137381 4.119473807779949 1.5
      vertex 84.71592582628907 3.9911809548974793 8.5
      vertex 84.74144486137381 4.119473807779949 8.5
    endloop
  endfacet
  facet normal -0.997858923238602 0.06540312923016633 0
    outer loop
      vertex 84.75 4.25 1.5
      vertex 84.74144486137381 4.119473807779949 8.5
      vertex 84.75 4.25 8.5
    endloop
  endfacet
  facet normal -1 0 0
    outer loop
      vertex 84.75 4.25 1.5
      vertex 84.75 4.25 8.5
      vertex 84.75 17.75 1.5
    endloop
  endfacet
  facet normal 0 0 1
    outer loop
      vertex 84.75 4.25 1.5
      vertex 26.8 16.75 1.5
      vertex 25.6 16.75 1.5
    endloop
  endfacet
  facet normal 0 0 1
    outer loop
      vertex 84.75 4.25 1.5
      vertex 83.88052619222005 18.74144486137381 1.5
      vertex 26.8 16.75 1.5
    endloop
  endfacet
  facet normal 0 0 1
    outer loop
      vertex 83.75 18.75 1.5
      vertex 26.8 18.75 1.5
      vertex 26.8 16.75 1.5
    endloop
  endfacet
  facet normal 0 0 1
    outer loop
      vertex 83.75 18.75 1.5
      vertex 26.8 16.75 1.5
      vertex 83.88052619222005 18.74144486137381 1.5
    endloop
  endfacet
  facet normal 0 -1 0
    outer loop
      vertex 83.75 18.75 1.5
      vertex 83.75 18.75 8.5
      vertex 26.8 18.75 1.5
    endloop
  endfacet
  facet normal 0 -1 0
    outer loop
      vertex 83.75 18.75 8.5
      vertex 26.8 18.75 8.5
      vertex 26.8 18.75 1.5
    endloop
  endfacet
  facet normal 0 0 1
    outer loop
      vertex 84.75 4.25 1.5
      vertex 84.75 17.75 1.5
      vertex 83.88052619222005 18.74144486137381 1.5
    endloop
  endfacet
  facet normal -1 0 0
    outer loop
      vertex 84.75 4.25 8.5
      vertex 84.75 17.75 8.5
      vertex 84.75 17.75 1.5
    endloop
  endfacet
  facet normal 0 0 1
    outer loop
      vertex 84.75 17.75 1.5
      vertex 84.74144486137381 17.880526192220053 1.5
      vertex 84.6738795325113 18.13268343236509 1.5
    endloop
  endfacet
  facet normal 0 0 1
    outer loop
      vertex 84.74144486137381 17.880526192220053 1.5
      vertex 84.71592582628907 18.00881904510252 1.5
      vertex 84.6738795325113 18.13268343236509 1.5
    endloop
  endfacet
  facet normal 0 0 1
    outer loop
      vertex 84.75 17.75 1.5
      vertex 84.6738795325113 18.13268343236509 1.5
      vertex 84.54335334029123 18.358761429008723 1.5
    endloop
  endfacet
  facet normal 0 0 1
    outer loop
      vertex 84.75 17.75 1.5
      vertex 84.54335334029123 18.358761429008723 1.5
      vertex 83.88052619222005 18.74144486137381 1.5
    endloop
  endfacet
  facet normal 0 0 1
    outer loop
      vertex 84.45710678118655 18.457106781186546 1.5
      vertex 84.35876142900872 18.543353340291233 1.5
      vertex 84.25 18.61602540378444 1.5
    endloop
  endfacet
  facet normal 0 0 1
    outer loop
      vertex 84.54335334029123 18.358761429008723 1.5
      vertex 84.45710678118655 18.457106781186546 1.5
      vertex 84.25 18.61602540378444 1.5
    endloop
  endfacet
  facet normal 0 0 1
    outer loop
      vertex 84.6738795325113 18.13268343236509 1.5
      vertex 84.61602540378443 18.25 1.5
      vertex 84.54335334029123 18.358761429008723 1.5
    endloop
  endfacet
  facet normal 0 0 1
    outer loop
      vertex 84.00881904510253 18.715925826289066 1.5
      vertex 83.88052619222005 18.74144486137381 1.5
      vertex 84.25 18.61602540378444 1.5
    endloop
  endfacet
  facet normal 0 0 1
    outer loop
      vertex 84.00881904510253 18.715925826289066 1.5
      vertex 84.25 18.61602540378444 1.5
      vertex 84.13268343236508 18.673879532511286 1.5
    endloop
  endfacet
  facet normal 0 0 1
    outer loop
      vertex 84.54335334029123 18.358761429008723 1.5
      vertex 84.25 18.61602540378444 1.5
      vertex 83.88052619222005 18.74144486137381 1.5
    endloop
  endfacet
  facet normal -0.997858923238602 -0.06540312923016545 0
    outer loop
      vertex 84.75 17.75 1.5
      vertex 84.75 17.75 8.5
      vertex 84.74144486137381 17.880526192220053 1.5
    endloop
  endfacet
  facet normal -0.9807852804032309 -0.19509032201612622 0
    outer loop
      vertex 84.74144486137381 17.880526192220053 1.5
      vertex 84.74144486137381 17.880526192220053 8.5
      vertex 84.71592582628907 18.00881904510252 1.5
    endloop
  endfacet
  facet normal -0.946930129495128 -0.32143946530309586 0
    outer loop
      vertex 84.71592582628907 18.00881904510252 1.5
      vertex 84.71592582628907 18.00881904510252 8.5
      vertex 84.6738795325113 18.13268343236509 1.5
    endloop
  endfacet
  facet normal -0.8968727415326521 -0.44228869021907463 0
    outer loop
      vertex 84.6738795325113 18.13268343236509 1.5
      vertex 84.6738795325113 18.13268343236509 8.5
      vertex 84.61602540378443 18.25 1.5
    endloop
  endfacet
  facet normal -0.7518398074789938 -0.6593458151000502 0
    outer loop
      vertex 84.54335334029123 18.358761429008723 1.5
      vertex 84.54335334029123 18.358761429008723 8.5
      vertex 84.45710678118655 18.457106781186546 1.5
    endloop
  endfacet
  facet normal -0.659345815100054 -0.7518398074789905 0
    outer loop
      vertex 84.45710678118655 18.457106781186546 1.5
      vertex 84.45710678118655 18.457106781186546 8.5
      vertex 84.35876142900872 18.543353340291233 1.5
    endloop
  endfacet
  facet normal -0.8314696123025606 -0.5555702330195792 3.2884025242937755e-19
    outer loop
      vertex 84.54335334029123 18.358761429008723 1.5
      vertex 84.61602540378443 18.25 1.5
      vertex 84.61602540378443 18.25 8.5
    endloop
  endfacet
  facet normal -0.06540312923014195 -0.9978589232386036 5.509250363154641e-20
    outer loop
      vertex 83.75 18.75 1.5
      vertex 83.88052619222005 18.74144486137381 1.5
      vertex 83.88052619222005 18.74144486137381 8.5
    endloop
  endfacet
  facet normal -0.4422886902189658 -0.8968727415327059 -1.8082422565574473e-19
    outer loop
      vertex 84.13268343236508 18.673879532511286 1.5
      vertex 84.25 18.61602540378444 1.5
      vertex 84.25 18.61602540378444 8.5
    endloop
  endfacet
  facet normal -0.19509032201613155 -0.9807852804032298 0
    outer loop
      vertex 84.00881904510253 18.715925826289066 1.5
      vertex 84.00881904510253 18.715925826289066 8.5
      vertex 83.88052619222005 18.74144486137381 1.5
    endloop
  endfacet
  facet normal -0.32143946530317763 -0.9469301294951001 -1.358815075676946e-20
    outer loop
      vertex 84.00881904510253 18.715925826289066 1.5
      vertex 84.13268343236508 18.673879532511286 1.5
      vertex 84.13268343236508 18.673879532511286 8.5
    endloop
  endfacet
  facet normal -0.5555702330196167 -0.8314696123025355 0
    outer loop
      vertex 84.35876142900872 18.543353340291233 1.5
      vertex 84.35876142900872 18.543353340291233 8.5
      vertex 84.25 18.61602540378444 1.5
    endloop
  endfacet
  facet normal -0.997858923238602 -0.06540312923016545 0
    outer loop
      vertex 84.74144486137381 17.880526192220053 1.5
      vertex 84.75 17.75 8.5
      vertex 84.74144486137381 17.880526192220053 8.5
    endloop
  endfacet
  facet normal -0.9807852804032309 -0.19509032201612622 0
    outer loop
      vertex 84.71592582628907 18.00881904510252 1.5
      vertex 84.74144486137381 17.880526192220053 8.5
      vertex 84.71592582628907 18.00881904510252 8.5
    endloop
  endfacet
  facet normal -0.946930129495128 -0.32143946530309586 0
    outer loop
      vertex 84.6738795325113 18.13268343236509 1.5
      vertex 84.71592582628907 18.00881904510252 8.5
      vertex 84.6738795325113 18.13268343236509 8.5
    endloop
  endfacet
  facet normal -0.8968727415326521 -0.44228869021907463 0
    outer loop
      vertex 84.61602540378443 18.25 1.5
      vertex 84.6738795325113 18.13268343236509 8.5
      vertex 84.61602540378443 18.25 8.5
    endloop
  endfacet
  facet normal -0.7518398074789938 -0.6593458151000502 0
    outer loop
      vertex 84.45710678118655 18.457106781186546 1.5
      vertex 84.54335334029123 18.358761429008723 8.5
      vertex 84.45710678118655 18.457106781186546 8.5
    endloop
  endfacet
  facet normal -0.659345815100054 -0.7518398074789905 0
    outer loop
      vertex 84.35876142900872 18.543353340291233 1.5
      vertex 84.45710678118655 18.457106781186546 8.5
      vertex 84.35876142900872 18.543353340291233 8.5
    endloop
  endfacet
  facet normal -0.8314696123025606 -0.5555702330195792 0
    outer loop
      vertex 84.54335334029123 18.358761429008723 1.5
      vertex 84.61602540378443 18.25 8.5
      vertex 84.54335334029123 18.358761429008723 8.5
    endloop
  endfacet
  facet normal -0.06540312923014195 -0.9978589232386036 0
    outer loop
      vertex 83.75 18.75 1.5
      vertex 83.88052619222005 18.74144486137381 8.5
      vertex 83.75 18.75 8.5
    endloop
  endfacet
  facet normal -0.19509032201613155 -0.9807852804032298 0
    outer loop
      vertex 83.88052619222005 18.74144486137381 1.5
      vertex 84.00881904510253 18.715925826289066 8.5
      vertex 83.88052619222005 18.74144486137381 8.5
    endloop
  endfacet
  facet normal -0.4422886902189658 -0.8968727415327059 0
    outer loop
      vertex 84.13268343236508 18.673879532511286 1.5
      vertex 84.25 18.61602540378444 8.5
      vertex 84.13268343236508 18.673879532511286 8.5
    endloop
  endfacet
  facet normal -0.32143946530317763 -0.9469301294951001 0
    outer loop
      vertex 84.00881904510253 18.715925826289066 1.5
      vertex 84.13268343236508 18.673879532511286 8.5
      vertex 84.00881904510253 18.715925826289066 8.5
    endloop
  endfacet
  facet normal -0.5555702330196167 -0.8314696123025355 0
    outer loop
      vertex 84.25 18.61602540378444 1.5
      vertex 84.35876142900872 18.543353340291233 8.5
      vertex 84.25 18.61602540378444 8.5
    endloop
  endfacet
  facet normal 0.4422886902190017 0.8968727415326881 -5.143183517615078e-19
    outer loop
      vertex 1.8673165676349102 1.3261204674887133 8.51
      vertex 1.75 1.3839745962155614 8.51
      vertex 1.75 1.3839745962155614 13.5
    endloop
  endfacet
  facet normal 1 0 0
    outer loop
      vertex 1.25 2.25 8.5
      vertex 1.25 2.75 8.5
      vertex 1.25 2.25 8.51
    endloop
  endfacet
  facet normal 0.8968727415326881 0.44228869021900175 0
    outer loop
      vertex 1.3261204674887133 1.8673165676349102 8.51
      vertex 1.3261204674887133 1.8673165676349102 13.006437234757549
      vertex 1.3839745962155614 1.75 8.51
    endloop
  endfacet
  facet normal 0.9469301294951059 0.32143946530316087 -6.840745086164272e-19
    outer loop
      vertex 1.3261204674887133 1.8673165676349102 8.51
      vertex 1.2840741737109318 1.9911809548974793 8.51
      vertex 1.2840741737109318 1.9911809548974793 13.002233339337582
    endloop
  endfacet
  facet normal 0.5555702330196018 0.8314696123025455 0
    outer loop
      vertex 1.6412385709912793 1.4566466597087648 8.51
      vertex 1.6412385709912793 1.4566466597087648 13.189418321862272
      vertex 1.75 1.3839745962155614 8.51
    endloop
  endfacet
  facet normal 0.6593458151000694 0.7518398074789769 8.737854519366492e-19
    outer loop
      vertex 1.6412385709912793 1.4566466597087648 8.51
      vertex 1.5428932188134525 1.5428932188134525 8.51
      vertex 1.5428932188134525 1.5428932188134525 13.095647630630527
    endloop
  endfacet
  facet normal 0.7518398074789769 0.6593458151000694 8.834256326839036e-19
    outer loop
      vertex 1.5428932188134525 1.5428932188134525 8.51
      vertex 1.4566466597087648 1.6412385709912793 8.51
      vertex 1.4566466597087648 1.6412385709912793 13.04560779663998
    endloop
  endfacet
  facet normal 0.8314696123025455 0.555570233019602 1.2891872906157809e-18
    outer loop
      vertex 1.4566466597087648 1.6412385709912793 8.51
      vertex 1.3839745962155614 1.75 8.51
      vertex 1.3839745962155614 1.75 13.018586720552838
    endloop
  endfacet
  facet normal 0.9807852804032302 0.1950903220161295 1.8197955629760683e-19
    outer loop
      vertex 1.2840741737109318 1.9911809548974793 8.51
      vertex 1.2585551386261895 2.1194738077799484 8.51
      vertex 1.2585551386261895 2.1194738077799484 13.000560733410424
    endloop
  endfacet
  facet normal 0.9978589232386035 0.06540312923014245 5.279034989140173e-20
    outer loop
      vertex 1.2585551386261895 2.1194738077799484 8.51
      vertex 1.25 2.25 8.51
      vertex 1.25 2.25 13
    endloop
  endfacet
  facet normal 0.19509032201612952 0.9807852804032302 0
    outer loop
      vertex 1.9911809548974793 1.2840741737109318 8.51
      vertex 1.9911809548974793 1.2840741737109318 17
      vertex 2.1194738077799484 1.2585551386261895 8.51
    endloop
  endfacet
  facet normal 0.3214394653031609 0.9469301294951059 -3.6195786975237793e-19
    outer loop
      vertex 1.9911809548974793 1.2840741737109318 8.51
      vertex 1.8673165676349102 1.3261204674887133 8.51
      vertex 1.8673165676349102 1.3261204674887133 17
    endloop
  endfacet
  facet normal 0.06540312923014245 0.9978589232386035 0
    outer loop
      vertex 2.1194738077799484 1.2585551386261895 8.51
      vertex 2.1194738077799484 1.2585551386261895 17
      vertex 2.25 1.25 8.51
    endloop
  endfacet
  facet normal 0 1 0
    outer loop
      vertex 2.25 1.25 8.51
      vertex 2.25 1.25 17
      vertex 10 1.25 8.51
    endloop
  endfacet
  facet normal 0.8968727415326881 0.44228869021900175 -3.7287731127840574e-18
    outer loop
      vertex 1.3839745962155614 1.75 8.51
      vertex 1.3261204674887133 1.8673165676349102 13.006437234757549
      vertex 1.3794095225512604 1.7592570536465064 13.017037086855465
    endloop
  endfacet
  facet normal 0.946930129495106 0.32143946530316025 0
    outer loop
      vertex 1.3261204674887133 1.8673165676349102 8.51
      vertex 1.3152630961100258 1.899301352315598 13.004277569313095
      vertex 1.3261204674887133 1.8673165676349102 13.006437234757549
    endloop
  endfacet
  facet normal 0.9469301294951057 0.3214394653031611 -6.736798526333982e-18
    outer loop
      vertex 1.3261204674887133 1.8673165676349102 8.51
      vertex 1.2840741737109318 1.9911809548974793 13.002233339337582
      vertex 1.3152630961100258 1.899301352315598 13.004277569313095
    endloop
  endfacet
  facet normal 0.9807852804032302 0.19509032201612952 0
    outer loop
      vertex 1.2840741737109318 1.9911809548974793 8.51
      vertex 1.2585551386261895 2.1194738077799484 13.000560733410424
      vertex 1.2840741737109318 1.9911809548974793 13.002233339337582
    endloop
  endfacet
  facet normal 0.5555702330196001 0.8314696123025467 -7.486859047834173e-17
    outer loop
      vertex 1.75 1.3839745962155614 8.51
      vertex 1.6412385709912793 1.4566466597087648 13.189418321862272
      vertex 1.6466766701456175 1.4530130380229491 13.19561928549564
    endloop
  endfacet
  facet normal 0.5555702330196028 0.8314696123025448 2.3105795377937904e-17
    outer loop
      vertex 1.75 1.3839745962155614 8.51
      vertex 1.6466766701456175 1.4530130380229491 13.19561928549564
      vertex 1.6830127018922192 1.4287340778231123 13.25
    endloop
  endfacet
  facet normal 0.6593458151000696 0.7518398074789767 -1.31945124391826e-17
    outer loop
      vertex 1.6412385709912793 1.4566466597087648 8.51
      vertex 1.5543807145043602 1.5328189554737959 13.103323329854382
      vertex 1.6035533905932737 1.489695675921452 13.146446609406727
    endloop
  endfacet
  facet normal 0.6593458151000704 0.751839807478976 0
    outer loop
      vertex 1.6412385709912793 1.4566466597087648 8.51
      vertex 1.6035533905932737 1.489695675921452 13.146446609406727
      vertex 1.6412385709912793 1.4566466597087648 13.189418321862272
    endloop
  endfacet
  facet normal 0.6593458151000657 0.7518398074789802 -1.486481457391707e-16
    outer loop
      vertex 1.6412385709912793 1.4566466597087648 8.51
      vertex 1.5428932188134525 1.5428932188134525 13.095647630630527
      vertex 1.5543807145043602 1.5328189554737959 13.103323329854382
    endloop
  endfacet
  facet normal 0.751839807478977 0.6593458151000693 1.0793921133631724e-17
    outer loop
      vertex 1.5428932188134525 1.5428932188134525 8.51
      vertex 1.4566466597087648 1.6412385709912793 13.04560779663998
      vertex 1.5 1.5918035609075558 13.066987298107781
    endloop
  endfacet
  facet normal 0.8314696123025458 0.5555702330196013 0
    outer loop
      vertex 1.4566466597087648 1.6412385709912793 8.51
      vertex 1.4413417161825448 1.6641440376698902 13.038060233744357
      vertex 1.4566466597087648 1.6412385709912793 13.04560779663998
    endloop
  endfacet
  facet normal 0.8314696123025453 0.5555702330196021 -5.592004387874212e-18
    outer loop
      vertex 1.4566466597087648 1.6412385709912793 8.51
      vertex 1.3839745962155614 1.75 13.018586720552838
      vertex 1.4413417161825448 1.6641440376698902 13.038060233744357
    endloop
  endfacet
  facet normal 0.7518398074789767 0.6593458151000697 0
    outer loop
      vertex 1.5428932188134525 1.5428932188134525 8.51
      vertex 1.5 1.5918035609075558 13.066987298107781
      vertex 1.5428932188134525 1.5428932188134525 13.095647630630527
    endloop
  endfacet
  facet normal 0.8968727415326887 0.44228869021900036 0
    outer loop
      vertex 1.3839745962155614 1.75 8.51
      vertex 1.3794095225512604 1.7592570536465064 13.017037086855465
      vertex 1.3839745962155614 1.75 13.018586720552838
    endloop
  endfacet
  facet normal 0.9978589232386035 0.06540312923014245 0
    outer loop
      vertex 1.2585551386261895 2.1194738077799484 8.51
      vertex 1.25 2.25 13
      vertex 1.2585551386261895 2.1194738077799484 13.000560733410424
    endloop
  endfacet
  facet normal 0.5555702330196015 0.8314696123025457 -3.848309464697608e-18
    outer loop
      vertex 1.75 1.3839745962155614 8.51
      vertex 1.6830127018922192 1.4287340778231123 13.25
      vertex 1.7119397662556435 1.4094056313577557 13.308658283817454
    endloop
  endfacet
  facet normal 0.5555702330196004 0.8314696123025465 -1.5607355780322402e-17
    outer loop
      vertex 1.75 1.3839745962155614 8.51
      vertex 1.7119397662556435 1.4094056313577557 13.308658283817454
      vertex 1.732962913144534 1.3953584137047594 13.37059047744874
    endloop
  endfacet
  facet normal 0.5555702330196074 0.8314696123025417 2.011271314364661e-17
    outer loop
      vertex 1.75 1.3839745962155614 8.51
      vertex 1.732962913144534 1.3953584137047594 13.37059047744874
      vertex 1.7457224306869052 1.3868327766527904 13.434736903889974
    endloop
  endfacet
  facet normal 0.5555702330195914 0.8314696123025525 0
    outer loop
      vertex 1.75 1.3839745962155614 8.51
      vertex 1.7457224306869052 1.3868327766527904 13.434736903889974
      vertex 1.75 1.3839745962155614 13.5
    endloop
  endfacet
  facet normal 1 0 0
    outer loop
      vertex 1.25 2.25 8.51
      vertex 1.25 2.75 8.5
      vertex 1.25 5.75 8.5
    endloop
  endfacet
  facet normal 0 0 1
    outer loop
      vertex 1.25 2.75 8.5
      vertex 1.6 2.75 8.5
      vertex 1.6 5.25 8.5
    endloop
  endfacet
  facet normal 0 0 1
    outer loop
      vertex 1.25 2.75 8.5
      vertex 1.6 5.75 8.5
      vertex 1.25 5.75 8.5
    endloop
  endfacet
  facet normal 0 0 1
    outer loop
      vertex 1.25 2.75 8.5
      vertex 1.6 5.25 8.5
      vertex 1.6 5.75 8.5
    endloop
  endfacet
  facet normal 1 0 0
    outer loop
      vertex 1.25 2.25 8.51
      vertex 1.25 5.75 8.5
      vertex 1.25 5.75 13
    endloop
  endfacet
  facet normal 1 0 0
    outer loop
      vertex 1.25 2.25 8.51
      vertex 1.25 5.75 13
      vertex 1.25 2.25 13
    endloop
  endfacet
  facet normal 0.4422886902190017 0.8968727415326881 -7.332710215114069e-19
    outer loop
      vertex 1.8673165676349102 1.3261204674887133 8.51
      vertex 1.75 1.3839745962155614 13.5
      vertex 1.75 1.3839745962155614 17
    endloop
  endfacet
  facet normal 0.44228869021900163 0.896872741532688 0
    outer loop
      vertex 1.8673165676349102 1.3261204674887133 8.51
      vertex 1.75 1.3839745962155614 17
      vertex 1.8673165676349102 1.3261204674887133 17
    endloop
  endfacet
  facet normal 0.3214394653031609 0.9469301294951059 0
    outer loop
      vertex 1.9911809548974793 1.2840741737109318 8.51
      vertex 1.8673165676349102 1.3261204674887133 17
      vertex 1.9911809548974793 1.2840741737109318 17
    endloop
  endfacet
  facet normal 0.19509032201612952 0.9807852804032302 0
    outer loop
      vertex 2.1194738077799484 1.2585551386261895 8.51
      vertex 1.9911809548974793 1.2840741737109318 17
      vertex 2.1194738077799484 1.2585551386261895 17
    endloop
  endfacet
  facet normal 0.06540312923014245 0.9978589232386035 0
    outer loop
      vertex 2.25 1.25 8.51
      vertex 2.1194738077799484 1.2585551386261895 17
      vertex 2.25 1.25 17
    endloop
  endfacet
  facet normal 0.5555702330196084 0.831469612302541 2.7116747323804238e-16
    outer loop
      vertex 1.7457224306869052 1.3868327766527904 13.565263096110026
      vertex 1.732962913144534 1.3953584137047594 13.62940952255126
      vertex 1.6412385709912793 1.4566466597087648 17
    endloop
  endfacet
  facet normal 0.5555702330195914 0.8314696123025525 0
    outer loop
      vertex 1.75 1.3839745962155614 13.5
      vertex 1.7457224306869052 1.3868327766527904 13.565263096110026
      vertex 1.75 1.3839745962155614 17
    endloop
  endfacet
  facet normal 0.5555702330196003 0.8314696123025467 -5.179704786216004e-17
    outer loop
      vertex 1.732962913144534 1.3953584137047594 13.62940952255126
      vertex 1.7119397662556435 1.4094056313577557 13.691341716182546
      vertex 1.6412385709912793 1.4566466597087648 17
    endloop
  endfacet
  facet normal 0.5555702330196015 0.8314696123025457 -1.7235370866941204e-17
    outer loop
      vertex 1.7119397662556435 1.4094056313577557 13.691341716182546
      vertex 1.6830127018922192 1.4287340778231123 13.75
      vertex 1.6412385709912793 1.4566466597087648 17
    endloop
  endfacet
  facet normal 0.5555702330196028 0.8314696123025449 8.971018750559238e-18
    outer loop
      vertex 1.6830127018922192 1.4287340778231123 13.75
      vertex 1.6466766701456175 1.4530130380229491 13.80438071450436
      vertex 1.6412385709912793 1.4566466597087648 17
    endloop
  endfacet
  facet normal 0.5555702330195993 0.8314696123025471 -7.513118570753528e-20
    outer loop
      vertex 1.6466766701456175 1.4530130380229491 13.80438071450436
      vertex 1.6412385709912793 1.4566466597087648 13.810581678137728
      vertex 1.6412385709912793 1.4566466597087648 17
    endloop
  endfacet
  facet normal 0 1 0
    outer loop
      vertex 10 1.25 8.51
      vertex 2.25 1.25 17
      vertex 20.25 1.25 13
    endloop
  endfacet
  facet normal 0.8968727415326879 0.44228869021900175 0
    outer loop
      vertex 1.3261204674887133 1.8673165676349102 13.993562765242451
      vertex 1.3261204674887133 1.8673165676349102 17
      vertex 1.3794095225512604 1.7592570536465064 13.982962913144535
    endloop
  endfacet
  facet normal 0.9469301294951061 0.3214394653031603 0
    outer loop
      vertex 1.3261204674887133 1.8673165676349102 13.993562765242451
      vertex 1.3152630961100258 1.899301352315598 13.995722430686905
      vertex 1.3261204674887133 1.8673165676349102 17
    endloop
  endfacet
  facet normal 0.9469301294951058 0.32143946530316114 2.0760682038159063e-19
    outer loop
      vertex 1.3152630961100258 1.899301352315598 13.995722430686905
      vertex 1.2840741737109318 1.9911809548974793 13.997766660662418
      vertex 1.2840741737109318 1.9911809548974793 17
    endloop
  endfacet
  facet normal 0.9807852804032302 0.1950903220161295 0
    outer loop
      vertex 1.2840741737109318 1.9911809548974793 13.997766660662418
      vertex 1.2585551386261895 2.1194738077799484 13.999439266589576
      vertex 1.2840741737109318 1.9911809548974793 17
    endloop
  endfacet
  facet normal 0.6593458151000656 0.7518398074789803 0
    outer loop
      vertex 1.5428932188134525 1.5428932188134525 13.904352369369473
      vertex 1.5428932188134525 1.5428932188134525 17
      vertex 1.5543807145043602 1.5328189554737959 13.896676670145618
    endloop
  endfacet
  facet normal 0.6593458151000704 0.7518398074789759 0
    outer loop
      vertex 1.6412385709912793 1.4566466597087648 13.810581678137728
      vertex 1.6035533905932737 1.489695675921452 13.853553390593273
      vertex 1.6412385709912793 1.4566466597087648 17
    endloop
  endfacet
  facet normal 0.6593458151000695 0.7518398074789767 2.546546800539088e-17
    outer loop
      vertex 1.6035533905932737 1.489695675921452 13.853553390593273
      vertex 1.5543807145043602 1.5328189554737959 13.896676670145618
      vertex 1.5428932188134525 1.5428932188134525 17
    endloop
  endfacet
  facet normal 0.7518398074789766 0.6593458151000696 0
    outer loop
      vertex 1.5428932188134525 1.5428932188134525 13.904352369369473
      vertex 1.5 1.5918035609075558 13.933012701892219
      vertex 1.5428932188134525 1.5428932188134525 17
    endloop
  endfacet
  facet normal 0.7518398074789772 0.6593458151000691 -6.479030540527697e-19
    outer loop
      vertex 1.5 1.5918035609075558 13.933012701892219
      vertex 1.4566466597087648 1.6412385709912793 13.95439220336002
      vertex 1.4566466597087648 1.6412385709912793 17
    endloop
  endfacet
  facet normal 0.8314696123025458 0.5555702330196013 0
    outer loop
      vertex 1.4566466597087648 1.6412385709912793 13.95439220336002
      vertex 1.4413417161825448 1.6641440376698902 13.961939766255643
      vertex 1.4566466597087648 1.6412385709912793 17
    endloop
  endfacet
  facet normal 0.8314696123025453 0.5555702330196021 -6.475623673431041e-19
    outer loop
      vertex 1.4413417161825448 1.6641440376698902 13.961939766255643
      vertex 1.3839745962155614 1.75 13.981413279447162
      vertex 1.3839745962155614 1.75 17
    endloop
  endfacet
  facet normal 0.8968727415326888 0.44228869021900036 0
    outer loop
      vertex 1.3839745962155614 1.75 13.981413279447162
      vertex 1.3794095225512604 1.7592570536465064 13.982962913144535
      vertex 1.3839745962155614 1.75 17
    endloop
  endfacet
  facet normal 0.5555702330196018 0.8314696123025455 -1.882351146670552e-17
    outer loop
      vertex 1.7457224306869052 1.3868327766527904 13.565263096110026
      vertex 1.6412385709912793 1.4566466597087648 17
      vertex 1.75 1.3839745962155614 17
    endloop
  endfacet
  facet normal 0.9978589232386035 0.06540312923014245 7.900955700413127e-20
    outer loop
      vertex 1.2585551386261895 2.1194738077799484 13.999439266589576
      vertex 1.25 2.25 14
      vertex 1.25 2.25 17
    endloop
  endfacet
  facet normal 0.8968727415326881 0.44228869021900175 4.957885680770324e-18
    outer loop
      vertex 1.3794095225512604 1.7592570536465064 13.982962913144535
      vertex 1.3261204674887133 1.8673165676349102 17
      vertex 1.3839745962155614 1.75 17
    endloop
  endfacet
  facet normal 0.9469301294951059 0.321439465303161 7.369775257488533e-18
    outer loop
      vertex 1.3152630961100258 1.899301352315598 13.995722430686905
      vertex 1.2840741737109318 1.9911809548974793 17
      vertex 1.3261204674887133 1.8673165676349102 17
    endloop
  endfacet
  facet normal 0.6593458151000695 0.7518398074789769 2.196991166188756e-17
    outer loop
      vertex 1.6035533905932737 1.489695675921452 13.853553390593273
      vertex 1.5428932188134525 1.5428932188134525 17
      vertex 1.6412385709912793 1.4566466597087648 17
    endloop
  endfacet
  facet normal 0.7518398074789768 0.6593458151000695 -7.875649996578194e-18
    outer loop
      vertex 1.5 1.5918035609075558 13.933012701892219
      vertex 1.4566466597087648 1.6412385709912793 17
      vertex 1.5428932188134525 1.5428932188134525 17
    endloop
  endfacet
  facet normal 0.8314696123025455 0.555570233019602 7.114697850749064e-18
    outer loop
      vertex 1.4413417161825448 1.6641440376698902 13.961939766255643
      vertex 1.3839745962155614 1.75 17
      vertex 1.4566466597087648 1.6412385709912793 17
    endloop
  endfacet
  facet normal 0.9807852804032303 0.19509032201612952 0
    outer loop
      vertex 1.2585551386261895 2.1194738077799484 13.999439266589576
      vertex 1.2585551386261895 2.1194738077799484 17
      vertex 1.2840741737109318 1.9911809548974793 17
    endloop
  endfacet
  facet normal 0.9978589232386036 0.06540312923014245 0
    outer loop
      vertex 1.2585551386261895 2.1194738077799484 13.999439266589576
      vertex 1.25 2.25 17
      vertex 1.2585551386261895 2.1194738077799484 17
    endloop
  endfacet
  facet normal 1 0 0
    outer loop
      vertex 1.25 2.25 14
      vertex 1.25 5.75 17
      vertex 1.25 2.25 17
    endloop
  endfacet
  facet normal 1 0 0
    outer loop
      vertex 1.25 2.25 14
      vertex 1.25 5.75 14
      vertex 1.25 5.75 17
    endloop
  endfacet
  facet normal 0 1 0
    outer loop
      vertex 2.25 1.25 17
      vertex 20.25 1.25 14
      vertex 20.25 1.25 13
    endloop
  endfacet
  facet normal 0 1 0
    outer loop
      vertex 2.25 1.25 17
      vertex 27.75 1.25 14
      vertex 20.25 1.25 14
    endloop
  endfacet
  facet normal 0 0 1
    outer loop
      vertex 25.6 1.75 8.5
      vertex 26.79506764856996 2.7602757321459155 8.5
      vertex 25.6 2.75 8.5
    endloop
  endfacet
  facet normal 0 1 0
    outer loop
      vertex 10 1.25 8.5
      vertex 10 1.25 8.51
      vertex 85.75 1.25 8.5
    endloop
  endfacet
  facet normal 0 1 0
    outer loop
      vertex 10 1.25 8.51
      vertex 20.25 1.25 13
      vertex 77.25 1.25 8.8
    endloop
  endfacet
  facet normal 0 0 1
    outer loop
      vertex 10 1.25 8.5
      vertex 85.75 1.25 8.5
      vertex 10 1.75 8.5
    endloop
  endfacet
  facet normal 0 0 1
    outer loop
      vertex 10 1.75 8.5
      vertex 85.75 1.25 8.5
      vertex 25.6 1.75 8.5
    endloop
  endfacet
  facet normal 0 1 0
    outer loop
      vertex 20.25 1.25 13
      vertex 27.75 1.25 13
      vertex 77.25 1.25 8.8
    endloop
  endfacet
  facet normal 0 1 0
    outer loop
      vertex 2.25 1.25 17
      vertex 77.25 1.25 9.7
      vertex 27.75 1.25 14
    endloop
  endfacet
  facet normal 0 0 1
    outer loop
      vertex 1.25 16.25 8.5
      vertex 1.6 16.25 8.5
      vertex 1.6 16.75 8.5
    endloop
  endfacet
  facet normal 0 0 1
    outer loop
      vertex 1.25 16.25 8.5
      vertex 1.6 16.75 8.5
      vertex 1.6 19.25 8.5
    endloop
  endfacet
  facet normal 1 0 0
    outer loop
      vertex 1.25 16.25 8.5
      vertex 1.25 19.25 8.5
      vertex 1.25 16.25 13
    endloop
  endfacet
  facet normal 0 0 1
    outer loop
      vertex 1.25 16.25 8.5
      vertex 1.6 19.25 8.5
      vertex 1.25 19.25 8.5
    endloop
  endfacet
  facet normal 1 0 0
    outer loop
      vertex 1.25 16.25 13
      vertex 1.25 19.25 8.5
      vertex 1.25 19.75 8.51
    endloop
  endfacet
  facet normal 1 0 0
    outer loop
      vertex 1.25 16.25 13
      vertex 1.25 19.75 8.51
      vertex 1.25 19.75 13
    endloop
  endfacet
  facet normal 1 0 0
    outer loop
      vertex 1.25 19.25 8.5
      vertex 1.25 19.75 8.5
      vertex 1.25 19.75 8.51
    endloop
  endfacet
  facet normal 0.9978589232386035 -0.06540312923014178 0
    outer loop
      vertex 1.25 19.75 8.51
      vertex 1.2585551386261895 19.880526192220053 8.51
      vertex 1.25 19.75 13
    endloop
  endfacet
  facet normal 0.9807852804032295 -0.19509032201613274 0
    outer loop
      vertex 1.2585551386261895 19.880526192220053 8.51
      vertex 1.2840741737109318 20.00881904510252 8.51
      vertex 1.2585551386261895 19.880526192220053 13.000560733410424
    endloop
  endfacet
  facet normal 0.9469301294951078 -0.3214394653031552 0
    outer loop
      vertex 1.2840741737109318 20.00881904510252 8.51
      vertex 1.3261204674887133 20.13268343236509 8.51
      vertex 1.2840741737109318 20.00881904510252 13.002233339337582
    endloop
  endfacet
  facet normal 0.8968727415326858 -0.4422886902190064 0
    outer loop
      vertex 1.3261204674887133 20.13268343236509 8.51
      vertex 1.3839745962155614 20.25 8.51
      vertex 1.3261204674887133 20.13268343236509 13.006437234757549
    endloop
  endfacet
  facet normal 0.8314696123025428 -0.5555702330196058 0
    outer loop
      vertex 1.3839745962155614 20.25 8.51
      vertex 1.4566466597087648 20.35876142900872 8.51
      vertex 1.3839745962155614 20.25 13.018586720552838
    endloop
  endfacet
  facet normal 0.7518398074789762 -0.6593458151000703 0
    outer loop
      vertex 1.4566466597087648 20.35876142900872 8.51
      vertex 1.5428932188134525 20.457106781186546 8.51
      vertex 1.4566466597087648 20.35876142900872 13.04560779663998
    endloop
  endfacet
  facet normal 0.659345815100082 -0.751839807478966 4.601779480780542e-19
    outer loop
      vertex 1.5428932188134525 20.457106781186546 8.51
      vertex 1.6412385709912793 20.543353340291237 8.51
      vertex 1.5543807145043602 20.467181044526203 13.103323329854382
    endloop
  endfacet
  facet normal 0.5555702330195879 -0.8314696123025549 -1.7776564633798461e-16
    outer loop
      vertex 1.6412385709912793 20.543353340291237 8.51
      vertex 1.75 20.616025403784437 8.51
      vertex 1.6466766701456175 20.54698696197705 13.19561928549564
    endloop
  endfacet
  facet normal 0.9978589232386036 -0.06540312923014177 0
    outer loop
      vertex 1.2585551386261895 19.880526192220053 8.51
      vertex 1.2585551386261895 19.880526192220053 13.000560733410424
      vertex 1.25 19.75 13
    endloop
  endfacet
  facet normal 0.9807852804032295 -0.19509032201613277 0
    outer loop
      vertex 1.2840741737109318 20.00881904510252 8.51
      vertex 1.2840741737109318 20.00881904510252 13.002233339337582
      vertex 1.2585551386261895 19.880526192220053 13.000560733410424
    endloop
  endfacet
  facet normal 0.9469301294951081 -0.3214394653031542 3.235320434228364e-17
    outer loop
      vertex 1.3261204674887133 20.13268343236509 8.51
      vertex 1.3152630961100258 20.100698647684403 13.004277569313095
      vertex 1.2840741737109318 20.00881904510252 13.002233339337582
    endloop
  endfacet
  facet normal 0.9469301294951069 -0.3214394653031583 0
    outer loop
      vertex 1.3261204674887133 20.13268343236509 8.51
      vertex 1.3261204674887133 20.13268343236509 13.006437234757549
      vertex 1.3152630961100258 20.100698647684403 13.004277569313095
    endloop
  endfacet
  facet normal 0.8968727415326836 -0.4422886902190105 -1.349368473730322e-16
    outer loop
      vertex 1.3839745962155614 20.25 8.51
      vertex 1.3794095225512604 20.240742946353492 13.017037086855465
      vertex 1.3261204674887133 20.13268343236509 13.006437234757549
    endloop
  endfacet
  facet normal 0.8968727415327097 -0.44228869021895767 0
    outer loop
      vertex 1.3839745962155614 20.25 8.51
      vertex 1.3839745962155614 20.25 13.018586720552838
      vertex 1.3794095225512604 20.240742946353492 13.017037086855465
    endloop
  endfacet
  facet normal 0.8314696123025387 -0.555570233019612 -2.1440472154052424e-16
    outer loop
      vertex 1.4566466597087648 20.35876142900872 8.51
      vertex 1.4413417161825448 20.335855962330108 13.038060233744357
      vertex 1.3839745962155614 20.25 13.018586720552838
    endloop
  endfacet
  facet normal 0.8314696123025582 -0.5555702330195826 0
    outer loop
      vertex 1.4566466597087648 20.35876142900872 8.51
      vertex 1.4566466597087648 20.35876142900872 13.04560779663998
      vertex 1.4413417161825448 20.335855962330108 13.038060233744357
    endloop
  endfacet
  facet normal 0.7518398074789742 -0.6593458151000724 -8.382478414799765e-17
    outer loop
      vertex 1.5428932188134525 20.457106781186546 8.51
      vertex 1.5 20.408196439092443 13.066987298107781
      vertex 1.4566466597087648 20.35876142900872 13.04560779663998
    endloop
  endfacet
  facet normal 0.7518398074789782 -0.6593458151000681 0
    outer loop
      vertex 1.5428932188134525 20.457106781186546 8.51
      vertex 1.5428932188134525 20.457106781186546 13.095647630630527
      vertex 1.5 20.408196439092443 13.066987298107781
    endloop
  endfacet
  facet normal 0.6593458151000821 -0.7518398074789658 0
    outer loop
      vertex 1.5428932188134525 20.457106781186546 8.51
      vertex 1.5543807145043602 20.467181044526203 13.103323329854382
      vertex 1.5428932188134525 20.457106781186546 13.095647630630527
    endloop
  endfacet
  facet normal 0.6593458151000963 -0.7518398074789534 4.779055284976883e-16
    outer loop
      vertex 1.6412385709912793 20.543353340291237 8.51
      vertex 1.6035533905932737 20.51030432407855 13.146446609406727
      vertex 1.5543807145043602 20.467181044526203 13.103323329854382
    endloop
  endfacet
  facet normal 0.659345815100063 -0.7518398074789826 0
    outer loop
      vertex 1.6412385709912793 20.543353340291237 8.51
      vertex 1.6412385709912793 20.543353340291237 13.189418321862272
      vertex 1.6035533905932737 20.51030432407855 13.146446609406727
    endloop
  endfacet
  facet normal 0.5555702330194818 -0.8314696123026256 0
    outer loop
      vertex 1.6412385709912793 20.543353340291237 8.51
      vertex 1.6466766701456175 20.54698696197705 13.19561928549564
      vertex 1.6412385709912793 20.543353340291237 13.189418321862272
    endloop
  endfacet
  facet normal 0.5555702330196025 -0.831469612302545 2.911334917252785e-16
    outer loop
      vertex 1.75 20.616025403784437 8.51
      vertex 1.6830127018922192 20.571265922176888 13.25
      vertex 1.6466766701456175 20.54698696197705 13.19561928549564
    endloop
  endfacet
  facet normal 0.5555702330195711 -0.831469612302566 -3.522861480651189e-16
    outer loop
      vertex 1.75 20.616025403784437 8.51
      vertex 1.7119397662556435 20.590594368642243 13.308658283817454
      vertex 1.6830127018922192 20.571265922176888 13.25
    endloop
  endfacet
  facet normal 0.555570233019636 -0.8314696123025227 3.9286561132935217e-16
    outer loop
      vertex 1.75 20.616025403784437 8.51
      vertex 1.732962913144534 20.60464158629524 13.37059047744874
      vertex 1.7119397662556435 20.590594368642243 13.308658283817454
    endloop
  endfacet
  facet normal 0.555570233019528 -0.8314696123025946 -1.5461344102661908e-16
    outer loop
      vertex 1.75 20.616025403784437 8.51
      vertex 1.7457224306869052 20.613167223347208 13.434736903889974
      vertex 1.732962913144534 20.60464158629524 13.37059047744874
    endloop
  endfacet
  facet normal 0.5555702330196511 -0.8314696123025126 0
    outer loop
      vertex 1.75 20.616025403784437 8.51
      vertex 1.75 20.616025403784437 13.5
      vertex 1.7457224306869052 20.613167223347208 13.434736903889974
    endloop
  endfacet
  facet normal 0.4422886902190044 -0.8968727415326868 3.5390284241509916e-19
    outer loop
      vertex 1.75 20.616025403784437 8.51
      vertex 1.8673165676349102 20.673879532511286 8.51
      vertex 1.8673165676349102 20.673879532511286 17
    endloop
  endfacet
  facet normal 0.3214394653031746 -0.9469301294951011 -1.1950537039131904e-19
    outer loop
      vertex 1.8673165676349102 20.673879532511286 8.51
      vertex 1.9911809548974793 20.71592582628907 8.51
      vertex 1.9911809548974793 20.71592582628907 17
    endloop
  endfacet
  facet normal 0.19509032201612297 -0.9807852804032314 3.8103939645776986e-21
    outer loop
      vertex 1.9911809548974793 20.71592582628907 8.51
      vertex 2.1194738077799484 20.74144486137381 8.51
      vertex 2.1194738077799484 20.74144486137381 17
    endloop
  endfacet
  facet normal 0.06540312923013906 -0.9978589232386037 -8.993996509431125e-20
    outer loop
      vertex 2.1194738077799484 20.74144486137381 8.51
      vertex 2.25 20.75 8.51
      vertex 2.25 20.75 17
    endloop
  endfacet
  facet normal 0 -1 0
    outer loop
      vertex 2.25 20.75 8.51
      vertex 10 20.75 8.51
      vertex 2.25 20.75 17
    endloop
  endfacet
  facet normal 0 0 1
    outer loop
      vertex 10 20.25 8.5
      vertex 25.6 20.25 8.5
      vertex 10 20.75 8.5
    endloop
  endfacet
  facet normal 0 -1 0
    outer loop
      vertex 10 20.75 8.51
      vertex 20.25 20.75 13
      vertex 20.25 20.75 14
    endloop
  endfacet
  facet normal 1 0 0
    outer loop
      vertex 1.25 16.25 14
      vertex 1.25 19.75 17
      vertex 1.25 16.25 17
    endloop
  endfacet
  facet normal 1 0 0
    outer loop
      vertex 1.25 16.25 14
      vertex 1.25 19.75 14
      vertex 1.25 19.75 17
    endloop
  endfacet
  facet normal 0.5555702330196511 -0.8314696123025125 0
    outer loop
      vertex 1.75 20.616025403784437 13.5
      vertex 1.75 20.616025403784437 17
      vertex 1.7457224306869052 20.613167223347208 13.565263096110026
    endloop
  endfacet
  facet normal 0.5555702330195283 -0.8314696123025946 2.2132454074449545e-16
    outer loop
      vertex 1.7457224306869052 20.613167223347208 13.565263096110026
      vertex 1.75 20.616025403784437 17
      vertex 1.732962913144534 20.60464158629524 13.62940952255126
    endloop
  endfacet
  facet normal 0.5555702330196024 -0.8314696123025451 -4.194018487018681e-16
    outer loop
      vertex 1.6830127018922192 20.571265922176888 13.75
      vertex 1.75 20.616025403784437 17
      vertex 1.6466766701456175 20.54698696197705 13.80438071450436
    endloop
  endfacet
  facet normal 0.5555702330194859 -0.8314696123026231 5.027247017626244e-15
    outer loop
      vertex 1.6466766701456175 20.54698696197705 13.80438071450436
      vertex 1.75 20.616025403784437 17
      vertex 1.6412385709912793 20.543353340291237 13.810581678137728
    endloop
  endfacet
  facet normal 0.5555702330195713 -0.8314696123025659 5.073704492148957e-16
    outer loop
      vertex 1.7119397662556435 20.590594368642243 13.691341716182546
      vertex 1.75 20.616025403784437 17
      vertex 1.6830127018922192 20.571265922176888 13.75
    endloop
  endfacet
  facet normal 0.5555702330196356 -0.831469612302523 -5.637481655442662e-16
    outer loop
      vertex 1.732962913144534 20.60464158629524 13.62940952255126
      vertex 1.75 20.616025403784437 17
      vertex 1.7119397662556435 20.590594368642243 13.691341716182546
    endloop
  endfacet
  facet normal 0.4422886902190044 -0.8968727415326867 0
    outer loop
      vertex 1.75 20.616025403784437 8.51
      vertex 1.8673165676349102 20.673879532511286 17
      vertex 1.75 20.616025403784437 13.5
    endloop
  endfacet
  facet normal 0.3214394653031746 -0.9469301294951011 0
    outer loop
      vertex 1.8673165676349102 20.673879532511286 8.51
      vertex 1.9911809548974793 20.71592582628907 17
      vertex 1.8673165676349102 20.673879532511286 17
    endloop
  endfacet
  facet normal 0.19509032201612297 -0.9807852804032314 0
    outer loop
      vertex 1.9911809548974793 20.71592582628907 8.51
      vertex 2.1194738077799484 20.74144486137381 17
      vertex 1.9911809548974793 20.71592582628907 17
    endloop
  endfacet
  facet normal 0.06540312923013906 -0.9978589232386037 0
    outer loop
      vertex 2.1194738077799484 20.74144486137381 8.51
      vertex 2.25 20.75 17
      vertex 2.1194738077799484 20.74144486137381 17
    endloop
  endfacet
  facet normal 0 -1 0
    outer loop
      vertex 10 20.75 8.51
      vertex 20.25 20.75 14
      vertex 2.25 20.75 17
    endloop
  endfacet
  facet normal 0.9978589232386036 -0.06540312923014178 2.319201462706441e-19
    outer loop
      vertex 1.25 19.75 14
      vertex 1.2585551386261895 19.880526192220053 13.999439266589576
      vertex 1.2585551386261895 19.880526192220053 17
    endloop
  endfacet
  facet normal 0.9807852804032295 -0.19509032201613274 1.0608211674931384e-19
    outer loop
      vertex 1.2585551386261895 19.880526192220053 13.999439266589576
      vertex 1.2840741737109318 20.00881904510252 13.997766660662418
      vertex 1.2840741737109318 20.00881904510252 17
    endloop
  endfacet
  facet normal 0.9469301294951082 -0.3214394653031542 -4.805079166953951e-17
    outer loop
      vertex 1.2840741737109318 20.00881904510252 13.997766660662418
      vertex 1.3152630961100258 20.100698647684403 13.995722430686905
      vertex 1.3261204674887133 20.13268343236509 17
    endloop
  endfacet
  facet normal 0.9469301294951068 -0.3214394653031583 1.3213042005221158e-19
    outer loop
      vertex 1.3152630961100258 20.100698647684403 13.995722430686905
      vertex 1.3261204674887133 20.13268343236509 13.993562765242451
      vertex 1.3261204674887133 20.13268343236509 17
    endloop
  endfacet
  facet normal 0.8968727415326838 -0.4422886902190106 2.0057288238134753e-16
    outer loop
      vertex 1.3261204674887133 20.13268343236509 13.993562765242451
      vertex 1.3794095225512604 20.240742946353492 13.982962913144535
      vertex 1.3839745962155614 20.25 17
    endloop
  endfacet
  facet normal 0.8968727415327098 -0.4422886902189577 1.498869293276849e-20
    outer loop
      vertex 1.3794095225512604 20.240742946353492 13.982962913144535
      vertex 1.3839745962155614 20.25 13.981413279447162
      vertex 1.3839745962155614 20.25 17
    endloop
  endfacet
  facet normal 0.8314696123025388 -0.5555702330196121 3.196636588380002e-16
    outer loop
      vertex 1.3839745962155614 20.25 13.981413279447162
      vertex 1.4413417161825448 20.335855962330108 13.961939766255643
      vertex 1.4566466597087648 20.35876142900872 17
    endloop
  endfacet
  facet normal 0.8314696123025582 -0.5555702330195826 -2.7417649759182097e-19
    outer loop
      vertex 1.4413417161825448 20.335855962330108 13.961939766255643
      vertex 1.4566466597087648 20.35876142900872 13.95439220336002
      vertex 1.4566466597087648 20.35876142900872 17
    endloop
  endfacet
  facet normal 0.7518398074789743 -0.6593458151000724 1.258812201514148e-16
    outer loop
      vertex 1.5 20.408196439092443 13.933012701892219
      vertex 1.5428932188134525 20.457106781186546 17
      vertex 1.4566466597087648 20.35876142900872 13.95439220336002
    endloop
  endfacet
  facet normal 0.7518398074789783 -0.6593458151000681 -5.284300037348416e-19
    outer loop
      vertex 1.5 20.408196439092443 13.933012701892219
      vertex 1.5428932188134525 20.457106781186546 13.904352369369473
      vertex 1.5428932188134525 20.457106781186546 17
    endloop
  endfacet
  facet normal 0.659345815100082 -0.7518398074789658 -5.8608715304259824e-18
    outer loop
      vertex 1.5428932188134525 20.457106781186546 13.904352369369473
      vertex 1.5543807145043602 20.467181044526203 13.896676670145618
      vertex 1.6412385709912793 20.543353340291237 17
    endloop
  endfacet
  facet normal 0.659345815100063 -0.7518398074789826 0
    outer loop
      vertex 1.6412385709912793 20.543353340291237 13.810581678137728
      vertex 1.6412385709912793 20.543353340291237 17
      vertex 1.6035533905932737 20.51030432407855 13.853553390593273
    endloop
  endfacet
  facet normal 0.659345815100096 -0.7518398074789535 -7.017549480635587e-16
    outer loop
      vertex 1.6035533905932737 20.51030432407855 13.853553390593273
      vertex 1.6412385709912793 20.543353340291237 17
      vertex 1.5543807145043602 20.467181044526203 13.896676670145618
    endloop
  endfacet
  facet normal 0.5555702330195879 -0.8314696123025549 0
    outer loop
      vertex 1.6412385709912793 20.543353340291237 13.810581678137728
      vertex 1.75 20.616025403784437 17
      vertex 1.6412385709912793 20.543353340291237 17
    endloop
  endfacet
  facet normal 0.9978589232386036 -0.06540312923014178 0
    outer loop
      vertex 1.25 19.75 14
      vertex 1.2585551386261895 19.880526192220053 17
      vertex 1.25 19.75 17
    endloop
  endfacet
  facet normal 0.9807852804032297 -0.19509032201613277 0
    outer loop
      vertex 1.2585551386261895 19.880526192220053 13.999439266589576
      vertex 1.2840741737109318 20.00881904510252 17
      vertex 1.2585551386261895 19.880526192220053 17
    endloop
  endfacet
  facet normal 0.9469301294951079 -0.3214394653031552 0
    outer loop
      vertex 1.2840741737109318 20.00881904510252 13.997766660662418
      vertex 1.3261204674887133 20.13268343236509 17
      vertex 1.2840741737109318 20.00881904510252 17
    endloop
  endfacet
  facet normal 0.8968727415326857 -0.44228869021900635 0
    outer loop
      vertex 1.3261204674887133 20.13268343236509 13.993562765242451
      vertex 1.3839745962155614 20.25 17
      vertex 1.3261204674887133 20.13268343236509 17
    endloop
  endfacet
  facet normal 0.8314696123025428 -0.5555702330196058 0
    outer loop
      vertex 1.3839745962155614 20.25 13.981413279447162
      vertex 1.4566466597087648 20.35876142900872 17
      vertex 1.3839745962155614 20.25 17
    endloop
  endfacet
  facet normal 0.7518398074789762 -0.6593458151000703 0
    outer loop
      vertex 1.4566466597087648 20.35876142900872 13.95439220336002
      vertex 1.5428932188134525 20.457106781186546 17
      vertex 1.4566466597087648 20.35876142900872 17
    endloop
  endfacet
  facet normal 0.659345815100082 -0.7518398074789661 0
    outer loop
      vertex 1.5428932188134525 20.457106781186546 13.904352369369473
      vertex 1.6412385709912793 20.543353340291237 17
      vertex 1.5428932188134525 20.457106781186546 17
    endloop
  endfacet
  facet normal 0.4422886902190044 -0.8968727415326867 0
    outer loop
      vertex 1.75 20.616025403784437 13.5
      vertex 1.8673165676349102 20.673879532511286 17
      vertex 1.75 20.616025403784437 17
    endloop
  endfacet
  facet normal 0 -1 0
    outer loop
      vertex 10 20.75 8.5
      vertex 85.75 20.75 8.5
      vertex 10 20.75 8.51
    endloop
  endfacet
  facet normal 0 -1 0
    outer loop
      vertex 10 20.75 8.51
      vertex 77.25 20.75 8.8
      vertex 20.25 20.75 13
    endloop
  endfacet
  facet normal 0 0 1
    outer loop
      vertex 10 20.75 8.5
      vertex 25.6 20.25 8.5
      vertex 86.00881904510253 20.71592582628907 8.5
    endloop
  endfacet
  facet normal 0 -1 0
    outer loop
      vertex 20.25 20.75 13
      vertex 77.25 20.75 8.8
      vertex 27.75 20.75 13
    endloop
  endfacet
  facet normal 0 -1 0
    outer loop
      vertex 2.25 20.75 17
      vertex 20.25 20.75 14
      vertex 85.75 20.75 17
    endloop
  endfacet
  facet normal 0 0 1
    outer loop
      vertex 25.6 1.75 8.5
      vertex 83.75 3.25 8.5
      vertex 26.79506764856996 2.7602757321459155 8.5
    endloop
  endfacet
  facet normal 0 1 0
    outer loop
      vertex 27.75 1.25 13
      vertex 27.75 1.25 14
      vertex 77.25 1.25 9.7
    endloop
  endfacet
  facet normal 0 1 0
    outer loop
      vertex 2.25 1.25 17
      vertex 83.75 1.25 9.7
      vertex 77.25 1.25 9.7
    endloop
  endfacet
  facet normal 0 0 1
    outer loop
      vertex 83.75 3.25 8.5
      vertex 26.8 3.25 8.5
      vertex 26.79506764856996 2.7602757321459155 8.5
    endloop
  endfacet
  facet normal 0 1 0
    outer loop
      vertex 10 1.25 8.51
      vertex 77.25 1.25 8.8
      vertex 83.75 1.25 8.8
    endloop
  endfacet
  facet normal 0 1 0
    outer loop
      vertex 10 1.25 8.51
      vertex 83.75 1.25 8.8
      vertex 85.75 1.25 8.5
    endloop
  endfacet
  facet normal 0 1 0
    outer loop
      vertex 27.75 1.25 13
      vertex 77.25 1.25 9.7
      vertex 77.25 1.25 8.8
    endloop
  endfacet
  facet normal 0 0 1
    outer loop
      vertex 25.6 1.75 8.5
      vertex 86.75 2.25 8.5
      vertex 83.75 3.25 8.5
    endloop
  endfacet
  facet normal 0 1 0
    outer loop
      vertex 2.25 1.25 17
      vertex 85.75 1.25 17
      vertex 83.75 1.25 9.7
    endloop
  endfacet
  facet normal 0 0 1
    outer loop
      vertex 25.6 1.75 8.5
      vertex 85.75 1.25 8.5
      vertex 86.75 2.25 8.5
    endloop
  endfacet
  facet normal 0 1 0
    outer loop
      vertex 83.75 1.25 8.8
      vertex 83.75 1.25 9.7
      vertex 85.75 1.25 8.5
    endloop
  endfacet
  facet normal 0 0 1
    outer loop
      vertex 85.75 1.25 8.5
      vertex 85.88052619222005 1.2585551386261895 8.5
      vertex 86.00881904510253 1.2840741737109318 8.5
    endloop
  endfacet
  facet normal 0 0 1
    outer loop
      vertex 85.75 1.25 8.5
      vertex 86.00881904510253 1.2840741737109318 8.5
      vertex 86.13268343236508 1.3261204674887133 8.5
    endloop
  endfacet
  facet normal 0 0 1
    outer loop
      vertex 85.75 1.25 8.5
      vertex 86.13268343236508 1.3261204674887133 8.5
      vertex 86.45710678118655 1.5428932188134525 8.5
    endloop
  endfacet
  facet normal 0 0 1
    outer loop
      vertex 86.13268343236508 1.3261204674887133 8.5
      vertex 86.25 1.3839745962155614 8.5
      vertex 86.45710678118655 1.5428932188134525 8.5
    endloop
  endfacet
  facet normal 0 0 1
    outer loop
      vertex 86.25 1.3839745962155614 8.5
      vertex 86.35876142900872 1.4566466597087648 8.5
      vertex 86.45710678118655 1.5428932188134525 8.5
    endloop
  endfacet
  facet normal 0 0 1
    outer loop
      vertex 85.75 1.25 8.5
      vertex 86.45710678118655 1.5428932188134525 8.5
      vertex 86.75 2.25 8.5
    endloop
  endfacet
  facet normal 0 0 1
    outer loop
      vertex 86.45710678118655 1.5428932188134525 8.5
      vertex 86.54335334029123 1.6412385709912793 8.5
      vertex 86.6738795325113 1.8673165676349102 8.5
    endloop
  endfacet
  facet normal 0 0 1
    outer loop
      vertex 86.54335334029123 1.6412385709912793 8.5
      vertex 86.61602540378443 1.75 8.5
      vertex 86.6738795325113 1.8673165676349102 8.5
    endloop
  endfacet
  facet normal 0 0 1
    outer loop
      vertex 86.45710678118655 1.5428932188134525 8.5
      vertex 86.6738795325113 1.8673165676349102 8.5
      vertex 86.75 2.25 8.5
    endloop
  endfacet
  facet normal 0 0 1
    outer loop
      vertex 86.6738795325113 1.8673165676349102 8.5
      vertex 86.71592582628907 1.9911809548974793 8.5
      vertex 86.75 2.25 8.5
    endloop
  endfacet
  facet normal 0 0 1
    outer loop
      vertex 86.71592582628907 1.9911809548974793 8.5
      vertex 86.74144486137381 2.1194738077799484 8.5
      vertex 86.75 2.25 8.5
    endloop
  endfacet
  facet normal -0.06540312923014532 0.9978589232386033 0
    outer loop
      vertex 85.75 1.25 8.5
      vertex 85.75 1.25 17
      vertex 85.88052619222005 1.2585551386261895 8.5
    endloop
  endfacet
  facet normal -0.19509032201611198 0.9807852804032338 0
    outer loop
      vertex 85.88052619222005 1.2585551386261895 8.5
      vertex 85.88052619222005 1.2585551386261895 17
      vertex 86.00881904510253 1.2840741737109318 8.5
    endloop
  endfacet
  facet normal -0.3214394653031883 0.9469301294950966 0
    outer loop
      vertex 86.00881904510253 1.2840741737109318 8.5
      vertex 86.00881904510253 1.2840741737109318 17
      vertex 86.13268343236508 1.3261204674887133 8.5
    endloop
  endfacet
  facet normal -0.44228869021898487 0.8968727415326964 0
    outer loop
      vertex 86.13268343236508 1.3261204674887133 8.5
      vertex 86.13268343236508 1.3261204674887133 17
      vertex 86.25 1.3839745962155614 8.5
    endloop
  endfacet
  facet normal 0 1 0
    outer loop
      vertex 85.75 1.25 8.5
      vertex 83.75 1.25 9.7
      vertex 85.75 1.25 17
    endloop
  endfacet
  facet normal -0.5555702330195933 0.8314696123025512 0
    outer loop
      vertex 86.25 1.3839745962155614 8.5
      vertex 86.25 1.3839745962155614 17
      vertex 86.35876142900872 1.4566466597087648 8.5
    endloop
  endfacet
  facet normal -0.6593458151000569 0.751839807478988 0
    outer loop
      vertex 86.35876142900872 1.4566466597087648 8.5
      vertex 86.35876142900872 1.4566466597087648 17
      vertex 86.45710678118655 1.5428932188134525 8.5
    endloop
  endfacet
  facet normal -0.7518398074790064 0.6593458151000359 0
    outer loop
      vertex 86.45710678118655 1.5428932188134525 8.5
      vertex 86.45710678118655 1.5428932188134525 17
      vertex 86.54335334029123 1.6412385709912793 8.5
    endloop
  endfacet
  facet normal -0.8314696123025549 0.5555702330195879 0
    outer loop
      vertex 86.54335334029123 1.6412385709912793 8.5
      vertex 86.54335334029123 1.6412385709912793 17
      vertex 86.61602540378443 1.75 8.5
    endloop
  endfacet
  facet normal -0.8968727415326545 0.44228869021906997 0
    outer loop
      vertex 86.61602540378443 1.75 8.5
      vertex 86.61602540378443 1.75 17
      vertex 86.6738795325113 1.8673165676349102 8.5
    endloop
  endfacet
  facet normal -0.9469301294951259 0.3214394653031015 0
    outer loop
      vertex 86.6738795325113 1.8673165676349102 8.5
      vertex 86.6738795325113 1.8673165676349102 17
      vertex 86.71592582628907 1.9911809548974793 8.5
    endloop
  endfacet
  facet normal -0.9807852804032314 0.19509032201612295 0
    outer loop
      vertex 86.71592582628907 1.9911809548974793 8.5
      vertex 86.71592582628907 1.9911809548974793 17
      vertex 86.74144486137381 2.1194738077799484 8.5
    endloop
  endfacet
  facet normal -0.997858923238602 0.06540312923016611 0
    outer loop
      vertex 86.74144486137381 2.1194738077799484 8.5
      vertex 86.74144486137381 2.1194738077799484 17
      vertex 86.75 2.25 8.5
    endloop
  endfacet
  facet normal 0 0 1
    outer loop
      vertex 86.75 2.25 8.5
      vertex 83.88052619222005 3.2585551386261895 8.5
      vertex 83.75 3.25 8.5
    endloop
  endfacet
  facet normal 0 0 1
    outer loop
      vertex 86.75 2.25 8.5
      vertex 84.00881904510253 3.284074173710932 8.5
      vertex 83.88052619222005 3.2585551386261895 8.5
    endloop
  endfacet
  facet normal 0 0 1
    outer loop
      vertex 86.75 2.25 8.5
      vertex 84.13268343236508 3.326120467488713 8.5
      vertex 84.00881904510253 3.284074173710932 8.5
    endloop
  endfacet
  facet normal 0 0 1
    outer loop
      vertex 86.75 2.25 8.5
      vertex 84.25 3.3839745962155616 8.5
      vertex 84.13268343236508 3.326120467488713 8.5
    endloop
  endfacet
  facet normal 0 0 1
    outer loop
      vertex 86.75 2.25 8.5
      vertex 84.35876142900872 3.456646659708765 8.5
      vertex 84.25 3.3839745962155616 8.5
    endloop
  endfacet
  facet normal 0 0 1
    outer loop
      vertex 86.75 2.25 8.5
      vertex 84.45710678118655 3.5428932188134525 8.5
      vertex 84.35876142900872 3.456646659708765 8.5
    endloop
  endfacet
  facet normal 0 0 1
    outer loop
      vertex 86.75 2.25 8.5
      vertex 84.54335334029123 3.6412385709912796 8.5
      vertex 84.45710678118655 3.5428932188134525 8.5
    endloop
  endfacet
  facet normal 0 0 1
    outer loop
      vertex 86.75 2.25 8.5
      vertex 84.61602540378443 3.75 8.5
      vertex 84.54335334029123 3.6412385709912796 8.5
    endloop
  endfacet
  facet normal 0 0 1
    outer loop
      vertex 86.75 2.25 8.5
      vertex 84.6738795325113 3.8673165676349104 8.5
      vertex 84.61602540378443 3.75 8.5
    endloop
  endfacet
  facet normal 0 0 1
    outer loop
      vertex 86.75 2.25 8.5
      vertex 84.71592582628907 3.9911809548974793 8.5
      vertex 84.6738795325113 3.8673165676349104 8.5
    endloop
  endfacet
  facet normal 0 0 1
    outer loop
      vertex 86.75 2.25 8.5
      vertex 84.74144486137381 4.119473807779949 8.5
      vertex 84.71592582628907 3.9911809548974793 8.5
    endloop
  endfacet
  facet normal -0.06540312923014532 0.9978589232386033 0
    outer loop
      vertex 85.88052619222005 1.2585551386261895 8.5
      vertex 85.75 1.25 17
      vertex 85.88052619222005 1.2585551386261895 17
    endloop
  endfacet
  facet normal -0.19509032201611198 0.9807852804032338 0
    outer loop
      vertex 86.00881904510253 1.2840741737109318 8.5
      vertex 85.88052619222005 1.2585551386261895 17
      vertex 86.00881904510253 1.2840741737109318 17
    endloop
  endfacet
  facet normal -0.3214394653031883 0.9469301294950966 0
    outer loop
      vertex 86.13268343236508 1.3261204674887133 8.5
      vertex 86.00881904510253 1.2840741737109318 17
      vertex 86.13268343236508 1.3261204674887133 17
    endloop
  endfacet
  facet normal -0.44228869021898487 0.8968727415326964 0
    outer loop
      vertex 86.25 1.3839745962155614 8.5
      vertex 86.13268343236508 1.3261204674887133 17
      vertex 86.25 1.3839745962155614 17
    endloop
  endfacet
  facet normal -0.5555702330195933 0.8314696123025512 0
    outer loop
      vertex 86.35876142900872 1.4566466597087648 8.5
      vertex 86.25 1.3839745962155614 17
      vertex 86.35876142900872 1.4566466597087648 17
    endloop
  endfacet
  facet normal -0.6593458151000569 0.751839807478988 0
    outer loop
      vertex 86.45710678118655 1.5428932188134525 8.5
      vertex 86.35876142900872 1.4566466597087648 17
      vertex 86.45710678118655 1.5428932188134525 17
    endloop
  endfacet
  facet normal -0.7518398074790064 0.6593458151000359 0
    outer loop
      vertex 86.54335334029123 1.6412385709912793 8.5
      vertex 86.45710678118655 1.5428932188134525 17
      vertex 86.54335334029123 1.6412385709912793 17
    endloop
  endfacet
  facet normal -0.8314696123025549 0.5555702330195879 0
    outer loop
      vertex 86.61602540378443 1.75 8.5
      vertex 86.54335334029123 1.6412385709912793 17
      vertex 86.61602540378443 1.75 17
    endloop
  endfacet
  facet normal -0.8968727415326545 0.44228869021906997 0
    outer loop
      vertex 86.6738795325113 1.8673165676349102 8.5
      vertex 86.61602540378443 1.75 17
      vertex 86.6738795325113 1.8673165676349102 17
    endloop
  endfacet
  facet normal -0.9469301294951259 0.3214394653031015 0
    outer loop
      vertex 86.71592582628907 1.9911809548974793 8.5
      vertex 86.6738795325113 1.8673165676349102 17
      vertex 86.71592582628907 1.9911809548974793 17
    endloop
  endfacet
  facet normal -0.9807852804032314 0.19509032201612295 0
    outer loop
      vertex 86.74144486137381 2.1194738077799484 8.5
      vertex 86.71592582628907 1.9911809548974793 17
      vertex 86.74144486137381 2.1194738077799484 17
    endloop
  endfacet
  facet normal -0.997858923238602 0.06540312923016611 0
    outer loop
      vertex 86.75 2.25 8.5
      vertex 86.74144486137381 2.1194738077799484 17
      vertex 86.75 2.25 17
    endloop
  endfacet
  facet normal -1 0 0
    outer loop
      vertex 86.75 2.25 8.5
      vertex 86.75 2.25 17
      vertex 86.75 19.75 8.5
    endloop
  endfacet
  facet normal 0 0 1
    outer loop
      vertex 86.75 2.25 8.5
      vertex 86.00881904510253 20.71592582628907 8.5
      vertex 84.74144486137381 4.119473807779949 8.5
    endloop
  endfacet
  facet normal 0 0 1
    outer loop
      vertex 84.74144486137381 4.119473807779949 8.5
      vertex 86.00881904510253 20.71592582628907 8.5
      vertex 84.75 4.25 8.5
    endloop
  endfacet
  facet normal 0 0 1
    outer loop
      vertex 86.00881904510253 20.71592582628907 8.5
      vertex 25.6 19.25 8.5
      vertex 25.84 18.75 8.5
    endloop
  endfacet
  facet normal 0 0 1
    outer loop
      vertex 86.00881904510253 20.71592582628907 8.5
      vertex 25.84 18.75 8.5
      vertex 26.8 18.75 8.5
    endloop
  endfacet
  facet normal 0 0 1
    outer loop
      vertex 25.6 20.25 8.5
      vertex 25.6 19.25 8.5
      vertex 86.00881904510253 20.71592582628907 8.5
    endloop
  endfacet
  facet normal 0 -1 0
    outer loop
      vertex 27.75 20.75 13
      vertex 77.25 20.75 9.7
      vertex 27.75 20.75 14
    endloop
  endfacet
  facet normal 0 -1 0
    outer loop
      vertex 10 20.75 8.51
      vertex 83.75 20.75 8.8
      vertex 77.25 20.75 8.8
    endloop
  endfacet
  facet normal 0 -1 0
    outer loop
      vertex 10 20.75 8.51
      vertex 85.75 20.75 8.5
      vertex 83.75 20.75 8.8
    endloop
  endfacet
  facet normal 0 0 1
    outer loop
      vertex 83.75 18.75 8.5
      vertex 86.00881904510253 20.71592582628907 8.5
      vertex 26.8 18.75 8.5
    endloop
  endfacet
  facet normal 0 0 1
    outer loop
      vertex 10 20.75 8.5
      vertex 86.00881904510253 20.71592582628907 8.5
      vertex 85.75 20.75 8.5
    endloop
  endfacet
  facet normal 0 -1 0
    outer loop
      vertex 27.75 20.75 13
      vertex 77.25 20.75 8.8
      vertex 77.25 20.75 9.7
    endloop
  endfacet
  facet normal 0 -1 0
    outer loop
      vertex 27.75 20.75 14
      vertex 77.25 20.75 9.7
      vertex 83.75 20.75 9.7
    endloop
  endfacet
  facet normal 0 -1 0
    outer loop
      vertex 20.25 20.75 14
      vertex 27.75 20.75 14
      vertex 85.75 20.75 17
    endloop
  endfacet
  facet normal 0 -1 0
    outer loop
      vertex 27.75 20.75 14
      vertex 83.75 20.75 9.7
      vertex 85.75 20.75 17
    endloop
  endfacet
  facet normal 0 0 1
    outer loop
      vertex 84.75 4.25 8.5
      vertex 86.00881904510253 20.71592582628907 8.5
      vertex 84.75 17.75 8.5
    endloop
  endfacet
  facet normal 0 0 1
    outer loop
      vertex 86.75 2.25 8.5
      vertex 86.75 19.75 8.5
      vertex 86.00881904510253 20.71592582628907 8.5
    endloop
  endfacet
  facet normal -1 0 0
    outer loop
      vertex 86.75 2.25 17
      vertex 86.75 19.75 17
      vertex 86.75 19.75 8.5
    endloop
  endfacet
  facet normal 0 0 1
    outer loop
      vertex 84.75 17.75 8.5
      vertex 86.00881904510253 20.71592582628907 8.5
      vertex 84.74144486137381 17.880526192220053 8.5
    endloop
  endfacet
  facet normal 0 0 1
    outer loop
      vertex 84.74144486137381 17.880526192220053 8.5
      vertex 86.00881904510253 20.71592582628907 8.5
      vertex 84.71592582628907 18.00881904510252 8.5
    endloop
  endfacet
  facet normal 0 0 1
    outer loop
      vertex 84.71592582628907 18.00881904510252 8.5
      vertex 86.00881904510253 20.71592582628907 8.5
      vertex 84.6738795325113 18.13268343236509 8.5
    endloop
  endfacet
  facet normal 0 0 1
    outer loop
      vertex 84.6738795325113 18.13268343236509 8.5
      vertex 86.00881904510253 20.71592582628907 8.5
      vertex 84.61602540378443 18.25 8.5
    endloop
  endfacet
  facet normal 0 0 1
    outer loop
      vertex 84.54335334029123 18.358761429008723 8.5
      vertex 84.61602540378443 18.25 8.5
      vertex 86.00881904510253 20.71592582628907 8.5
    endloop
  endfacet
  facet normal 0 0 1
    outer loop
      vertex 84.54335334029123 18.358761429008723 8.5
      vertex 86.00881904510253 20.71592582628907 8.5
      vertex 84.45710678118655 18.457106781186546 8.5
    endloop
  endfacet
  facet normal 0 0 1
    outer loop
      vertex 84.45710678118655 18.457106781186546 8.5
      vertex 86.00881904510253 20.71592582628907 8.5
      vertex 84.35876142900872 18.543353340291233 8.5
    endloop
  endfacet
  facet normal 0 0 1
    outer loop
      vertex 83.75 18.75 8.5
      vertex 83.88052619222005 18.74144486137381 8.5
      vertex 86.00881904510253 20.71592582628907 8.5
    endloop
  endfacet
  facet normal 0 0 1
    outer loop
      vertex 84.35876142900872 18.543353340291233 8.5
      vertex 86.00881904510253 20.71592582628907 8.5
      vertex 84.25 18.61602540378444 8.5
    endloop
  endfacet
  facet normal 0 0 1
    outer loop
      vertex 84.13268343236508 18.673879532511286 8.5
      vertex 84.25 18.61602540378444 8.5
      vertex 86.00881904510253 20.71592582628907 8.5
    endloop
  endfacet
  facet normal 0 0 1
    outer loop
      vertex 84.00881904510253 18.715925826289066 8.5
      vertex 84.13268343236508 18.673879532511286 8.5
      vertex 86.00881904510253 20.71592582628907 8.5
    endloop
  endfacet
  facet normal 0 0 1
    outer loop
      vertex 84.00881904510253 18.715925826289066 8.5
      vertex 86.00881904510253 20.71592582628907 8.5
      vertex 83.88052619222005 18.74144486137381 8.5
    endloop
  endfacet
  facet normal 0 0 1
    outer loop
      vertex 86.75 19.75 8.5
      vertex 86.74144486137381 19.880526192220053 8.5
      vertex 86.71592582628907 20.00881904510252 8.5
    endloop
  endfacet
  facet normal 0 0 1
    outer loop
      vertex 86.75 19.75 8.5
      vertex 86.54335334029123 20.35876142900872 8.5
      vertex 86.00881904510253 20.71592582628907 8.5
    endloop
  endfacet
  facet normal 0 0 1
    outer loop
      vertex 86.61602540378443 20.25 8.5
      vertex 86.54335334029123 20.35876142900872 8.5
      vertex 86.6738795325113 20.13268343236509 8.5
    endloop
  endfacet
  facet normal 0 0 1
    outer loop
      vertex 86.54335334029123 20.35876142900872 8.5
      vertex 86.45710678118655 20.457106781186546 8.5
      vertex 86.35876142900872 20.543353340291237 8.5
    endloop
  endfacet
  facet normal 0 0 1
    outer loop
      vertex 86.54335334029123 20.35876142900872 8.5
      vertex 86.35876142900872 20.543353340291237 8.5
      vertex 86.00881904510253 20.71592582628907 8.5
    endloop
  endfacet
  facet normal 0 0 1
    outer loop
      vertex 86.75 19.75 8.5
      vertex 86.71592582628907 20.00881904510252 8.5
      vertex 86.54335334029123 20.35876142900872 8.5
    endloop
  endfacet
  facet normal 0 0 1
    outer loop
      vertex 86.54335334029123 20.35876142900872 8.5
      vertex 86.71592582628907 20.00881904510252 8.5
      vertex 86.6738795325113 20.13268343236509 8.5
    endloop
  endfacet
  facet normal 0 0 1
    outer loop
      vertex 85.75 20.75 8.5
      vertex 86.00881904510253 20.71592582628907 8.5
      vertex 85.88052619222005 20.74144486137381 8.5
    endloop
  endfacet
  facet normal 0 0 1
    outer loop
      vertex 86.25 20.616025403784437 8.5
      vertex 86.00881904510253 20.71592582628907 8.5
      vertex 86.35876142900872 20.543353340291237 8.5
    endloop
  endfacet
  facet normal 0 0 1
    outer loop
      vertex 86.25 20.616025403784437 8.5
      vertex 86.13268343236508 20.673879532511286 8.5
      vertex 86.00881904510253 20.71592582628907 8.5
    endloop
  endfacet
  facet normal -0.9978589232386023 -0.06540312923016546 0
    outer loop
      vertex 86.75 19.75 8.5
      vertex 86.75 19.75 17
      vertex 86.74144486137381 19.880526192220053 8.5
    endloop
  endfacet
  facet normal -0.9807852804032309 -0.19509032201612622 0
    outer loop
      vertex 86.74144486137381 19.880526192220053 8.5
      vertex 86.74144486137381 19.880526192220053 17
      vertex 86.71592582628907 20.00881904510252 8.5
    endloop
  endfacet
  facet normal -0.8314696123025523 -0.5555702330195917 0
    outer loop
      vertex 86.61602540378443 20.25 8.5
      vertex 86.61602540378443 20.25 17
      vertex 86.54335334029123 20.35876142900872 8.5
    endloop
  endfacet
  facet normal -0.7518398074790056 -0.6593458151000366 0
    outer loop
      vertex 86.54335334029123 20.35876142900872 8.5
      vertex 86.54335334029123 20.35876142900872 17
      vertex 86.45710678118655 20.457106781186546 8.5
    endloop
  endfacet
  facet normal -0.6593458151000693 -0.751839807478977 0
    outer loop
      vertex 86.45710678118655 20.457106781186546 8.5
      vertex 86.45710678118655 20.457106781186546 17
      vertex 86.35876142900872 20.543353340291237 8.5
    endloop
  endfacet
  facet normal -0.5555702330195792 -0.8314696123025606 2.708096196477227e-19
    outer loop
      vertex 86.25 20.616025403784437 8.5
      vertex 86.35876142900872 20.543353340291237 8.5
      vertex 86.35876142900872 20.543353340291237 17
    endloop
  endfacet
  facet normal -0.9469301294951279 -0.3214394653030958 0
    outer loop
      vertex 86.71592582628907 20.00881904510252 8.5
      vertex 86.71592582628907 20.00881904510252 17
      vertex 86.6738795325113 20.13268343236509 8.5
    endloop
  endfacet
  facet normal -0.8968727415326521 -0.4422886902190747 -2.843570683699404e-19
    outer loop
      vertex 86.61602540378443 20.25 8.5
      vertex 86.6738795325113 20.13268343236509 8.5
      vertex 86.6738795325113 20.13268343236509 17
    endloop
  endfacet
  facet normal 0 -1 0
    outer loop
      vertex 83.75 20.75 8.8
      vertex 85.75 20.75 8.5
      vertex 85.75 20.75 17
    endloop
  endfacet
  facet normal -0.06540312923014195 -0.9978589232386035 4.5370297108332334e-20
    outer loop
      vertex 85.75 20.75 8.5
      vertex 85.88052619222005 20.74144486137381 8.5
      vertex 85.88052619222005 20.74144486137381 17
    endloop
  endfacet
  facet normal -0.32143946530320194 -0.9469301294950918 0
    outer loop
      vertex 86.13268343236508 20.673879532511286 8.5
      vertex 86.13268343236508 20.673879532511286 17
      vertex 86.00881904510253 20.71592582628907 8.5
    endloop
  endfacet
  facet normal -0.44228869021898765 -0.8968727415326951 0
    outer loop
      vertex 86.25 20.616025403784437 8.5
      vertex 86.25 20.616025403784437 17
      vertex 86.13268343236508 20.673879532511286 8.5
    endloop
  endfacet
  facet normal -0.19509032201610543 -0.980785280403235 1.7160760894557594e-19
    outer loop
      vertex 85.88052619222005 20.74144486137381 8.5
      vertex 86.00881904510253 20.71592582628907 8.5
      vertex 86.00881904510253 20.71592582628907 17
    endloop
  endfacet
  facet normal 0 -1 0
    outer loop
      vertex 83.75 20.75 8.8
      vertex 85.75 20.75 17
      vertex 83.75 20.75 9.7
    endloop
  endfacet
  facet normal -0.9978589232386023 -0.06540312923016546 0
    outer loop
      vertex 86.74144486137381 19.880526192220053 8.5
      vertex 86.75 19.75 17
      vertex 86.74144486137381 19.880526192220053 17
    endloop
  endfacet
  facet normal -0.8314696123025523 -0.5555702330195917 0
    outer loop
      vertex 86.54335334029123 20.35876142900872 8.5
      vertex 86.61602540378443 20.25 17
      vertex 86.54335334029123 20.35876142900872 17
    endloop
  endfacet
  facet normal -0.7518398074790056 -0.6593458151000366 0
    outer loop
      vertex 86.45710678118655 20.457106781186546 8.5
      vertex 86.54335334029123 20.35876142900872 17
      vertex 86.45710678118655 20.457106781186546 17
    endloop
  endfacet
  facet normal -0.6593458151000693 -0.751839807478977 0
    outer loop
      vertex 86.35876142900872 20.543353340291237 8.5
      vertex 86.45710678118655 20.457106781186546 17
      vertex 86.35876142900872 20.543353340291237 17
    endloop
  endfacet
  facet normal -0.5555702330195792 -0.8314696123025606 0
    outer loop
      vertex 86.25 20.616025403784437 8.5
      vertex 86.35876142900872 20.543353340291237 17
      vertex 86.25 20.616025403784437 17
    endloop
  endfacet
  facet normal -0.9807852804032309 -0.19509032201612622 0
    outer loop
      vertex 86.71592582628907 20.00881904510252 8.5
      vertex 86.74144486137381 19.880526192220053 17
      vertex 86.71592582628907 20.00881904510252 17
    endloop
  endfacet
  facet normal -0.9469301294951279 -0.3214394653030958 0
    outer loop
      vertex 86.6738795325113 20.13268343236509 8.5
      vertex 86.71592582628907 20.00881904510252 17
      vertex 86.6738795325113 20.13268343236509 17
    endloop
  endfacet
  facet normal -0.8968727415326521 -0.4422886902190747 0
    outer loop
      vertex 86.61602540378443 20.25 8.5
      vertex 86.6738795325113 20.13268343236509 17
      vertex 86.61602540378443 20.25 17
    endloop
  endfacet
  facet normal -0.06540312923014195 -0.9978589232386035 0
    outer loop
      vertex 85.75 20.75 8.5
      vertex 85.88052619222005 20.74144486137381 17
      vertex 85.75 20.75 17
    endloop
  endfacet
  facet normal -0.19509032201610543 -0.980785280403235 0
    outer loop
      vertex 85.88052619222005 20.74144486137381 8.5
      vertex 86.00881904510253 20.71592582628907 17
      vertex 85.88052619222005 20.74144486137381 17
    endloop
  endfacet
  facet normal -0.32143946530320194 -0.9469301294950918 0
    outer loop
      vertex 86.00881904510253 20.71592582628907 8.5
      vertex 86.13268343236508 20.673879532511286 17
      vertex 86.00881904510253 20.71592582628907 17
    endloop
  endfacet
  facet normal -0.44228869021898765 -0.8968727415326951 0
    outer loop
      vertex 86.13268343236508 20.673879532511286 8.5
      vertex 86.25 20.616025403784437 17
      vertex 86.13268343236508 20.673879532511286 17
    endloop
  endfacet
  facet normal 1 0 0
    outer loop
      vertex 20.25 0.7670370868554659 13.37059047744874
      vertex 20.25 0.7670370868554659 13.62940952255126
      vertex 20.25 0.7542775693130948 13.434736903889974
    endloop
  endfacet
  facet normal 1 0 0
    outer loop
      vertex 20.25 0.7542775693130948 13.434736903889974
      vertex 20.25 0.7542775693130948 13.565263096110026
      vertex 20.25 0.75 13.5
    endloop
  endfacet
  facet normal 1 0 0
    outer loop
      vertex 20.25 0.7542775693130948 13.434736903889974
      vertex 20.25 0.7670370868554659 13.62940952255126
      vertex 20.25 0.7542775693130948 13.565263096110026
    endloop
  endfacet
  facet normal 1 0 0
    outer loop
      vertex 20.25 0.8169872981077807 13.25
      vertex 20.25 0.8169872981077807 13.75
      vertex 20.25 0.7880602337443566 13.308658283817454
    endloop
  endfacet
  facet normal 1 0 0
    outer loop
      vertex 20.25 0.7670370868554659 13.37059047744874
      vertex 20.25 0.7880602337443566 13.308658283817454
      vertex 20.25 0.7880602337443566 13.691341716182546
    endloop
  endfacet
  facet normal 1 0 0
    outer loop
      vertex 20.25 0.8533233298543824 13.19561928549564
      vertex 20.25 0.8533233298543824 13.80438071450436
      vertex 20.25 0.8169872981077807 13.25
    endloop
  endfacet
  facet normal 1 0 0
    outer loop
      vertex 20.25 0.8533233298543824 13.19561928549564
      vertex 20.25 0.8964466094067263 13.146446609406727
      vertex 20.25 0.8964466094067263 13.853553390593273
    endloop
  endfacet
  facet normal 1 0 0
    outer loop
      vertex 20.25 0.8964466094067263 13.146446609406727
      vertex 20.25 0.9456192854956397 13.103323329854382
      vertex 20.25 0.9456192854956397 13.896676670145618
    endloop
  endfacet
  facet normal 1 0 0
    outer loop
      vertex 20.25 1 13.066987298107781
      vertex 20.25 1 13.933012701892219
      vertex 20.25 0.9456192854956397 13.103323329854382
    endloop
  endfacet
  facet normal 1 0 0
    outer loop
      vertex 20.25 0.7670370868554659 13.37059047744874
      vertex 20.25 0.7880602337443566 13.691341716182546
      vertex 20.25 0.7670370868554659 13.62940952255126
    endloop
  endfacet
  facet normal 1 0 0
    outer loop
      vertex 20.25 0.7880602337443566 13.308658283817454
      vertex 20.25 0.8169872981077807 13.75
      vertex 20.25 0.7880602337443566 13.691341716182546
    endloop
  endfacet
  facet normal 1 0 0
    outer loop
      vertex 20.25 0.8169872981077807 13.25
      vertex 20.25 0.8533233298543824 13.80438071450436
      vertex 20.25 0.8169872981077807 13.75
    endloop
  endfacet
  facet normal 1 0 0
    outer loop
      vertex 20.25 0.8533233298543824 13.19561928549564
      vertex 20.25 0.8964466094067263 13.853553390593273
      vertex 20.25 0.8533233298543824 13.80438071450436
    endloop
  endfacet
  facet normal 1 0 0
    outer loop
      vertex 20.25 0.8964466094067263 13.146446609406727
      vertex 20.25 0.9456192854956397 13.896676670145618
      vertex 20.25 0.8964466094067263 13.853553390593273
    endloop
  endfacet
  facet normal 1 0 0
    outer loop
      vertex 20.25 0.9456192854956397 13.103323329854382
      vertex 20.25 1 13.933012701892219
      vertex 20.25 0.9456192854956397 13.896676670145618
    endloop
  endfacet
  facet normal 1 0 0
    outer loop
      vertex 20.25 1 13.066987298107781
      vertex 20.25 1.0586582838174552 13.961939766255643
      vertex 20.25 1 13.933012701892219
    endloop
  endfacet
  facet normal 1 0 0
    outer loop
      vertex 20.25 1.0586582838174552 13.038060233744357
      vertex 20.25 1.1205904774487396 13.017037086855465
      vertex 20.25 1.1205904774487396 13.982962913144535
    endloop
  endfacet
  facet normal 1 0 0
    outer loop
      vertex 20.25 1 13.066987298107781
      vertex 20.25 1.0586582838174552 13.038060233744357
      vertex 20.25 1.0586582838174552 13.961939766255643
    endloop
  endfacet
  facet normal 1 0 0
    outer loop
      vertex 20.25 1.1847369038899742 13.004277569313095
      vertex 20.25 1.1847369038899742 13.995722430686905
      vertex 20.25 1.1205904774487396 13.017037086855465
    endloop
  endfacet
  facet normal 1 0 0
    outer loop
      vertex 20.25 1.1847369038899742 13.004277569313095
      vertex 20.25 1.25 13
      vertex 20.25 1.25 14
    endloop
  endfacet
  facet normal 1 0 0
    outer loop
      vertex 20.25 1.0586582838174552 13.038060233744357
      vertex 20.25 1.1205904774487396 13.982962913144535
      vertex 20.25 1.0586582838174552 13.961939766255643
    endloop
  endfacet
  facet normal 1 0 0
    outer loop
      vertex 20.25 1.1205904774487396 13.017037086855465
      vertex 20.25 1.1847369038899742 13.995722430686905
      vertex 20.25 1.1205904774487396 13.982962913144535
    endloop
  endfacet
  facet normal 1 0 0
    outer loop
      vertex 20.25 1.1847369038899742 13.004277569313095
      vertex 20.25 1.25 14
      vertex 20.25 1.1847369038899742 13.995722430686905
    endloop
  endfacet
  facet normal -4.561722404511143e-20 0.8314696123025428 0.5555702330196057
    outer loop
      vertex 20.25 0.8533233298543824 13.19561928549564
      vertex 20.25 0.8169872981077807 13.25
      vertex 27.75 0.8169872981077807 13.25
    endloop
  endfacet
  facet normal -3.04604576193508e-19 0.659345815100082 0.751839807478966
    outer loop
      vertex 20.25 0.8964466094067263 13.146446609406727
      vertex 27.75 0.9456192854956397 13.103323329854382
      vertex 20.25 0.9456192854956397 13.103323329854382
    endloop
  endfacet
  facet normal 0 0.5555702330195879 0.8314696123025549
    outer loop
      vertex 20.25 1 13.066987298107781
      vertex 20.25 0.9456192854956397 13.103323329854382
      vertex 27.75 1 13.066987298107781
    endloop
  endfacet
  facet normal 0 0.7518398074789762 0.6593458151000703
    outer loop
      vertex 20.25 0.8533233298543824 13.19561928549564
      vertex 27.75 0.8533233298543824 13.19561928549564
      vertex 20.25 0.8964466094067263 13.146446609406727
    endloop
  endfacet
  facet normal 0 0.19509032201612297 0.9807852804032314
    outer loop
      vertex 20.25 1.1847369038899742 13.004277569313095
      vertex 20.25 1.1205904774487396 13.017037086855465
      vertex 27.75 1.1847369038899742 13.004277569313095
    endloop
  endfacet
  facet normal 5.0906020243380174e-20 0.06540312923013906 0.9978589232386037
    outer loop
      vertex 20.25 1.1847369038899742 13.004277569313095
      vertex 27.75 1.25 13
      vertex 20.25 1.25 13
    endloop
  endfacet
  facet normal -1.166081648645717e-19 0.44228869021900374 0.8968727415326871
    outer loop
      vertex 20.25 1 13.066987298107781
      vertex 27.75 1.0586582838174552 13.038060233744357
      vertex 20.25 1.0586582838174552 13.038060233744357
    endloop
  endfacet
  facet normal -3.675171746744119e-20 0.32143946530317513 0.946930129495101
    outer loop
      vertex 20.25 1.0586582838174552 13.038060233744357
      vertex 27.75 1.1205904774487396 13.017037086855465
      vertex 20.25 1.1205904774487396 13.017037086855465
    endloop
  endfacet
  facet normal -2.123221784081945e-20 0.9807852804032294 0.19509032201613274
    outer loop
      vertex 20.25 0.7670370868554659 13.37059047744874
      vertex 20.25 0.7542775693130948 13.434736903889974
      vertex 27.75 0.7542775693130948 13.434736903889974
    endloop
  endfacet
  facet normal 1.2711601086480435e-19 0.8968727415326858 0.4422886902190064
    outer loop
      vertex 20.25 0.8169872981077807 13.25
      vertex 20.25 0.7880602337443566 13.308658283817454
      vertex 27.75 0.7880602337443566 13.308658283817454
    endloop
  endfacet
  facet normal 0 0.9469301294951078 0.3214394653031552
    outer loop
      vertex 20.25 0.7670370868554659 13.37059047744874
      vertex 27.75 0.7670370868554659 13.37059047744874
      vertex 20.25 0.7880602337443566 13.308658283817454
    endloop
  endfacet
  facet normal -4.639269894576644e-20 0.9978589232386036 0.06540312923014178
    outer loop
      vertex 20.25 0.7542775693130948 13.434736903889974
      vertex 20.25 0.75 13.5
      vertex 27.75 0.75 13.5
    endloop
  endfacet
  facet normal 4.639269894576644e-20 0.9978589232386036 -0.06540312923014178
    outer loop
      vertex 20.25 0.75 13.5
      vertex 20.25 0.7542775693130948 13.565263096110026
      vertex 27.75 0.7542775693130948 13.565263096110026
    endloop
  endfacet
  facet normal 2.123221784081945e-20 0.9807852804032294 -0.19509032201613274
    outer loop
      vertex 20.25 0.7542775693130948 13.565263096110026
      vertex 20.25 0.7670370868554659 13.62940952255126
      vertex 27.75 0.7670370868554659 13.62940952255126
    endloop
  endfacet
  facet normal -5.932268377308166e-20 0.9469301294951078 -0.3214394653031552
    outer loop
      vertex 20.25 0.7670370868554659 13.62940952255126
      vertex 20.25 0.7880602337443566 13.691341716182546
      vertex 27.75 0.7880602337443566 13.691341716182546
    endloop
  endfacet
  facet normal -1.2711601086480435e-19 0.8968727415326858 -0.4422886902190064
    outer loop
      vertex 20.25 0.7880602337443566 13.691341716182546
      vertex 20.25 0.8169872981077807 13.75
      vertex 27.75 0.8169872981077807 13.75
    endloop
  endfacet
  facet normal 4.561722404511143e-20 0.8314696123025428 -0.5555702330196057
    outer loop
      vertex 20.25 0.8169872981077807 13.75
      vertex 20.25 0.8533233298543824 13.80438071450436
      vertex 27.75 0.8533233298543824 13.80438071450436
    endloop
  endfacet
  facet normal 0 0.8314696123025428 0.5555702330196057
    outer loop
      vertex 20.25 0.8533233298543824 13.19561928549564
      vertex 27.75 0.8169872981077807 13.25
      vertex 27.75 0.8533233298543824 13.19561928549564
    endloop
  endfacet
  facet normal 0 0.8968727415326858 0.4422886902190064
    outer loop
      vertex 20.25 0.8169872981077807 13.25
      vertex 27.75 0.7880602337443566 13.308658283817454
      vertex 27.75 0.8169872981077807 13.25
    endloop
  endfacet
  facet normal 0 0.659345815100082 0.751839807478966
    outer loop
      vertex 20.25 0.8964466094067263 13.146446609406727
      vertex 27.75 0.8964466094067263 13.146446609406727
      vertex 27.75 0.9456192854956397 13.103323329854382
    endloop
  endfacet
  facet normal 0 0.44228869021900374 0.8968727415326871
    outer loop
      vertex 20.25 1 13.066987298107781
      vertex 27.75 1 13.066987298107781
      vertex 27.75 1.0586582838174552 13.038060233744357
    endloop
  endfacet
  facet normal 0 0.5555702330195879 0.8314696123025549
    outer loop
      vertex 20.25 0.9456192854956397 13.103323329854382
      vertex 27.75 0.9456192854956397 13.103323329854382
      vertex 27.75 1 13.066987298107781
    endloop
  endfacet
  facet normal 0 0.7518398074789762 0.6593458151000703
    outer loop
      vertex 20.25 0.8964466094067263 13.146446609406727
      vertex 27.75 0.8533233298543824 13.19561928549564
      vertex 27.75 0.8964466094067263 13.146446609406727
    endloop
  endfacet
  facet normal 0 0.19509032201612297 0.9807852804032314
    outer loop
      vertex 20.25 1.1205904774487396 13.017037086855465
      vertex 27.75 1.1205904774487396 13.017037086855465
      vertex 27.75 1.1847369038899742 13.004277569313095
    endloop
  endfacet
  facet normal 0 0.06540312923013906 0.9978589232386037
    outer loop
      vertex 20.25 1.1847369038899742 13.004277569313095
      vertex 27.75 1.1847369038899742 13.004277569313095
      vertex 27.75 1.25 13
    endloop
  endfacet
  facet normal 0 0.32143946530317513 0.946930129495101
    outer loop
      vertex 20.25 1.0586582838174552 13.038060233744357
      vertex 27.75 1.0586582838174552 13.038060233744357
      vertex 27.75 1.1205904774487396 13.017037086855465
    endloop
  endfacet
  facet normal 0 0.9807852804032294 0.19509032201613274
    outer loop
      vertex 20.25 0.7670370868554659 13.37059047744874
      vertex 27.75 0.7542775693130948 13.434736903889974
      vertex 27.75 0.7670370868554659 13.37059047744874
    endloop
  endfacet
  facet normal 0 0.9469301294951078 0.3214394653031552
    outer loop
      vertex 20.25 0.7880602337443566 13.308658283817454
      vertex 27.75 0.7670370868554659 13.37059047744874
      vertex 27.75 0.7880602337443566 13.308658283817454
    endloop
  endfacet
  facet normal 0 0.9978589232386036 0.06540312923014178
    outer loop
      vertex 20.25 0.7542775693130948 13.434736903889974
      vertex 27.75 0.75 13.5
      vertex 27.75 0.7542775693130948 13.434736903889974
    endloop
  endfacet
  facet normal 0 0.9978589232386036 -0.06540312923014178
    outer loop
      vertex 20.25 0.75 13.5
      vertex 27.75 0.7542775693130948 13.565263096110026
      vertex 27.75 0.75 13.5
    endloop
  endfacet
  facet normal 0 0.9807852804032294 -0.19509032201613274
    outer loop
      vertex 20.25 0.7542775693130948 13.565263096110026
      vertex 27.75 0.7670370868554659 13.62940952255126
      vertex 27.75 0.7542775693130948 13.565263096110026
    endloop
  endfacet
  facet normal 0 0.9469301294951078 -0.3214394653031552
    outer loop
      vertex 20.25 0.7670370868554659 13.62940952255126
      vertex 27.75 0.7880602337443566 13.691341716182546
      vertex 27.75 0.7670370868554659 13.62940952255126
    endloop
  endfacet
  facet normal 0 0.8968727415326858 -0.4422886902190064
    outer loop
      vertex 20.25 0.7880602337443566 13.691341716182546
      vertex 27.75 0.8169872981077807 13.75
      vertex 27.75 0.7880602337443566 13.691341716182546
    endloop
  endfacet
  facet normal 0 0.8314696123025428 -0.5555702330196057
    outer loop
      vertex 20.25 0.8169872981077807 13.75
      vertex 27.75 0.8533233298543824 13.80438071450436
      vertex 27.75 0.8169872981077807 13.75
    endloop
  endfacet
  facet normal -3.021001557225547e-19 0.7518398074789762 -0.6593458151000703
    outer loop
      vertex 20.25 0.8533233298543824 13.80438071450436
      vertex 20.25 0.8964466094067263 13.853553390593273
      vertex 27.75 0.8964466094067263 13.853553390593273
    endloop
  endfacet
  facet normal 0 0.659345815100082 -0.751839807478966
    outer loop
      vertex 20.25 0.8964466094067263 13.853553390593273
      vertex 20.25 0.9456192854956397 13.896676670145618
      vertex 27.75 0.8964466094067263 13.853553390593273
    endloop
  endfacet
  facet normal 0 0.5555702330195879 -0.8314696123025549
    outer loop
      vertex 20.25 0.9456192854956397 13.896676670145618
      vertex 20.25 1 13.933012701892219
      vertex 27.75 0.9456192854956397 13.896676670145618
    endloop
  endfacet
  facet normal 0 0.44228869021900374 -0.8968727415326871
    outer loop
      vertex 20.25 1 13.933012701892219
      vertex 20.25 1.0586582838174552 13.961939766255643
      vertex 27.75 1 13.933012701892219
    endloop
  endfacet
  facet normal 0 0.32143946530317513 -0.946930129495101
    outer loop
      vertex 20.25 1.0586582838174552 13.961939766255643
      vertex 20.25 1.1205904774487396 13.982962913144535
      vertex 27.75 1.0586582838174552 13.961939766255643
    endloop
  endfacet
  facet normal 0 0.19509032201612297 -0.9807852804032314
    outer loop
      vertex 20.25 1.1205904774487396 13.982962913144535
      vertex 20.25 1.1847369038899742 13.995722430686905
      vertex 27.75 1.1205904774487396 13.982962913144535
    endloop
  endfacet
  facet normal 0 0.06540312923013906 -0.9978589232386037
    outer loop
      vertex 20.25 1.1847369038899742 13.995722430686905
      vertex 20.25 1.25 14
      vertex 27.75 1.1847369038899742 13.995722430686905
    endloop
  endfacet
  facet normal 0 0.7518398074789762 -0.6593458151000703
    outer loop
      vertex 20.25 0.8533233298543824 13.80438071450436
      vertex 27.75 0.8964466094067263 13.853553390593273
      vertex 27.75 0.8533233298543824 13.80438071450436
    endloop
  endfacet
  facet normal 0 0.659345815100082 -0.751839807478966
    outer loop
      vertex 20.25 0.9456192854956397 13.896676670145618
      vertex 27.75 0.9456192854956397 13.896676670145618
      vertex 27.75 0.8964466094067263 13.853553390593273
    endloop
  endfacet
  facet normal 0 0.5555702330195879 -0.8314696123025549
    outer loop
      vertex 20.25 1 13.933012701892219
      vertex 27.75 1 13.933012701892219
      vertex 27.75 0.9456192854956397 13.896676670145618
    endloop
  endfacet
  facet normal 0 0.44228869021900374 -0.8968727415326871
    outer loop
      vertex 20.25 1.0586582838174552 13.961939766255643
      vertex 27.75 1.0586582838174552 13.961939766255643
      vertex 27.75 1 13.933012701892219
    endloop
  endfacet
  facet normal 0 0.32143946530317513 -0.946930129495101
    outer loop
      vertex 20.25 1.1205904774487396 13.982962913144535
      vertex 27.75 1.1205904774487396 13.982962913144535
      vertex 27.75 1.0586582838174552 13.961939766255643
    endloop
  endfacet
  facet normal 0 0.19509032201612297 -0.9807852804032314
    outer loop
      vertex 20.25 1.1847369038899742 13.995722430686905
      vertex 27.75 1.1847369038899742 13.995722430686905
      vertex 27.75 1.1205904774487396 13.982962913144535
    endloop
  endfacet
  facet normal 0 0.06540312923013906 -0.9978589232386037
    outer loop
      vertex 20.25 1.25 14
      vertex 27.75 1.25 14
      vertex 27.75 1.1847369038899742 13.995722430686905
    endloop
  endfacet
  facet normal -1 0 0
    outer loop
      vertex 27.75 0.8533233298543824 13.19561928549564
      vertex 27.75 0.8169872981077807 13.25
      vertex 27.75 0.8169872981077807 13.75
    endloop
  endfacet
  facet normal -1 0 0
    outer loop
      vertex 27.75 0.7670370868554659 13.37059047744874
      vertex 27.75 0.7542775693130948 13.434736903889974
      vertex 27.75 0.7542775693130948 13.565263096110026
    endloop
  endfacet
  facet normal -1 0 0
    outer loop
      vertex 27.75 0.7542775693130948 13.434736903889974
      vertex 27.75 0.75 13.5
      vertex 27.75 0.7542775693130948 13.565263096110026
    endloop
  endfacet
  facet normal -1 0 0
    outer loop
      vertex 27.75 0.7670370868554659 13.37059047744874
      vertex 27.75 0.7542775693130948 13.565263096110026
      vertex 27.75 0.7670370868554659 13.62940952255126
    endloop
  endfacet
  facet normal -1 0 0
    outer loop
      vertex 27.75 0.7670370868554659 13.37059047744874
      vertex 27.75 0.7670370868554659 13.62940952255126
      vertex 27.75 0.7880602337443566 13.308658283817454
    endloop
  endfacet
  facet normal -1 0 0
    outer loop
      vertex 27.75 0.8169872981077807 13.25
      vertex 27.75 0.7880602337443566 13.308658283817454
      vertex 27.75 0.7880602337443566 13.691341716182546
    endloop
  endfacet
  facet normal -1 0 0
    outer loop
      vertex 27.75 0.7880602337443566 13.308658283817454
      vertex 27.75 0.7670370868554659 13.62940952255126
      vertex 27.75 0.7880602337443566 13.691341716182546
    endloop
  endfacet
  facet normal -1 0 0
    outer loop
      vertex 27.75 0.8533233298543824 13.19561928549564
      vertex 27.75 0.8533233298543824 13.80438071450436
      vertex 27.75 0.8964466094067263 13.146446609406727
    endloop
  endfacet
  facet normal -1 0 0
    outer loop
      vertex 27.75 0.8964466094067263 13.146446609406727
      vertex 27.75 0.8964466094067263 13.853553390593273
      vertex 27.75 0.9456192854956397 13.103323329854382
    endloop
  endfacet
  facet normal -1 0 0
    outer loop
      vertex 27.75 1 13.066987298107781
      vertex 27.75 1 13.933012701892219
      vertex 27.75 1.0586582838174552 13.038060233744357
    endloop
  endfacet
  facet normal -1 0 0
    outer loop
      vertex 27.75 1 13.066987298107781
      vertex 27.75 0.9456192854956397 13.103323329854382
      vertex 27.75 0.9456192854956397 13.896676670145618
    endloop
  endfacet
  facet normal -1 0 0
    outer loop
      vertex 27.75 0.8169872981077807 13.25
      vertex 27.75 0.7880602337443566 13.691341716182546
      vertex 27.75 0.8169872981077807 13.75
    endloop
  endfacet
  facet normal -1 0 0
    outer loop
      vertex 27.75 0.8533233298543824 13.19561928549564
      vertex 27.75 0.8169872981077807 13.75
      vertex 27.75 0.8533233298543824 13.80438071450436
    endloop
  endfacet
  facet normal -1 0 0
    outer loop
      vertex 27.75 0.8964466094067263 13.146446609406727
      vertex 27.75 0.8533233298543824 13.80438071450436
      vertex 27.75 0.8964466094067263 13.853553390593273
    endloop
  endfacet
  facet normal -1 0 0
    outer loop
      vertex 27.75 0.9456192854956397 13.103323329854382
      vertex 27.75 0.8964466094067263 13.853553390593273
      vertex 27.75 0.9456192854956397 13.896676670145618
    endloop
  endfacet
  facet normal -1 0 0
    outer loop
      vertex 27.75 1 13.066987298107781
      vertex 27.75 0.9456192854956397 13.896676670145618
      vertex 27.75 1 13.933012701892219
    endloop
  endfacet
  facet normal -1 0 0
    outer loop
      vertex 27.75 1.0586582838174552 13.038060233744357
      vertex 27.75 1.0586582838174552 13.961939766255643
      vertex 27.75 1.1205904774487396 13.017037086855465
    endloop
  endfacet
  facet normal -1 0 0
    outer loop
      vertex 27.75 1.1847369038899742 13.004277569313095
      vertex 27.75 1.1205904774487396 13.017037086855465
      vertex 27.75 1.1205904774487396 13.982962913144535
    endloop
  endfacet
  facet normal -1 0 0
    outer loop
      vertex 27.75 1.1847369038899742 13.004277569313095
      vertex 27.75 1.1847369038899742 13.995722430686905
      vertex 27.75 1.25 13
    endloop
  endfacet
  facet normal -1 0 0
    outer loop
      vertex 27.75 1.0586582838174552 13.038060233744357
      vertex 27.75 1 13.933012701892219
      vertex 27.75 1.0586582838174552 13.961939766255643
    endloop
  endfacet
  facet normal -1 0 0
    outer loop
      vertex 27.75 1.1205904774487396 13.017037086855465
      vertex 27.75 1.0586582838174552 13.961939766255643
      vertex 27.75 1.1205904774487396 13.982962913144535
    endloop
  endfacet
  facet normal -1 0 0
    outer loop
      vertex 27.75 1.1847369038899742 13.004277569313095
      vertex 27.75 1.1205904774487396 13.982962913144535
      vertex 27.75 1.1847369038899742 13.995722430686905
    endloop
  endfacet
  facet normal -1 0 0
    outer loop
      vertex 27.75 1.25 13
      vertex 27.75 1.1847369038899742 13.995722430686905
      vertex 27.75 1.25 14
    endloop
  endfacet
  facet normal 1 0 0
    outer loop
      vertex 20.25 20.75 13
      vertex 20.25 20.815263096110026 13.004277569313095
      vertex 20.25 20.815263096110026 13.995722430686905
    endloop
  endfacet
  facet normal 1 0 0
    outer loop
      vertex 20.25 20.815263096110026 13.004277569313095
      vertex 20.25 20.87940952255126 13.017037086855465
      vertex 20.25 20.87940952255126 13.982962913144535
    endloop
  endfacet
  facet normal 1 0 0
    outer loop
      vertex 20.25 20.87940952255126 13.017037086855465
      vertex 20.25 20.941341716182546 13.038060233744357
      vertex 20.25 20.941341716182546 13.961939766255643
    endloop
  endfacet
  facet normal 1 0 0
    outer loop
      vertex 20.25 20.75 13
      vertex 20.25 20.815263096110026 13.995722430686905
      vertex 20.25 20.75 14
    endloop
  endfacet
  facet normal 1 0 0
    outer loop
      vertex 20.25 20.815263096110026 13.004277569313095
      vertex 20.25 20.87940952255126 13.982962913144535
      vertex 20.25 20.815263096110026 13.995722430686905
    endloop
  endfacet
  facet normal 1 0 0
    outer loop
      vertex 20.25 20.87940952255126 13.017037086855465
      vertex 20.25 20.941341716182546 13.961939766255643
      vertex 20.25 20.87940952255126 13.982962913144535
    endloop
  endfacet
  facet normal 1 0 0
    outer loop
      vertex 20.25 20.941341716182546 13.038060233744357
      vertex 20.25 21 13.933012701892219
      vertex 20.25 20.941341716182546 13.961939766255643
    endloop
  endfacet
  facet normal 1 0 0
    outer loop
      vertex 20.25 20.941341716182546 13.038060233744357
      vertex 20.25 21 13.066987298107781
      vertex 20.25 21 13.933012701892219
    endloop
  endfacet
  facet normal 1 0 0
    outer loop
      vertex 20.25 21 13.066987298107781
      vertex 20.25 21.05438071450436 13.103323329854382
      vertex 20.25 21.05438071450436 13.896676670145618
    endloop
  endfacet
  facet normal 1 0 0
    outer loop
      vertex 20.25 21.05438071450436 13.103323329854382
      vertex 20.25 21.103553390593273 13.146446609406727
      vertex 20.25 21.103553390593273 13.853553390593273
    endloop
  endfacet
  facet normal 1 0 0
    outer loop
      vertex 20.25 21.103553390593273 13.146446609406727
      vertex 20.25 21.146676670145617 13.19561928549564
      vertex 20.25 21.146676670145617 13.80438071450436
    endloop
  endfacet
  facet normal 1 0 0
    outer loop
      vertex 20.25 21.146676670145617 13.19561928549564
      vertex 20.25 21.18301270189222 13.25
      vertex 20.25 21.18301270189222 13.75
    endloop
  endfacet
  facet normal 1 0 0
    outer loop
      vertex 20.25 21.18301270189222 13.25
      vertex 20.25 21.211939766255643 13.308658283817454
      vertex 20.25 21.211939766255643 13.691341716182546
    endloop
  endfacet
  facet normal 1 0 0
    outer loop
      vertex 20.25 21.211939766255643 13.308658283817454
      vertex 20.25 21.232962913144533 13.37059047744874
      vertex 20.25 21.232962913144533 13.62940952255126
    endloop
  endfacet
  facet normal 1 0 0
    outer loop
      vertex 20.25 21.211939766255643 13.308658283817454
      vertex 20.25 21.232962913144533 13.62940952255126
      vertex 20.25 21.211939766255643 13.691341716182546
    endloop
  endfacet
  facet normal 1 0 0
    outer loop
      vertex 20.25 21.232962913144533 13.37059047744874
      vertex 20.25 21.245722430686904 13.434736903889974
      vertex 20.25 21.245722430686904 13.565263096110026
    endloop
  endfacet
  facet normal 1 0 0
    outer loop
      vertex 20.25 21.245722430686904 13.434736903889974
      vertex 20.25 21.25 13.5
      vertex 20.25 21.245722430686904 13.565263096110026
    endloop
  endfacet
  facet normal 1 0 0
    outer loop
      vertex 20.25 21.232962913144533 13.37059047744874
      vertex 20.25 21.245722430686904 13.565263096110026
      vertex 20.25 21.232962913144533 13.62940952255126
    endloop
  endfacet
  facet normal 1 0 0
    outer loop
      vertex 20.25 21 13.066987298107781
      vertex 20.25 21.05438071450436 13.896676670145618
      vertex 20.25 21 13.933012701892219
    endloop
  endfacet
  facet normal 1 0 0
    outer loop
      vertex 20.25 21.103553390593273 13.146446609406727
      vertex 20.25 21.146676670145617 13.80438071450436
      vertex 20.25 21.103553390593273 13.853553390593273
    endloop
  endfacet
  facet normal 1 0 0
    outer loop
      vertex 20.25 21.05438071450436 13.103323329854382
      vertex 20.25 21.103553390593273 13.853553390593273
      vertex 20.25 21.05438071450436 13.896676670145618
    endloop
  endfacet
  facet normal 1 0 0
    outer loop
      vertex 20.25 21.146676670145617 13.19561928549564
      vertex 20.25 21.18301270189222 13.75
      vertex 20.25 21.146676670145617 13.80438071450436
    endloop
  endfacet
  facet normal 1 0 0
    outer loop
      vertex 20.25 21.18301270189222 13.25
      vertex 20.25 21.211939766255643 13.691341716182546
      vertex 20.25 21.18301270189222 13.75
    endloop
  endfacet
  facet normal 1.1288590102911352e-20 -0.0654031292301384 0.9978589232386038
    outer loop
      vertex 20.25 20.75 13
      vertex 27.75 20.815263096110026 13.004277569313095
      vertex 20.25 20.815263096110026 13.004277569313095
    endloop
  endfacet
  facet normal 7.786825081200892e-20 -0.19509032201612622 0.9807852804032308
    outer loop
      vertex 20.25 20.815263096110026 13.004277569313095
      vertex 27.75 20.87940952255126 13.017037086855465
      vertex 20.25 20.87940952255126 13.017037086855465
    endloop
  endfacet
  facet normal 1.1022836738195446e-19 -0.3214394653031689 0.9469301294951031
    outer loop
      vertex 20.25 20.87940952255126 13.017037086855465
      vertex 27.75 20.941341716182546 13.038060233744357
      vertex 20.25 20.941341716182546 13.038060233744357
    endloop
  endfacet
  facet normal -9.790357374420419e-20 -0.4422886902190091 0.8968727415326844
    outer loop
      vertex 20.25 20.941341716182546 13.038060233744357
      vertex 27.75 21 13.066987298107781
      vertex 20.25 21 13.066987298107781
    endloop
  endfacet
  facet normal -1.5345878446704287e-19 -0.5555702330195792 0.8314696123025607
    outer loop
      vertex 20.25 21 13.066987298107781
      vertex 27.75 21.05438071450436 13.103323329854382
      vertex 20.25 21.05438071450436 13.103323329854382
    endloop
  endfacet
  facet normal -2.899762587623836e-19 -0.6593458151000963 0.7518398074789534
    outer loop
      vertex 20.25 21.05438071450436 13.103323329854382
      vertex 27.75 21.103553390593273 13.146446609406727
      vertex 20.25 21.103553390593273 13.146446609406727
    endloop
  endfacet
  facet normal 0 -0.7518398074789787 0.6593458151000674
    outer loop
      vertex 20.25 21.103553390593273 13.146446609406727
      vertex 27.75 21.103553390593273 13.146446609406727
      vertex 20.25 21.146676670145617 13.19561928549564
    endloop
  endfacet
  facet normal 0 -0.8314696123025271 0.5555702330196293
    outer loop
      vertex 20.25 21.146676670145617 13.19561928549564
      vertex 27.75 21.146676670145617 13.19561928549564
      vertex 20.25 21.18301270189222 13.25
    endloop
  endfacet
  facet normal 0 -0.8968727415326953 0.4422886902189873
    outer loop
      vertex 20.25 21.18301270189222 13.25
      vertex 27.75 21.18301270189222 13.25
      vertex 20.25 21.211939766255643 13.308658283817454
    endloop
  endfacet
  facet normal 0 -0.9469301294951115 0.32143946530314454
    outer loop
      vertex 20.25 21.211939766255643 13.308658283817454
      vertex 27.75 21.211939766255643 13.308658283817454
      vertex 20.25 21.232962913144533 13.37059047744874
    endloop
  endfacet
  facet normal 0 -0.9807852804032308 0.19509032201612622
    outer loop
      vertex 20.25 21.232962913144533 13.37059047744874
      vertex 27.75 21.232962913144533 13.37059047744874
      vertex 20.25 21.245722430686904 13.434736903889974
    endloop
  endfacet
  facet normal 0 -0.9978589232386019 0.06540312923016545
    outer loop
      vertex 20.25 21.245722430686904 13.434736903889974
      vertex 27.75 21.245722430686904 13.434736903889974
      vertex 20.25 21.25 13.5
    endloop
  endfacet
  facet normal 0 -0.9978589232386019 -0.06540312923016545
    outer loop
      vertex 20.25 21.25 13.5
      vertex 27.75 21.25 13.5
      vertex 20.25 21.245722430686904 13.565263096110026
    endloop
  endfacet
  facet normal 0 -0.9469301294951115 -0.32143946530314454
    outer loop
      vertex 20.25 21.232962913144533 13.62940952255126
      vertex 27.75 21.232962913144533 13.62940952255126
      vertex 20.25 21.211939766255643 13.691341716182546
    endloop
  endfacet
  facet normal 0 -0.9807852804032308 -0.19509032201612622
    outer loop
      vertex 20.25 21.245722430686904 13.565263096110026
      vertex 27.75 21.245722430686904 13.565263096110026
      vertex 20.25 21.232962913144533 13.62940952255126
    endloop
  endfacet
  facet normal 0 -0.8968727415326953 -0.4422886902189873
    outer loop
      vertex 20.25 21.211939766255643 13.691341716182546
      vertex 27.75 21.211939766255643 13.691341716182546
      vertex 20.25 21.18301270189222 13.75
    endloop
  endfacet
  facet normal 0 -0.8314696123025271 -0.5555702330196293
    outer loop
      vertex 20.25 21.18301270189222 13.75
      vertex 27.75 21.18301270189222 13.75
      vertex 20.25 21.146676670145617 13.80438071450436
    endloop
  endfacet
  facet normal 0 -0.0654031292301384 0.9978589232386038
    outer loop
      vertex 20.25 20.75 13
      vertex 27.75 20.75 13
      vertex 27.75 20.815263096110026 13.004277569313095
    endloop
  endfacet
  facet normal 0 -0.19509032201612622 0.9807852804032308
    outer loop
      vertex 20.25 20.815263096110026 13.004277569313095
      vertex 27.75 20.815263096110026 13.004277569313095
      vertex 27.75 20.87940952255126 13.017037086855465
    endloop
  endfacet
  facet normal 0 -0.3214394653031689 0.9469301294951031
    outer loop
      vertex 20.25 20.87940952255126 13.017037086855465
      vertex 27.75 20.87940952255126 13.017037086855465
      vertex 27.75 20.941341716182546 13.038060233744357
    endloop
  endfacet
  facet normal 0 -0.4422886902190091 0.8968727415326844
    outer loop
      vertex 20.25 20.941341716182546 13.038060233744357
      vertex 27.75 20.941341716182546 13.038060233744357
      vertex 27.75 21 13.066987298107781
    endloop
  endfacet
  facet normal 0 -0.5555702330195792 0.8314696123025607
    outer loop
      vertex 20.25 21 13.066987298107781
      vertex 27.75 21 13.066987298107781
      vertex 27.75 21.05438071450436 13.103323329854382
    endloop
  endfacet
  facet normal 0 -0.6593458151000963 0.7518398074789534
    outer loop
      vertex 20.25 21.05438071450436 13.103323329854382
      vertex 27.75 21.05438071450436 13.103323329854382
      vertex 27.75 21.103553390593273 13.146446609406727
    endloop
  endfacet
  facet normal 0 -0.7518398074789787 0.6593458151000674
    outer loop
      vertex 20.25 21.146676670145617 13.19561928549564
      vertex 27.75 21.103553390593273 13.146446609406727
      vertex 27.75 21.146676670145617 13.19561928549564
    endloop
  endfacet
  facet normal 0 -0.8314696123025271 0.5555702330196293
    outer loop
      vertex 20.25 21.18301270189222 13.25
      vertex 27.75 21.146676670145617 13.19561928549564
      vertex 27.75 21.18301270189222 13.25
    endloop
  endfacet
  facet normal 0 -0.8968727415326953 0.4422886902189873
    outer loop
      vertex 20.25 21.211939766255643 13.308658283817454
      vertex 27.75 21.18301270189222 13.25
      vertex 27.75 21.211939766255643 13.308658283817454
    endloop
  endfacet
  facet normal 0 -0.9469301294951115 0.32143946530314454
    outer loop
      vertex 20.25 21.232962913144533 13.37059047744874
      vertex 27.75 21.211939766255643 13.308658283817454
      vertex 27.75 21.232962913144533 13.37059047744874
    endloop
  endfacet
  facet normal 0 -0.9807852804032308 0.19509032201612622
    outer loop
      vertex 20.25 21.245722430686904 13.434736903889974
      vertex 27.75 21.232962913144533 13.37059047744874
      vertex 27.75 21.245722430686904 13.434736903889974
    endloop
  endfacet
  facet normal 0 -0.9978589232386019 0.06540312923016545
    outer loop
      vertex 20.25 21.25 13.5
      vertex 27.75 21.245722430686904 13.434736903889974
      vertex 27.75 21.25 13.5
    endloop
  endfacet
  facet normal 0 -0.9978589232386019 -0.06540312923016545
    outer loop
      vertex 20.25 21.245722430686904 13.565263096110026
      vertex 27.75 21.25 13.5
      vertex 27.75 21.245722430686904 13.565263096110026
    endloop
  endfacet
  facet normal 0 -0.9469301294951115 -0.32143946530314454
    outer loop
      vertex 20.25 21.211939766255643 13.691341716182546
      vertex 27.75 21.232962913144533 13.62940952255126
      vertex 27.75 21.211939766255643 13.691341716182546
    endloop
  endfacet
  facet normal 0 -0.9807852804032308 -0.19509032201612622
    outer loop
      vertex 20.25 21.232962913144533 13.62940952255126
      vertex 27.75 21.245722430686904 13.565263096110026
      vertex 27.75 21.232962913144533 13.62940952255126
    endloop
  endfacet
  facet normal 0 -0.8968727415326953 -0.4422886902189873
    outer loop
      vertex 20.25 21.18301270189222 13.75
      vertex 27.75 21.211939766255643 13.691341716182546
      vertex 27.75 21.18301270189222 13.75
    endloop
  endfacet
  facet normal 0 -0.8314696123025271 -0.5555702330196293
    outer loop
      vertex 20.25 21.146676670145617 13.80438071450436
      vertex 27.75 21.18301270189222 13.75
      vertex 27.75 21.146676670145617 13.80438071450436
    endloop
  endfacet
  facet normal 0 -0.0654031292301384 -0.9978589232386038
    outer loop
      vertex 20.25 20.75 14
      vertex 20.25 20.815263096110026 13.995722430686905
      vertex 27.75 20.75 14
    endloop
  endfacet
  facet normal 0 -0.19509032201612622 -0.9807852804032308
    outer loop
      vertex 20.25 20.815263096110026 13.995722430686905
      vertex 20.25 20.87940952255126 13.982962913144535
      vertex 27.75 20.815263096110026 13.995722430686905
    endloop
  endfacet
  facet normal 0 -0.3214394653031689 -0.9469301294951031
    outer loop
      vertex 20.25 20.87940952255126 13.982962913144535
      vertex 20.25 20.941341716182546 13.961939766255643
      vertex 27.75 20.87940952255126 13.982962913144535
    endloop
  endfacet
  facet normal 0 -0.4422886902190091 -0.8968727415326844
    outer loop
      vertex 20.25 20.941341716182546 13.961939766255643
      vertex 20.25 21 13.933012701892219
      vertex 27.75 20.941341716182546 13.961939766255643
    endloop
  endfacet
  facet normal 0 -0.5555702330195792 -0.8314696123025607
    outer loop
      vertex 20.25 21 13.933012701892219
      vertex 20.25 21.05438071450436 13.896676670145618
      vertex 27.75 21 13.933012701892219
    endloop
  endfacet
  facet normal 0 -0.7518398074789787 -0.6593458151000674
    outer loop
      vertex 20.25 21.146676670145617 13.80438071450436
      vertex 27.75 21.146676670145617 13.80438071450436
      vertex 20.25 21.103553390593273 13.853553390593273
    endloop
  endfacet
  facet normal 0 -0.6593458151000963 -0.7518398074789534
    outer loop
      vertex 20.25 21.05438071450436 13.896676670145618
      vertex 20.25 21.103553390593273 13.853553390593273
      vertex 27.75 21.05438071450436 13.896676670145618
    endloop
  endfacet
  facet normal 0 -0.0654031292301384 -0.9978589232386038
    outer loop
      vertex 20.25 20.815263096110026 13.995722430686905
      vertex 27.75 20.815263096110026 13.995722430686905
      vertex 27.75 20.75 14
    endloop
  endfacet
  facet normal 0 -0.19509032201612622 -0.9807852804032308
    outer loop
      vertex 20.25 20.87940952255126 13.982962913144535
      vertex 27.75 20.87940952255126 13.982962913144535
      vertex 27.75 20.815263096110026 13.995722430686905
    endloop
  endfacet
  facet normal 0 -0.3214394653031689 -0.9469301294951031
    outer loop
      vertex 20.25 20.941341716182546 13.961939766255643
      vertex 27.75 20.941341716182546 13.961939766255643
      vertex 27.75 20.87940952255126 13.982962913144535
    endloop
  endfacet
  facet normal 0 -0.4422886902190091 -0.8968727415326844
    outer loop
      vertex 20.25 21 13.933012701892219
      vertex 27.75 21 13.933012701892219
      vertex 27.75 20.941341716182546 13.961939766255643
    endloop
  endfacet
  facet normal 0 -0.5555702330195792 -0.8314696123025607
    outer loop
      vertex 20.25 21.05438071450436 13.896676670145618
      vertex 27.75 21.05438071450436 13.896676670145618
      vertex 27.75 21 13.933012701892219
    endloop
  endfacet
  facet normal 0 -0.6593458151000963 -0.7518398074789534
    outer loop
      vertex 20.25 21.103553390593273 13.853553390593273
      vertex 27.75 21.103553390593273 13.853553390593273
      vertex 27.75 21.05438071450436 13.896676670145618
    endloop
  endfacet
  facet normal 0 -0.7518398074789787 -0.6593458151000674
    outer loop
      vertex 20.25 21.103553390593273 13.853553390593273
      vertex 27.75 21.146676670145617 13.80438071450436
      vertex 27.75 21.103553390593273 13.853553390593273
    endloop
  endfacet
  facet normal -1 0 0
    outer loop
      vertex 27.75 20.75 13
      vertex 27.75 20.75 14
      vertex 27.75 20.815263096110026 13.004277569313095
    endloop
  endfacet
  facet normal -1 0 0
    outer loop
      vertex 27.75 20.815263096110026 13.004277569313095
      vertex 27.75 20.815263096110026 13.995722430686905
      vertex 27.75 20.87940952255126 13.017037086855465
    endloop
  endfacet
  facet normal -1 0 0
    outer loop
      vertex 27.75 20.87940952255126 13.017037086855465
      vertex 27.75 20.87940952255126 13.982962913144535
      vertex 27.75 20.941341716182546 13.038060233744357
    endloop
  endfacet
  facet normal -1 0 0
    outer loop
      vertex 27.75 20.941341716182546 13.038060233744357
      vertex 27.75 20.941341716182546 13.961939766255643
      vertex 27.75 21 13.066987298107781
    endloop
  endfacet
  facet normal -1 0 0
    outer loop
      vertex 27.75 20.815263096110026 13.004277569313095
      vertex 27.75 20.75 14
      vertex 27.75 20.815263096110026 13.995722430686905
    endloop
  endfacet
  facet normal -1 0 0
    outer loop
      vertex 27.75 20.87940952255126 13.017037086855465
      vertex 27.75 20.815263096110026 13.995722430686905
      vertex 27.75 20.87940952255126 13.982962913144535
    endloop
  endfacet
  facet normal -1 0 0
    outer loop
      vertex 27.75 20.941341716182546 13.038060233744357
      vertex 27.75 20.87940952255126 13.982962913144535
      vertex 27.75 20.941341716182546 13.961939766255643
    endloop
  endfacet
  facet normal -1 0 0
    outer loop
      vertex 27.75 21 13.066987298107781
      vertex 27.75 21 13.933012701892219
      vertex 27.75 21.05438071450436 13.103323329854382
    endloop
  endfacet
  facet normal -1 0 0
    outer loop
      vertex 27.75 21.05438071450436 13.103323329854382
      vertex 27.75 21.05438071450436 13.896676670145618
      vertex 27.75 21.103553390593273 13.146446609406727
    endloop
  endfacet
  facet normal -1 0 0
    outer loop
      vertex 27.75 21.103553390593273 13.146446609406727
      vertex 27.75 21.103553390593273 13.853553390593273
      vertex 27.75 21.146676670145617 13.19561928549564
    endloop
  endfacet
  facet normal -1 0 0
    outer loop
      vertex 27.75 21.146676670145617 13.19561928549564
      vertex 27.75 21.146676670145617 13.80438071450436
      vertex 27.75 21.18301270189222 13.25
    endloop
  endfacet
  facet normal -1 0 0
    outer loop
      vertex 27.75 21.18301270189222 13.25
      vertex 27.75 21.18301270189222 13.75
      vertex 27.75 21.211939766255643 13.308658283817454
    endloop
  endfacet
  facet normal -1 0 0
    outer loop
      vertex 27.75 21.211939766255643 13.308658283817454
      vertex 27.75 21.211939766255643 13.691341716182546
      vertex 27.75 21.232962913144533 13.37059047744874
    endloop
  endfacet
  facet normal -1 0 0
    outer loop
      vertex 27.75 21.232962913144533 13.37059047744874
      vertex 27.75 21.232962913144533 13.62940952255126
      vertex 27.75 21.245722430686904 13.434736903889974
    endloop
  endfacet
  facet normal -1 0 0
    outer loop
      vertex 27.75 21.245722430686904 13.434736903889974
      vertex 27.75 21.245722430686904 13.565263096110026
      vertex 27.75 21.25 13.5
    endloop
  endfacet
  facet normal -1 0 0
    outer loop
      vertex 27.75 21.245722430686904 13.434736903889974
      vertex 27.75 21.232962913144533 13.62940952255126
      vertex 27.75 21.245722430686904 13.565263096110026
    endloop
  endfacet
  facet normal -1 0 0
    outer loop
      vertex 27.75 21 13.066987298107781
      vertex 27.75 20.941341716182546 13.961939766255643
      vertex 27.75 21 13.933012701892219
    endloop
  endfacet
  facet normal -1 0 0
    outer loop
      vertex 27.75 21.05438071450436 13.103323329854382
      vertex 27.75 21 13.933012701892219
      vertex 27.75 21.05438071450436 13.896676670145618
    endloop
  endfacet
  facet normal -1 0 0
    outer loop
      vertex 27.75 21.103553390593273 13.146446609406727
      vertex 27.75 21.05438071450436 13.896676670145618
      vertex 27.75 21.103553390593273 13.853553390593273
    endloop
  endfacet
  facet normal -1 0 0
    outer loop
      vertex 27.75 21.146676670145617 13.19561928549564
      vertex 27.75 21.103553390593273 13.853553390593273
      vertex 27.75 21.146676670145617 13.80438071450436
    endloop
  endfacet
  facet normal -1 0 0
    outer loop
      vertex 27.75 21.18301270189222 13.25
      vertex 27.75 21.146676670145617 13.80438071450436
      vertex 27.75 21.18301270189222 13.75
    endloop
  endfacet
  facet normal -1 0 0
    outer loop
      vertex 27.75 21.232962913144533 13.37059047744874
      vertex 27.75 21.211939766255643 13.691341716182546
      vertex 27.75 21.232962913144533 13.62940952255126
    endloop
  endfacet
  facet normal -1 0 0
    outer loop
      vertex 27.75 21.211939766255643 13.308658283817454
      vertex 27.75 21.18301270189222 13.75
      vertex 27.75 21.211939766255643 13.691341716182546
    endloop
  endfacet
  facet normal 0 1 0
    outer loop
      vertex 1.1847369038899742 1.25 13.004277569313095
      vertex 1.3152630961100258 1.25 13.004277569313095
      vertex 1.25 1.25 13
    endloop
  endfacet
  facet normal 0 1 0
    outer loop
      vertex 1.1847369038899742 1.25 13.004277569313095
      vertex 1.1205904774487396 1.25 13.017037086855465
      vertex 1.3794095225512604 1.25 13.017037086855465
    endloop
  endfacet
  facet normal 0 1 0
    outer loop
      vertex 1.1847369038899742 1.25 13.004277569313095
      vertex 1.3794095225512604 1.25 13.017037086855465
      vertex 1.3152630961100258 1.25 13.004277569313095
    endloop
  endfacet
  facet normal 0 1 0
    outer loop
      vertex 1 1.25 13.066987298107781
      vertex 1.5 1.25 13.066987298107781
      vertex 1.0586582838174552 1.25 13.038060233744357
    endloop
  endfacet
  facet normal 0 1 0
    outer loop
      vertex 1.0586582838174552 1.25 13.038060233744357
      vertex 1.4413417161825448 1.25 13.038060233744357
      vertex 1.1205904774487396 1.25 13.017037086855465
    endloop
  endfacet
  facet normal 0 1 0
    outer loop
      vertex 1.1205904774487396 1.25 13.017037086855465
      vertex 1.4413417161825448 1.25 13.038060233744357
      vertex 1.3794095225512604 1.25 13.017037086855465
    endloop
  endfacet
  facet normal 0 1 0
    outer loop
      vertex 1.0586582838174552 1.25 13.038060233744357
      vertex 1.5 1.25 13.066987298107781
      vertex 1.4413417161825448 1.25 13.038060233744357
    endloop
  endfacet
  facet normal 0 1 0
    outer loop
      vertex 1 1.25 13.066987298107781
      vertex 1.5543807145043602 1.25 13.103323329854382
      vertex 1.5 1.25 13.066987298107781
    endloop
  endfacet
  facet normal 0 1 0
    outer loop
      vertex 1 1.25 13.066987298107781
      vertex 0.9456192854956397 1.25 13.103323329854382
      vertex 1.5543807145043602 1.25 13.103323329854382
    endloop
  endfacet
  facet normal 0 1 0
    outer loop
      vertex 0.9456192854956397 1.25 13.103323329854382
      vertex 0.8964466094067263 1.25 13.146446609406727
      vertex 1.6035533905932737 1.25 13.146446609406727
    endloop
  endfacet
  facet normal 0 1 0
    outer loop
      vertex 0.9456192854956397 1.25 13.103323329854382
      vertex 1.6035533905932737 1.25 13.146446609406727
      vertex 1.5543807145043602 1.25 13.103323329854382
    endloop
  endfacet
  facet normal 0 1 0
    outer loop
      vertex 0.8964466094067263 1.25 13.146446609406727
      vertex 0.8533233298543824 1.25 13.19561928549564
      vertex 1.6466766701456175 1.25 13.19561928549564
    endloop
  endfacet
  facet normal 0 1 0
    outer loop
      vertex 0.8533233298543824 1.25 13.19561928549564
      vertex 0.8169872981077807 1.25 13.25
      vertex 1.6830127018922192 1.25 13.25
    endloop
  endfacet
  facet normal -0.4422886902190038 2.5586662531020896e-18 0.8968727415326871
    outer loop
      vertex 1.4413417161825448 1.25 13.038060233744357
      vertex 1.5 1.25 13.066987298107781
      vertex 1.5 1.5918035609075558 13.066987298107781
    endloop
  endfacet
  facet normal -0.5555702330195885 4.739263125893481e-18 0.8314696123025543
    outer loop
      vertex 1.5 1.25 13.066987298107781
      vertex 1.5543807145043602 1.25 13.103323329854382
      vertex 1.5543807145043602 1.5328189554737959 13.103323329854382
    endloop
  endfacet
  facet normal -0.6593458151000811 1.0625345600857443e-17 0.7518398074789666
    outer loop
      vertex 1.5543807145043602 1.25 13.103323329854382
      vertex 1.6035533905932737 1.25 13.146446609406727
      vertex 1.6035533905932737 1.489695675921452 13.146446609406727
    endloop
  endfacet
  facet normal 0 1 0
    outer loop
      vertex 0.8964466094067263 1.25 13.146446609406727
      vertex 1.6466766701456175 1.25 13.19561928549564
      vertex 1.6035533905932737 1.25 13.146446609406727
    endloop
  endfacet
  facet normal 0 1 0
    outer loop
      vertex 0.8533233298543824 1.25 13.19561928549564
      vertex 1.6830127018922192 1.25 13.25
      vertex 1.6466766701456175 1.25 13.19561928549564
    endloop
  endfacet
  facet normal 0 1 0
    outer loop
      vertex 0.8169872981077807 1.25 13.25
      vertex 1.7119397662556435 1.25 13.308658283817454
      vertex 1.6830127018922192 1.25 13.25
    endloop
  endfacet
  facet normal -0.751839807478977 2.2895825643748137e-18 0.6593458151000694
    outer loop
      vertex 1.6035533905932737 1.25 13.146446609406727
      vertex 1.6466766701456175 1.25 13.19561928549564
      vertex 1.6466766701456175 1.4530130380229491 13.19561928549564
    endloop
  endfacet
  facet normal -0.8314696123025428 1.914179906290341e-18 0.5555702330196057
    outer loop
      vertex 1.6466766701456175 1.25 13.19561928549564
      vertex 1.6830127018922192 1.25 13.25
      vertex 1.6830127018922192 1.4287340778231123 13.25
    endloop
  endfacet
  facet normal -0.8968727415326845 0 0.4422886902190092
    outer loop
      vertex 1.6830127018922192 1.25 13.25
      vertex 1.7119397662556435 1.4094056313577557 13.308658283817454
      vertex 1.6830127018922192 1.4287340778231123 13.25
    endloop
  endfacet
  facet normal 0 1 0
    outer loop
      vertex 0.8169872981077807 1.25 13.25
      vertex 0.7880602337443566 1.25 13.308658283817454
      vertex 1.7119397662556435 1.25 13.308658283817454
    endloop
  endfacet
  facet normal 0 1 0
    outer loop
      vertex 0.7880602337443566 1.25 13.308658283817454
      vertex 0.7670370868554659 1.25 13.37059047744874
      vertex 1.732962913144534 1.25 13.37059047744874
    endloop
  endfacet
  facet normal 0 1 0
    outer loop
      vertex 0.7670370868554659 1.25 13.37059047744874
      vertex 0.7542775693130948 1.25 13.434736903889974
      vertex 1.7457224306869052 1.25 13.434736903889974
    endloop
  endfacet
  facet normal 0 1 0
    outer loop
      vertex 0.7542775693130948 1.25 13.434736903889974
      vertex 0.75 1.25 13.5
      vertex 1.75 1.25 13.5
    endloop
  endfacet
  facet normal 0 1 0
    outer loop
      vertex 0.75 1.25 13.5
      vertex 0.7542775693130948 1.25 13.565263096110026
      vertex 1.7457224306869052 1.25 13.565263096110026
    endloop
  endfacet
  facet normal 0 1 0
    outer loop
      vertex 0.7542775693130948 1.25 13.565263096110026
      vertex 0.7670370868554659 1.25 13.62940952255126
      vertex 1.732962913144534 1.25 13.62940952255126
    endloop
  endfacet
  facet normal 0 1 0
    outer loop
      vertex 0.7670370868554659 1.25 13.62940952255126
      vertex 0.7880602337443566 1.25 13.691341716182546
      vertex 1.7119397662556435 1.25 13.691341716182546
    endloop
  endfacet
  facet normal 0 1 0
    outer loop
      vertex 0.7880602337443566 1.25 13.691341716182546
      vertex 0.8169872981077807 1.25 13.75
      vertex 1.6830127018922192 1.25 13.75
    endloop
  endfacet
  facet normal 0 1 0
    outer loop
      vertex 0.8169872981077807 1.25 13.75
      vertex 0.8533233298543824 1.25 13.80438071450436
      vertex 1.6466766701456175 1.25 13.80438071450436
    endloop
  endfacet
  facet normal 0 1 0
    outer loop
      vertex 0.7880602337443566 1.25 13.308658283817454
      vertex 1.732962913144534 1.25 13.37059047744874
      vertex 1.7119397662556435 1.25 13.308658283817454
    endloop
  endfacet
  facet normal 0 1 0
    outer loop
      vertex 0.7670370868554659 1.25 13.37059047744874
      vertex 1.7457224306869052 1.25 13.434736903889974
      vertex 1.732962913144534 1.25 13.37059047744874
    endloop
  endfacet
  facet normal -0.8968727415326844 -4.606341675806839e-18 0.4422886902190091
    outer loop
      vertex 1.6830127018922192 1.25 13.25
      vertex 1.7119397662556435 1.25 13.308658283817454
      vertex 1.7119397662556435 1.4094056313577557 13.308658283817454
    endloop
  endfacet
  facet normal -0.9469301294951082 0 0.3214394653031537
    outer loop
      vertex 1.7119397662556435 1.25 13.308658283817454
      vertex 1.732962913144534 1.3953584137047594 13.37059047744874
      vertex 1.7119397662556435 1.4094056313577557 13.308658283817454
    endloop
  endfacet
  facet normal -0.9469301294951084 3.570040622563507e-18 0.32143946530315376
    outer loop
      vertex 1.7119397662556435 1.25 13.308658283817454
      vertex 1.732962913144534 1.25 13.37059047744874
      vertex 1.732962913144534 1.3953584137047594 13.37059047744874
    endloop
  endfacet
  facet normal -0.9807852804032295 1.1637681972223468e-18 0.19509032201613274
    outer loop
      vertex 1.732962913144534 1.25 13.37059047744874
      vertex 1.7457224306869052 1.25 13.434736903889974
      vertex 1.7457224306869052 1.3868327766527904 13.434736903889974
    endloop
  endfacet
  facet normal -0.9807852804032294 0 0.19509032201613272
    outer loop
      vertex 1.732962913144534 1.25 13.37059047744874
      vertex 1.7457224306869052 1.3868327766527904 13.434736903889974
      vertex 1.732962913144534 1.3953584137047594 13.37059047744874
    endloop
  endfacet
  facet normal 0 1 0
    outer loop
      vertex 0.7542775693130948 1.25 13.434736903889974
      vertex 1.75 1.25 13.5
      vertex 1.7457224306869052 1.25 13.434736903889974
    endloop
  endfacet
  facet normal 0 1 0
    outer loop
      vertex 0.75 1.25 13.5
      vertex 1.7457224306869052 1.25 13.565263096110026
      vertex 1.75 1.25 13.5
    endloop
  endfacet
  facet normal -0.9978589232386037 2.597098643487711e-18 0.06540312923014178
    outer loop
      vertex 1.7457224306869052 1.25 13.434736903889974
      vertex 1.75 1.25 13.5
      vertex 1.75 1.3839745962155614 13.5
    endloop
  endfacet
  facet normal -0.9978589232386036 0 0.0654031292301418
    outer loop
      vertex 1.7457224306869052 1.25 13.434736903889974
      vertex 1.75 1.3839745962155614 13.5
      vertex 1.7457224306869052 1.3868327766527904 13.434736903889974
    endloop
  endfacet
  facet normal -0.9978589232386037 0 -0.06540312923014178
    outer loop
      vertex 1.75 1.25 13.5
      vertex 1.7457224306869052 1.25 13.565263096110026
      vertex 1.75 1.3839745962155614 13.5
    endloop
  endfacet
  facet normal -0.9978589232386036 0 -0.0654031292301418
    outer loop
      vertex 1.7457224306869052 1.25 13.565263096110026
      vertex 1.7457224306869052 1.3868327766527904 13.565263096110026
      vertex 1.75 1.3839745962155614 13.5
    endloop
  endfacet
  facet normal 0 1 0
    outer loop
      vertex 0.7542775693130948 1.25 13.565263096110026
      vertex 1.732962913144534 1.25 13.62940952255126
      vertex 1.7457224306869052 1.25 13.565263096110026
    endloop
  endfacet
  facet normal 0 1 0
    outer loop
      vertex 0.7670370868554659 1.25 13.62940952255126
      vertex 1.7119397662556435 1.25 13.691341716182546
      vertex 1.732962913144534 1.25 13.62940952255126
    endloop
  endfacet
  facet normal -0.9807852804032295 0 -0.19509032201613274
    outer loop
      vertex 1.7457224306869052 1.25 13.565263096110026
      vertex 1.732962913144534 1.25 13.62940952255126
      vertex 1.7457224306869052 1.3868327766527904 13.565263096110026
    endloop
  endfacet
  facet normal -0.9807852804032294 0 -0.19509032201613272
    outer loop
      vertex 1.732962913144534 1.25 13.62940952255126
      vertex 1.732962913144534 1.3953584137047594 13.62940952255126
      vertex 1.7457224306869052 1.3868327766527904 13.565263096110026
    endloop
  endfacet
  facet normal -0.9469301294951084 0 -0.32143946530315376
    outer loop
      vertex 1.732962913144534 1.25 13.62940952255126
      vertex 1.7119397662556435 1.25 13.691341716182546
      vertex 1.732962913144534 1.3953584137047594 13.62940952255126
    endloop
  endfacet
  facet normal -0.9469301294951082 0 -0.3214394653031537
    outer loop
      vertex 1.7119397662556435 1.25 13.691341716182546
      vertex 1.7119397662556435 1.4094056313577557 13.691341716182546
      vertex 1.732962913144534 1.3953584137047594 13.62940952255126
    endloop
  endfacet
  facet normal 0 1 0
    outer loop
      vertex 0.7880602337443566 1.25 13.691341716182546
      vertex 1.6830127018922192 1.25 13.75
      vertex 1.7119397662556435 1.25 13.691341716182546
    endloop
  endfacet
  facet normal 0 1 0
    outer loop
      vertex 0.8169872981077807 1.25 13.75
      vertex 1.6466766701456175 1.25 13.80438071450436
      vertex 1.6830127018922192 1.25 13.75
    endloop
  endfacet
  facet normal -0.8968727415326844 0 -0.4422886902190091
    outer loop
      vertex 1.7119397662556435 1.25 13.691341716182546
      vertex 1.6830127018922192 1.25 13.75
      vertex 1.7119397662556435 1.4094056313577557 13.691341716182546
    endloop
  endfacet
  facet normal -0.8968727415326845 0 -0.4422886902190092
    outer loop
      vertex 1.6830127018922192 1.25 13.75
      vertex 1.6830127018922192 1.4287340778231123 13.75
      vertex 1.7119397662556435 1.4094056313577557 13.691341716182546
    endloop
  endfacet
  facet normal -0.8314696123025428 0 -0.5555702330196057
    outer loop
      vertex 1.6830127018922192 1.25 13.75
      vertex 1.6466766701456175 1.25 13.80438071450436
      vertex 1.6830127018922192 1.4287340778231123 13.75
    endloop
  endfacet
  facet normal 0 1 0
    outer loop
      vertex 0.8533233298543824 1.25 13.80438071450436
      vertex 0.8964466094067263 1.25 13.853553390593273
      vertex 1.6035533905932737 1.25 13.853553390593273
    endloop
  endfacet
  facet normal 0 1 0
    outer loop
      vertex 0.8533233298543824 1.25 13.80438071450436
      vertex 1.6035533905932737 1.25 13.853553390593273
      vertex 1.6466766701456175 1.25 13.80438071450436
    endloop
  endfacet
  facet normal 0 1 0
    outer loop
      vertex 0.8964466094067263 1.25 13.853553390593273
      vertex 1.5543807145043602 1.25 13.896676670145618
      vertex 1.6035533905932737 1.25 13.853553390593273
    endloop
  endfacet
  facet normal 0 1 0
    outer loop
      vertex 0.8964466094067263 1.25 13.853553390593273
      vertex 0.9456192854956397 1.25 13.896676670145618
      vertex 1.5543807145043602 1.25 13.896676670145618
    endloop
  endfacet
  facet normal 0 1 0
    outer loop
      vertex 0.9456192854956397 1.25 13.896676670145618
      vertex 1 1.25 13.933012701892219
      vertex 1.5 1.25 13.933012701892219
    endloop
  endfacet
  facet normal 0 1 0
    outer loop
      vertex 0.9456192854956397 1.25 13.896676670145618
      vertex 1.5 1.25 13.933012701892219
      vertex 1.5543807145043602 1.25 13.896676670145618
    endloop
  endfacet
  facet normal 0 1 0
    outer loop
      vertex 1 1.25 13.933012701892219
      vertex 1.4413417161825448 1.25 13.961939766255643
      vertex 1.5 1.25 13.933012701892219
    endloop
  endfacet
  facet normal 0 1 0
    outer loop
      vertex 1 1.25 13.933012701892219
      vertex 1.0586582838174552 1.25 13.961939766255643
      vertex 1.4413417161825448 1.25 13.961939766255643
    endloop
  endfacet
  facet normal 0 1 0
    outer loop
      vertex 1.0586582838174552 1.25 13.961939766255643
      vertex 1.1205904774487396 1.25 13.982962913144535
      vertex 1.3794095225512604 1.25 13.982962913144535
    endloop
  endfacet
  facet normal 0 1 0
    outer loop
      vertex 1.0586582838174552 1.25 13.961939766255643
      vertex 1.3794095225512604 1.25 13.982962913144535
      vertex 1.4413417161825448 1.25 13.961939766255643
    endloop
  endfacet
  facet normal 0 1 0
    outer loop
      vertex 1.1205904774487396 1.25 13.982962913144535
      vertex 1.1847369038899742 1.25 13.995722430686905
      vertex 1.3152630961100258 1.25 13.995722430686905
    endloop
  endfacet
  facet normal 0 1 0
    outer loop
      vertex 1.1205904774487396 1.25 13.982962913144535
      vertex 1.3152630961100258 1.25 13.995722430686905
      vertex 1.3794095225512604 1.25 13.982962913144535
    endloop
  endfacet
  facet normal 0 1 0
    outer loop
      vertex 1.1847369038899742 1.25 13.995722430686905
      vertex 1.25 1.25 14
      vertex 1.3152630961100258 1.25 13.995722430686905
    endloop
  endfacet
  facet normal -0.751839807478977 0 -0.6593458151000694
    outer loop
      vertex 1.6466766701456175 1.25 13.80438071450436
      vertex 1.6035533905932737 1.25 13.853553390593273
      vertex 1.6466766701456175 1.4530130380229491 13.80438071450436
    endloop
  endfacet
  facet normal -0.5555702330195885 1.2973165952885432e-15 -0.8314696123025543
    outer loop
      vertex 1.5 1.25 13.933012701892219
      vertex 1.5428932188134525 1.5428932188134525 13.904352369369473
      vertex 1.5543807145043602 1.25 13.896676670145618
    endloop
  endfacet
  facet normal -0.6593458151000811 -9.005228774110668e-18 -0.7518398074789666
    outer loop
      vertex 1.6035533905932737 1.25 13.853553390593273
      vertex 1.5543807145043602 1.25 13.896676670145618
      vertex 1.5543807145043602 1.5328189554737959 13.896676670145618
    endloop
  endfacet
  facet normal -0.19509032201612295 3.176219605366539e-20 0.9807852804032314
    outer loop
      vertex 1.3152630961100258 1.25 13.004277569313095
      vertex 1.3794095225512604 1.25 13.017037086855465
      vertex 1.3794095225512604 1.7592570536465064 13.017037086855465
    endloop
  endfacet
  facet normal -0.06540312923013906 -5.880091739586842e-19 0.9978589232386037
    outer loop
      vertex 1.25 1.25 13
      vertex 1.3152630961100258 1.25 13.004277569313095
      vertex 1.3152630961100258 1.899301352315598 13.004277569313095
    endloop
  endfacet
  facet normal 0.06540312923013908 3.8179515182535137e-19 0.9978589232386039
    outer loop
      vertex 1.1847369038899742 1.25 13.004277569313095
      vertex 1.25 1.25 13
      vertex 1.25 2.25 13
    endloop
  endfacet
  facet normal -0.19509032201613427 1.4763594448316802e-15 0.9807852804032293
    outer loop
      vertex 1.3152630961100258 1.25 13.004277569313095
      vertex 1.3794095225512604 1.7592570536465064 13.017037086855465
      vertex 1.3261204674887133 1.8673165676349102 13.006437234757549
    endloop
  endfacet
  facet normal -0.19509032201605347 0 0.9807852804032453
    outer loop
      vertex 1.3152630961100258 1.25 13.004277569313095
      vertex 1.3261204674887133 1.8673165676349102 13.006437234757549
      vertex 1.3152630961100258 1.899301352315598 13.004277569313095
    endloop
  endfacet
  facet normal -0.06540312923013618 -2.927614904809333e-16 0.9978589232386039
    outer loop
      vertex 1.25 1.25 13
      vertex 1.3152630961100258 1.899301352315598 13.004277569313095
      vertex 1.2840741737109318 1.9911809548974793 13.002233339337582
    endloop
  endfacet
  facet normal -0.06540312923016756 1.1563106939064498e-15 0.9978589232386019
    outer loop
      vertex 1.25 1.25 13
      vertex 1.2840741737109318 1.9911809548974793 13.002233339337582
      vertex 1.2585551386261895 2.1194738077799484 13.000560733410424
    endloop
  endfacet
  facet normal -0.06540312923005055 0 0.9978589232386096
    outer loop
      vertex 1.25 1.25 13
      vertex 1.2585551386261895 2.1194738077799484 13.000560733410424
      vertex 1.25 2.25 13
    endloop
  endfacet
  facet normal -0.32143946530317513 6.655604232687685e-19 0.946930129495101
    outer loop
      vertex 1.3794095225512604 1.25 13.017037086855465
      vertex 1.4413417161825448 1.25 13.038060233744357
      vertex 1.4413417161825448 1.6641440376698902 13.038060233744357
    endloop
  endfacet
  facet normal -0.5555702330196083 5.4578124613816605e-15 0.8314696123025413
    outer loop
      vertex 1.5 1.25 13.066987298107781
      vertex 1.5543807145043602 1.5328189554737959 13.103323329854382
      vertex 1.5428932188134525 1.5428932188134525 13.095647630630527
    endloop
  endfacet
  facet normal -0.6593458151000811 0 0.7518398074789666
    outer loop
      vertex 1.5543807145043602 1.25 13.103323329854382
      vertex 1.6035533905932737 1.489695675921452 13.146446609406727
      vertex 1.5543807145043602 1.5328189554737959 13.103323329854382
    endloop
  endfacet
  facet normal -0.5555702330195824 0 0.8314696123025584
    outer loop
      vertex 1.5 1.25 13.066987298107781
      vertex 1.5428932188134525 1.5428932188134525 13.095647630630527
      vertex 1.5 1.5918035609075558 13.066987298107781
    endloop
  endfacet
  facet normal -0.44228869021901174 1.6956854843239132e-15 0.8968727415326831
    outer loop
      vertex 1.4413417161825448 1.25 13.038060233744357
      vertex 1.5 1.5918035609075558 13.066987298107781
      vertex 1.4566466597087648 1.6412385709912793 13.04560779663998
    endloop
  endfacet
  facet normal -0.4422886902189768 0 0.8968727415327004
    outer loop
      vertex 1.4413417161825448 1.25 13.038060233744357
      vertex 1.4566466597087648 1.6412385709912793 13.04560779663998
      vertex 1.4413417161825448 1.6641440376698902 13.038060233744357
    endloop
  endfacet
  facet normal -0.7518398074789783 6.919319918464868e-16 0.6593458151000678
    outer loop
      vertex 1.6035533905932737 1.25 13.146446609406727
      vertex 1.6466766701456175 1.4530130380229491 13.19561928549564
      vertex 1.6412385709912793 1.4566466597087648 13.189418321862272
    endloop
  endfacet
  facet normal -0.7518398074789768 0 0.6593458151000695
    outer loop
      vertex 1.6035533905932737 1.25 13.146446609406727
      vertex 1.6412385709912793 1.4566466597087648 13.189418321862272
      vertex 1.6035533905932737 1.489695675921452 13.146446609406727
    endloop
  endfacet
  facet normal -0.8314696123025428 0 0.5555702330196057
    outer loop
      vertex 1.6466766701456175 1.25 13.19561928549564
      vertex 1.6830127018922192 1.4287340778231123 13.25
      vertex 1.6466766701456175 1.4530130380229491 13.19561928549564
    endloop
  endfacet
  facet normal -0.321439465303169 -1.0150423443544996e-15 0.9469301294951031
    outer loop
      vertex 1.3794095225512604 1.25 13.017037086855465
      vertex 1.4413417161825448 1.6641440376698902 13.038060233744357
      vertex 1.3839745962155614 1.75 13.018586720552838
    endloop
  endfacet
  facet normal -0.3214394653032687 0 0.9469301294950694
    outer loop
      vertex 1.3794095225512604 1.25 13.017037086855465
      vertex 1.3839745962155614 1.75 13.018586720552838
      vertex 1.3794095225512604 1.7592570536465064 13.017037086855465
    endloop
  endfacet
  facet normal -0.8314696123025428 0 -0.5555702330196057
    outer loop
      vertex 1.6466766701456175 1.25 13.80438071450436
      vertex 1.6466766701456175 1.4530130380229491 13.80438071450436
      vertex 1.6830127018922192 1.4287340778231123 13.75
    endloop
  endfacet
  facet normal -0.19509032201612297 1.270376172681195e-15 -0.9807852804032315
    outer loop
      vertex 1.3152630961100258 1.25 13.995722430686905
      vertex 1.3261204674887133 1.8673165676349102 13.993562765242451
      vertex 1.3794095225512604 1.25 13.982962913144535
    endloop
  endfacet
  facet normal -0.06540312923013908 -1.5881030216818001e-16 -0.9978589232386038
    outer loop
      vertex 1.25 1.25 14
      vertex 1.2840741737109318 1.9911809548974793 13.997766660662418
      vertex 1.3152630961100258 1.25 13.995722430686905
    endloop
  endfacet
  facet normal -0.19509032201613716 0 -0.9807852804032288
    outer loop
      vertex 1.3794095225512604 1.25 13.982962913144535
      vertex 1.3261204674887133 1.8673165676349102 13.993562765242451
      vertex 1.3794095225512604 1.7592570536465064 13.982962913144535
    endloop
  endfacet
  facet normal -0.19509032201605347 0 -0.9807852804032453
    outer loop
      vertex 1.3152630961100258 1.25 13.995722430686905
      vertex 1.3152630961100258 1.899301352315598 13.995722430686905
      vertex 1.3261204674887133 1.8673165676349102 13.993562765242451
    endloop
  endfacet
  facet normal -0.0654031292301353 0 -0.9978589232386039
    outer loop
      vertex 1.3152630961100258 1.25 13.995722430686905
      vertex 1.2840741737109318 1.9911809548974793 13.997766660662418
      vertex 1.3152630961100258 1.899301352315598 13.995722430686905
    endloop
  endfacet
  facet normal -0.06540312923016756 1.1562703741071448e-15 -0.9978589232386019
    outer loop
      vertex 1.25 1.25 14
      vertex 1.2585551386261895 2.1194738077799484 13.999439266589576
      vertex 1.2840741737109318 1.9911809548974793 13.997766660662418
    endloop
  endfacet
  facet normal -0.06540312923005055 0 -0.9978589232386096
    outer loop
      vertex 1.25 1.25 14
      vertex 1.25 2.25 14
      vertex 1.2585551386261895 2.1194738077799484 13.999439266589576
    endloop
  endfacet
  facet normal -0.7518398074789784 7.083533467267638e-16 -0.6593458151000678
    outer loop
      vertex 1.6035533905932737 1.25 13.853553390593273
      vertex 1.6412385709912793 1.4566466597087648 13.810581678137728
      vertex 1.6466766701456175 1.4530130380229491 13.80438071450436
    endloop
  endfacet
  facet normal -0.7518398074789768 0 -0.6593458151000695
    outer loop
      vertex 1.6035533905932737 1.25 13.853553390593273
      vertex 1.6035533905932737 1.489695675921452 13.853553390593273
      vertex 1.6412385709912793 1.4566466597087648 13.810581678137728
    endloop
  endfacet
  facet normal -0.6593458151000811 0 -0.7518398074789666
    outer loop
      vertex 1.6035533905932737 1.25 13.853553390593273
      vertex 1.5543807145043602 1.5328189554737959 13.896676670145618
      vertex 1.6035533905932737 1.489695675921452 13.853553390593273
    endloop
  endfacet
  facet normal -0.5555702330196114 0 -0.831469612302539
    outer loop
      vertex 1.5543807145043602 1.25 13.896676670145618
      vertex 1.5428932188134525 1.5428932188134525 13.904352369369473
      vertex 1.5543807145043602 1.5328189554737959 13.896676670145618
    endloop
  endfacet
  facet normal -0.5555702330195824 0 -0.8314696123025584
    outer loop
      vertex 1.5 1.25 13.933012701892219
      vertex 1.5 1.5918035609075558 13.933012701892219
      vertex 1.5428932188134525 1.5428932188134525 13.904352369369473
    endloop
  endfacet
  facet normal -0.44228869021901324 0 -0.8968727415326824
    outer loop
      vertex 1.5 1.25 13.933012701892219
      vertex 1.4566466597087648 1.6412385709912793 13.95439220336002
      vertex 1.5 1.5918035609075558 13.933012701892219
    endloop
  endfacet
  facet normal -0.32143946530317513 -9.523781310324137e-16 -0.9469301294951011
    outer loop
      vertex 1.4413417161825448 1.25 13.961939766255643
      vertex 1.3794095225512604 1.25 13.982962913144535
      vertex 1.3839745962155614 1.75 13.981413279447162
    endloop
  endfacet
  facet normal -0.44228869021900374 1.3069206585088734e-15 -0.896872741532687
    outer loop
      vertex 1.5 1.25 13.933012701892219
      vertex 1.4413417161825448 1.25 13.961939766255643
      vertex 1.4566466597087648 1.6412385709912793 13.95439220336002
    endloop
  endfacet
  facet normal -0.4422886902189768 0 -0.8968727415327004
    outer loop
      vertex 1.4413417161825448 1.25 13.961939766255643
      vertex 1.4413417161825448 1.6641440376698902 13.961939766255643
      vertex 1.4566466597087648 1.6412385709912793 13.95439220336002
    endloop
  endfacet
  facet normal -0.3214394653031677 0 -0.9469301294951036
    outer loop
      vertex 1.4413417161825448 1.25 13.961939766255643
      vertex 1.3839745962155614 1.75 13.981413279447162
      vertex 1.4413417161825448 1.6641440376698902 13.961939766255643
    endloop
  endfacet
  facet normal -0.3214394653032687 0 -0.9469301294950694
    outer loop
      vertex 1.3794095225512604 1.25 13.982962913144535
      vertex 1.3794095225512604 1.7592570536465064 13.982962913144535
      vertex 1.3839745962155614 1.75 13.981413279447162
    endloop
  endfacet
  facet normal 0.19509032201612297 0 0.9807852804032314
    outer loop
      vertex 1.1847369038899742 1.25 13.004277569313095
      vertex 1.1847369038899742 5.75 13.004277569313095
      vertex 1.1205904774487396 1.25 13.017037086855465
    endloop
  endfacet
  facet normal 0.06540312923013908 1.0908432909295754e-19 0.9978589232386038
    outer loop
      vertex 1.1847369038899742 1.25 13.004277569313095
      vertex 1.25 2.25 13
      vertex 1.25 5.75 13
    endloop
  endfacet
  facet normal 0.5555702330195879 0 0.8314696123025549
    outer loop
      vertex 1 1.25 13.066987298107781
      vertex 1 5.75 13.066987298107781
      vertex 0.9456192854956397 1.25 13.103323329854382
    endloop
  endfacet
  facet normal 0.659345815100082 0 0.751839807478966
    outer loop
      vertex 0.9456192854956397 1.25 13.103323329854382
      vertex 0.9456192854956397 5.75 13.103323329854382
      vertex 0.8964466094067263 1.25 13.146446609406727
    endloop
  endfacet
  facet normal 0.32143946530317513 -6.125286244573531e-20 0.946930129495101
    outer loop
      vertex 1.0586582838174552 1.25 13.038060233744357
      vertex 1.1205904774487396 1.25 13.017037086855465
      vertex 1.1205904774487396 5.75 13.017037086855465
    endloop
  endfacet
  facet normal 0.44228869021900374 -1.943469414409528e-19 0.8968727415326871
    outer loop
      vertex 1 1.25 13.066987298107781
      vertex 1.0586582838174552 1.25 13.038060233744357
      vertex 1.0586582838174552 5.75 13.038060233744357
    endloop
  endfacet
  facet normal 0.7518398074789762 5.035002595375912e-19 0.6593458151000703
    outer loop
      vertex 0.8964466094067263 1.25 13.146446609406727
      vertex 0.8533233298543824 5.75 13.19561928549564
      vertex 0.8533233298543824 1.25 13.19561928549564
    endloop
  endfacet
  facet normal 0.8314696123025428 -7.602870674185239e-20 0.5555702330196058
    outer loop
      vertex 0.8533233298543824 1.25 13.19561928549564
      vertex 0.8169872981077807 5.75 13.25
      vertex 0.8169872981077807 1.25 13.25
    endloop
  endfacet
  facet normal 0.8968727415326857 2.118600181080072e-19 0.44228869021900635
    outer loop
      vertex 0.8169872981077807 1.25 13.25
      vertex 0.7880602337443566 5.75 13.308658283817454
      vertex 0.7880602337443566 1.25 13.308658283817454
    endloop
  endfacet
  facet normal 0.9469301294951078 9.887113962180275e-20 0.3214394653031552
    outer loop
      vertex 0.7880602337443566 1.25 13.308658283817454
      vertex 0.7670370868554659 5.75 13.37059047744874
      vertex 0.7670370868554659 1.25 13.37059047744874
    endloop
  endfacet
  facet normal 0.9807852804032295 -3.5387029734699085e-20 0.19509032201613274
    outer loop
      vertex 0.7670370868554659 1.25 13.37059047744874
      vertex 0.7542775693130948 5.75 13.434736903889974
      vertex 0.7542775693130948 1.25 13.434736903889974
    endloop
  endfacet
  facet normal 0.9978589232386036 -7.732116490961074e-20 0.06540312923014178
    outer loop
      vertex 0.7542775693130948 1.25 13.434736903889974
      vertex 0.75 5.75 13.5
      vertex 0.75 1.25 13.5
    endloop
  endfacet
  facet normal 0.9978589232386036 7.732116490961074e-20 -0.06540312923014178
    outer loop
      vertex 0.75 1.25 13.5
      vertex 0.7542775693130948 5.75 13.565263096110026
      vertex 0.7542775693130948 1.25 13.565263096110026
    endloop
  endfacet
  facet normal 0.9807852804032295 3.5387029734699085e-20 -0.19509032201613274
    outer loop
      vertex 0.7542775693130948 1.25 13.565263096110026
      vertex 0.7670370868554659 5.75 13.62940952255126
      vertex 0.7670370868554659 1.25 13.62940952255126
    endloop
  endfacet
  facet normal 0.9469301294951078 -9.887113962180275e-20 -0.3214394653031552
    outer loop
      vertex 0.7670370868554659 1.25 13.62940952255126
      vertex 0.7880602337443566 5.75 13.691341716182546
      vertex 0.7880602337443566 1.25 13.691341716182546
    endloop
  endfacet
  facet normal 0.8968727415326857 -2.118600181080072e-19 -0.44228869021900635
    outer loop
      vertex 0.7880602337443566 1.25 13.691341716182546
      vertex 0.8169872981077807 5.75 13.75
      vertex 0.8169872981077807 1.25 13.75
    endloop
  endfacet
  facet normal 0.8314696123025428 7.602870674185239e-20 -0.5555702330196058
    outer loop
      vertex 0.8169872981077807 1.25 13.75
      vertex 0.8533233298543824 5.75 13.80438071450436
      vertex 0.8533233298543824 1.25 13.80438071450436
    endloop
  endfacet
  facet normal 0.7518398074789762 -5.035002595375912e-19 -0.6593458151000703
    outer loop
      vertex 0.8533233298543824 1.25 13.80438071450436
      vertex 0.8964466094067263 5.75 13.853553390593273
      vertex 0.8964466094067263 1.25 13.853553390593273
    endloop
  endfacet
  facet normal 0.659345815100082 0 -0.751839807478966
    outer loop
      vertex 0.8964466094067263 1.25 13.853553390593273
      vertex 0.8964466094067263 5.75 13.853553390593273
      vertex 0.9456192854956397 1.25 13.896676670145618
    endloop
  endfacet
  facet normal 0.5555702330195879 0 -0.8314696123025549
    outer loop
      vertex 0.9456192854956397 1.25 13.896676670145618
      vertex 0.9456192854956397 5.75 13.896676670145618
      vertex 1 1.25 13.933012701892219
    endloop
  endfacet
  facet normal 0.44228869021900374 0 -0.8968727415326871
    outer loop
      vertex 1 1.25 13.933012701892219
      vertex 1 5.75 13.933012701892219
      vertex 1.0586582838174552 1.25 13.961939766255643
    endloop
  endfacet
  facet normal 0.32143946530317513 0 -0.946930129495101
    outer loop
      vertex 1.0586582838174552 1.25 13.961939766255643
      vertex 1.0586582838174552 5.75 13.961939766255643
      vertex 1.1205904774487396 1.25 13.982962913144535
    endloop
  endfacet
  facet normal 0.19509032201612297 0 -0.9807852804032314
    outer loop
      vertex 1.1205904774487396 1.25 13.982962913144535
      vertex 1.1205904774487396 5.75 13.982962913144535
      vertex 1.1847369038899742 1.25 13.995722430686905
    endloop
  endfacet
  facet normal 0.06540312923013906 0 -0.9978589232386037
    outer loop
      vertex 1.1847369038899742 1.25 13.995722430686905
      vertex 1.1847369038899742 5.75 13.995722430686905
      vertex 1.25 1.25 14
    endloop
  endfacet
  facet normal 0.06540312923013908 0 -0.9978589232386039
    outer loop
      vertex 1.25 1.25 14
      vertex 1.1847369038899742 5.75 13.995722430686905
      vertex 1.25 2.25 14
    endloop
  endfacet
  facet normal 0.19509032201612297 0 0.9807852804032314
    outer loop
      vertex 1.1205904774487396 1.25 13.017037086855465
      vertex 1.1847369038899742 5.75 13.004277569313095
      vertex 1.1205904774487396 5.75 13.017037086855465
    endloop
  endfacet
  facet normal 0.06540312923013906 0 0.9978589232386037
    outer loop
      vertex 1.1847369038899742 1.25 13.004277569313095
      vertex 1.25 5.75 13
      vertex 1.1847369038899742 5.75 13.004277569313095
    endloop
  endfacet
  facet normal 0.44228869021900374 0 0.8968727415326871
    outer loop
      vertex 1 1.25 13.066987298107781
      vertex 1.0586582838174552 5.75 13.038060233744357
      vertex 1 5.75 13.066987298107781
    endloop
  endfacet
  facet normal 0.5555702330195879 0 0.8314696123025549
    outer loop
      vertex 0.9456192854956397 1.25 13.103323329854382
      vertex 1 5.75 13.066987298107781
      vertex 0.9456192854956397 5.75 13.103323329854382
    endloop
  endfacet
  facet normal 0.659345815100082 0 0.751839807478966
    outer loop
      vertex 0.8964466094067263 1.25 13.146446609406727
      vertex 0.9456192854956397 5.75 13.103323329854382
      vertex 0.8964466094067263 5.75 13.146446609406727
    endloop
  endfacet
  facet normal 0.32143946530317513 0 0.946930129495101
    outer loop
      vertex 1.0586582838174552 1.25 13.038060233744357
      vertex 1.1205904774487396 5.75 13.017037086855465
      vertex 1.0586582838174552 5.75 13.038060233744357
    endloop
  endfacet
  facet normal 0.8314696123025428 0 0.5555702330196058
    outer loop
      vertex 0.8533233298543824 1.25 13.19561928549564
      vertex 0.8533233298543824 5.75 13.19561928549564
      vertex 0.8169872981077807 5.75 13.25
    endloop
  endfacet
  facet normal 0.7518398074789762 0 0.6593458151000703
    outer loop
      vertex 0.8964466094067263 1.25 13.146446609406727
      vertex 0.8964466094067263 5.75 13.146446609406727
      vertex 0.8533233298543824 5.75 13.19561928549564
    endloop
  endfacet
  facet normal 0.8968727415326857 0 0.44228869021900635
    outer loop
      vertex 0.8169872981077807 1.25 13.25
      vertex 0.8169872981077807 5.75 13.25
      vertex 0.7880602337443566 5.75 13.308658283817454
    endloop
  endfacet
  facet normal 0.9469301294951078 0 0.3214394653031552
    outer loop
      vertex 0.7880602337443566 1.25 13.308658283817454
      vertex 0.7880602337443566 5.75 13.308658283817454
      vertex 0.7670370868554659 5.75 13.37059047744874
    endloop
  endfacet
  facet normal 0.9807852804032295 0 0.19509032201613274
    outer loop
      vertex 0.7670370868554659 1.25 13.37059047744874
      vertex 0.7670370868554659 5.75 13.37059047744874
      vertex 0.7542775693130948 5.75 13.434736903889974
    endloop
  endfacet
  facet normal 0.9978589232386036 0 0.06540312923014178
    outer loop
      vertex 0.7542775693130948 1.25 13.434736903889974
      vertex 0.7542775693130948 5.75 13.434736903889974
      vertex 0.75 5.75 13.5
    endloop
  endfacet
  facet normal 0.9978589232386036 0 -0.06540312923014178
    outer loop
      vertex 0.75 1.25 13.5
      vertex 0.75 5.75 13.5
      vertex 0.7542775693130948 5.75 13.565263096110026
    endloop
  endfacet
  facet normal 0.9807852804032295 0 -0.19509032201613274
    outer loop
      vertex 0.7542775693130948 1.25 13.565263096110026
      vertex 0.7542775693130948 5.75 13.565263096110026
      vertex 0.7670370868554659 5.75 13.62940952255126
    endloop
  endfacet
  facet normal 0.9469301294951078 0 -0.3214394653031552
    outer loop
      vertex 0.7670370868554659 1.25 13.62940952255126
      vertex 0.7670370868554659 5.75 13.62940952255126
      vertex 0.7880602337443566 5.75 13.691341716182546
    endloop
  endfacet
  facet normal 0.8968727415326857 0 -0.44228869021900635
    outer loop
      vertex 0.7880602337443566 1.25 13.691341716182546
      vertex 0.7880602337443566 5.75 13.691341716182546
      vertex 0.8169872981077807 5.75 13.75
    endloop
  endfacet
  facet normal 0.8314696123025428 0 -0.5555702330196058
    outer loop
      vertex 0.8169872981077807 1.25 13.75
      vertex 0.8169872981077807 5.75 13.75
      vertex 0.8533233298543824 5.75 13.80438071450436
    endloop
  endfacet
  facet normal 0.7518398074789762 0 -0.6593458151000703
    outer loop
      vertex 0.8533233298543824 1.25 13.80438071450436
      vertex 0.8533233298543824 5.75 13.80438071450436
      vertex 0.8964466094067263 5.75 13.853553390593273
    endloop
  endfacet
  facet normal 0.659345815100082 0 -0.751839807478966
    outer loop
      vertex 0.9456192854956397 1.25 13.896676670145618
      vertex 0.8964466094067263 5.75 13.853553390593273
      vertex 0.9456192854956397 5.75 13.896676670145618
    endloop
  endfacet
  facet normal 0.5555702330195879 0 -0.8314696123025549
    outer loop
      vertex 1 1.25 13.933012701892219
      vertex 0.9456192854956397 5.75 13.896676670145618
      vertex 1 5.75 13.933012701892219
    endloop
  endfacet
  facet normal 0.44228869021900374 0 -0.8968727415326871
    outer loop
      vertex 1.0586582838174552 1.25 13.961939766255643
      vertex 1 5.75 13.933012701892219
      vertex 1.0586582838174552 5.75 13.961939766255643
    endloop
  endfacet
  facet normal 0.32143946530317513 0 -0.946930129495101
    outer loop
      vertex 1.1205904774487396 1.25 13.982962913144535
      vertex 1.0586582838174552 5.75 13.961939766255643
      vertex 1.1205904774487396 5.75 13.982962913144535
    endloop
  endfacet
  facet normal 0.19509032201612297 0 -0.9807852804032314
    outer loop
      vertex 1.1847369038899742 1.25 13.995722430686905
      vertex 1.1205904774487396 5.75 13.982962913144535
      vertex 1.1847369038899742 5.75 13.995722430686905
    endloop
  endfacet
  facet normal 0.06540312923013908 0 -0.9978589232386038
    outer loop
      vertex 1.25 2.25 14
      vertex 1.1847369038899742 5.75 13.995722430686905
      vertex 1.25 5.75 14
    endloop
  endfacet
  facet normal 0.06540312923013908 1.0908432909295754e-19 0.9978589232386038
    outer loop
      vertex 1.1847369038899742 16.25 13.004277569313095
      vertex 1.25 16.25 13
      vertex 1.25 19.75 13
    endloop
  endfacet
  facet normal 0.19509032201612297 0 0.9807852804032314
    outer loop
      vertex 1.1847369038899742 16.25 13.004277569313095
      vertex 1.1847369038899742 20.75 13.004277569313095
      vertex 1.1205904774487396 16.25 13.017037086855465
    endloop
  endfacet
  facet normal 0.5555702330195879 0 0.8314696123025549
    outer loop
      vertex 1 16.25 13.066987298107781
      vertex 1 20.75 13.066987298107781
      vertex 0.9456192854956397 16.25 13.103323329854382
    endloop
  endfacet
  facet normal 0.659345815100082 0 0.751839807478966
    outer loop
      vertex 0.9456192854956397 16.25 13.103323329854382
      vertex 0.9456192854956397 20.75 13.103323329854382
      vertex 0.8964466094067263 16.25 13.146446609406727
    endloop
  endfacet
  facet normal 0.32143946530317513 -6.125286244573531e-20 0.946930129495101
    outer loop
      vertex 1.0586582838174552 16.25 13.038060233744357
      vertex 1.1205904774487396 16.25 13.017037086855465
      vertex 1.1205904774487396 20.75 13.017037086855465
    endloop
  endfacet
  facet normal 0.44228869021900374 -1.943469414409528e-19 0.8968727415326871
    outer loop
      vertex 1 16.25 13.066987298107781
      vertex 1.0586582838174552 16.25 13.038060233744357
      vertex 1.0586582838174552 20.75 13.038060233744357
    endloop
  endfacet
  facet normal 0.7518398074789762 5.035002595375912e-19 0.6593458151000703
    outer loop
      vertex 0.8964466094067263 16.25 13.146446609406727
      vertex 0.8533233298543824 20.75 13.19561928549564
      vertex 0.8533233298543824 16.25 13.19561928549564
    endloop
  endfacet
  facet normal 0.8314696123025428 -7.602870674185239e-20 0.5555702330196058
    outer loop
      vertex 0.8533233298543824 16.25 13.19561928549564
      vertex 0.8169872981077807 20.75 13.25
      vertex 0.8169872981077807 16.25 13.25
    endloop
  endfacet
  facet normal 0.8968727415326857 2.118600181080072e-19 0.44228869021900635
    outer loop
      vertex 0.8169872981077807 16.25 13.25
      vertex 0.7880602337443566 20.75 13.308658283817454
      vertex 0.7880602337443566 16.25 13.308658283817454
    endloop
  endfacet
  facet normal 0.9469301294951078 9.887113962180275e-20 0.3214394653031552
    outer loop
      vertex 0.7880602337443566 16.25 13.308658283817454
      vertex 0.7670370868554659 20.75 13.37059047744874
      vertex 0.7670370868554659 16.25 13.37059047744874
    endloop
  endfacet
  facet normal 0.9807852804032295 -3.5387029734699085e-20 0.19509032201613274
    outer loop
      vertex 0.7670370868554659 16.25 13.37059047744874
      vertex 0.7542775693130948 20.75 13.434736903889974
      vertex 0.7542775693130948 16.25 13.434736903889974
    endloop
  endfacet
  facet normal 0.9978589232386036 -7.732116490961074e-20 0.06540312923014178
    outer loop
      vertex 0.7542775693130948 16.25 13.434736903889974
      vertex 0.75 20.75 13.5
      vertex 0.75 16.25 13.5
    endloop
  endfacet
  facet normal 0.9978589232386036 7.732116490961074e-20 -0.06540312923014178
    outer loop
      vertex 0.75 16.25 13.5
      vertex 0.7542775693130948 20.75 13.565263096110026
      vertex 0.7542775693130948 16.25 13.565263096110026
    endloop
  endfacet
  facet normal 0.9807852804032295 3.5387029734699085e-20 -0.19509032201613274
    outer loop
      vertex 0.7542775693130948 16.25 13.565263096110026
      vertex 0.7670370868554659 20.75 13.62940952255126
      vertex 0.7670370868554659 16.25 13.62940952255126
    endloop
  endfacet
  facet normal 0.9469301294951078 -9.887113962180275e-20 -0.3214394653031552
    outer loop
      vertex 0.7670370868554659 16.25 13.62940952255126
      vertex 0.7880602337443566 20.75 13.691341716182546
      vertex 0.7880602337443566 16.25 13.691341716182546
    endloop
  endfacet
  facet normal 0.8968727415326857 -2.118600181080072e-19 -0.44228869021900635
    outer loop
      vertex 0.7880602337443566 16.25 13.691341716182546
      vertex 0.8169872981077807 20.75 13.75
      vertex 0.8169872981077807 16.25 13.75
    endloop
  endfacet
  facet normal 0.8314696123025428 7.602870674185239e-20 -0.5555702330196058
    outer loop
      vertex 0.8169872981077807 16.25 13.75
      vertex 0.8533233298543824 20.75 13.80438071450436
      vertex 0.8533233298543824 16.25 13.80438071450436
    endloop
  endfacet
  facet normal 0.7518398074789762 -5.035002595375912e-19 -0.6593458151000703
    outer loop
      vertex 0.8533233298543824 16.25 13.80438071450436
      vertex 0.8964466094067263 20.75 13.853553390593273
      vertex 0.8964466094067263 16.25 13.853553390593273
    endloop
  endfacet
  facet normal 0.659345815100082 0 -0.751839807478966
    outer loop
      vertex 0.8964466094067263 16.25 13.853553390593273
      vertex 0.8964466094067263 20.75 13.853553390593273
      vertex 0.9456192854956397 16.25 13.896676670145618
    endloop
  endfacet
  facet normal 0.5555702330195879 0 -0.8314696123025549
    outer loop
      vertex 0.9456192854956397 16.25 13.896676670145618
      vertex 0.9456192854956397 20.75 13.896676670145618
      vertex 1 16.25 13.933012701892219
    endloop
  endfacet
  facet normal 0.44228869021900374 0 -0.8968727415326871
    outer loop
      vertex 1 16.25 13.933012701892219
      vertex 1 20.75 13.933012701892219
      vertex 1.0586582838174552 16.25 13.961939766255643
    endloop
  endfacet
  facet normal 0.32143946530317513 0 -0.946930129495101
    outer loop
      vertex 1.0586582838174552 16.25 13.961939766255643
      vertex 1.0586582838174552 20.75 13.961939766255643
      vertex 1.1205904774487396 16.25 13.982962913144535
    endloop
  endfacet
  facet normal 0.19509032201612297 0 -0.9807852804032314
    outer loop
      vertex 1.1205904774487396 16.25 13.982962913144535
      vertex 1.1205904774487396 20.75 13.982962913144535
      vertex 1.1847369038899742 16.25 13.995722430686905
    endloop
  endfacet
  facet normal 0.06540312923013906 0 -0.9978589232386037
    outer loop
      vertex 1.1847369038899742 16.25 13.995722430686905
      vertex 1.1847369038899742 20.75 13.995722430686905
      vertex 1.25 16.25 14
    endloop
  endfacet
  facet normal 0.06540312923013908 3.8179515182535137e-19 0.9978589232386039
    outer loop
      vertex 1.1847369038899742 16.25 13.004277569313095
      vertex 1.25 19.75 13
      vertex 1.25 20.75 13
    endloop
  endfacet
  facet normal 0.06540312923013908 0 -0.9978589232386038
    outer loop
      vertex 1.25 16.25 14
      vertex 1.1847369038899742 20.75 13.995722430686905
      vertex 1.25 19.75 14
    endloop
  endfacet
  facet normal 0.19509032201612297 0 0.9807852804032314
    outer loop
      vertex 1.1205904774487396 16.25 13.017037086855465
      vertex 1.1847369038899742 20.75 13.004277569313095
      vertex 1.1205904774487396 20.75 13.017037086855465
    endloop
  endfacet
  facet normal 0.06540312923013906 0 0.9978589232386037
    outer loop
      vertex 1.1847369038899742 16.25 13.004277569313095
      vertex 1.25 20.75 13
      vertex 1.1847369038899742 20.75 13.004277569313095
    endloop
  endfacet
  facet normal 0.44228869021900374 0 0.8968727415326871
    outer loop
      vertex 1 16.25 13.066987298107781
      vertex 1.0586582838174552 20.75 13.038060233744357
      vertex 1 20.75 13.066987298107781
    endloop
  endfacet
  facet normal 0.5555702330195879 0 0.8314696123025549
    outer loop
      vertex 0.9456192854956397 16.25 13.103323329854382
      vertex 1 20.75 13.066987298107781
      vertex 0.9456192854956397 20.75 13.103323329854382
    endloop
  endfacet
  facet normal 0.659345815100082 0 0.751839807478966
    outer loop
      vertex 0.8964466094067263 16.25 13.146446609406727
      vertex 0.9456192854956397 20.75 13.103323329854382
      vertex 0.8964466094067263 20.75 13.146446609406727
    endloop
  endfacet
  facet normal 0.32143946530317513 0 0.946930129495101
    outer loop
      vertex 1.0586582838174552 16.25 13.038060233744357
      vertex 1.1205904774487396 20.75 13.017037086855465
      vertex 1.0586582838174552 20.75 13.038060233744357
    endloop
  endfacet
  facet normal 0.8314696123025428 0 0.5555702330196058
    outer loop
      vertex 0.8533233298543824 16.25 13.19561928549564
      vertex 0.8533233298543824 20.75 13.19561928549564
      vertex 0.8169872981077807 20.75 13.25
    endloop
  endfacet
  facet normal 0.7518398074789762 0 0.6593458151000703
    outer loop
      vertex 0.8964466094067263 16.25 13.146446609406727
      vertex 0.8964466094067263 20.75 13.146446609406727
      vertex 0.8533233298543824 20.75 13.19561928549564
    endloop
  endfacet
  facet normal 0.8968727415326857 0 0.44228869021900635
    outer loop
      vertex 0.8169872981077807 16.25 13.25
      vertex 0.8169872981077807 20.75 13.25
      vertex 0.7880602337443566 20.75 13.308658283817454
    endloop
  endfacet
  facet normal 0.9469301294951078 0 0.3214394653031552
    outer loop
      vertex 0.7880602337443566 16.25 13.308658283817454
      vertex 0.7880602337443566 20.75 13.308658283817454
      vertex 0.7670370868554659 20.75 13.37059047744874
    endloop
  endfacet
  facet normal 0.9807852804032295 0 0.19509032201613274
    outer loop
      vertex 0.7670370868554659 16.25 13.37059047744874
      vertex 0.7670370868554659 20.75 13.37059047744874
      vertex 0.7542775693130948 20.75 13.434736903889974
    endloop
  endfacet
  facet normal 0.9978589232386036 0 0.06540312923014178
    outer loop
      vertex 0.7542775693130948 16.25 13.434736903889974
      vertex 0.7542775693130948 20.75 13.434736903889974
      vertex 0.75 20.75 13.5
    endloop
  endfacet
  facet normal 0.9978589232386036 0 -0.06540312923014178
    outer loop
      vertex 0.75 16.25 13.5
      vertex 0.75 20.75 13.5
      vertex 0.7542775693130948 20.75 13.565263096110026
    endloop
  endfacet
  facet normal 0.9807852804032295 0 -0.19509032201613274
    outer loop
      vertex 0.7542775693130948 16.25 13.565263096110026
      vertex 0.7542775693130948 20.75 13.565263096110026
      vertex 0.7670370868554659 20.75 13.62940952255126
    endloop
  endfacet
  facet normal 0.9469301294951078 0 -0.3214394653031552
    outer loop
      vertex 0.7670370868554659 16.25 13.62940952255126
      vertex 0.7670370868554659 20.75 13.62940952255126
      vertex 0.7880602337443566 20.75 13.691341716182546
    endloop
  endfacet
  facet normal 0.8968727415326857 0 -0.44228869021900635
    outer loop
      vertex 0.7880602337443566 16.25 13.691341716182546
      vertex 0.7880602337443566 20.75 13.691341716182546
      vertex 0.8169872981077807 20.75 13.75
    endloop
  endfacet
  facet normal 0.8314696123025428 0 -0.5555702330196058
    outer loop
      vertex 0.8169872981077807 16.25 13.75
      vertex 0.8169872981077807 20.75 13.75
      vertex 0.8533233298543824 20.75 13.80438071450436
    endloop
  endfacet
  facet normal -0.06540312923005055 0 0.9978589232386096
    outer loop
      vertex 1.25 19.75 13
      vertex 1.2585551386261895 19.880526192220053 13.000560733410424
      vertex 1.25 20.75 13
    endloop
  endfacet
  facet normal -0.06540312923016756 -1.1562598834631725e-15 0.9978589232386019
    outer loop
      vertex 1.2585551386261895 19.880526192220053 13.000560733410424
      vertex 1.2840741737109318 20.00881904510252 13.002233339337582
      vertex 1.25 20.75 13
    endloop
  endfacet
  facet normal -0.0654031292301353 -1.08112847424733e-19 0.9978589232386039
    outer loop
      vertex 1.2840741737109318 20.00881904510252 13.002233339337582
      vertex 1.3152630961100258 20.100698647684403 13.004277569313095
      vertex 1.3152630961100258 20.75 13.004277569313095
    endloop
  endfacet
  facet normal -0.1950903220160535 0 0.9807852804032453
    outer loop
      vertex 1.3152630961100258 20.100698647684403 13.004277569313095
      vertex 1.3261204674887133 20.13268343236509 13.006437234757549
      vertex 1.3152630961100258 20.75 13.004277569313095
    endloop
  endfacet
  facet normal -0.1950903220161371 -1.9023757882353295e-18 0.9807852804032287
    outer loop
      vertex 1.3261204674887133 20.13268343236509 13.006437234757549
      vertex 1.3794095225512604 20.240742946353492 13.017037086855465
      vertex 1.3794095225512604 20.75 13.017037086855465
    endloop
  endfacet
  facet normal -0.06540312923013906 1.5900058320183408e-16 0.9978589232386038
    outer loop
      vertex 1.2840741737109318 20.00881904510252 13.002233339337582
      vertex 1.3152630961100258 20.75 13.004277569313095
      vertex 1.25 20.75 13
    endloop
  endfacet
  facet normal -0.19509032201612295 -1.2703634309612615e-15 0.9807852804032314
    outer loop
      vertex 1.3261204674887133 20.13268343236509 13.006437234757549
      vertex 1.3794095225512604 20.75 13.017037086855465
      vertex 1.3152630961100258 20.75 13.004277569313095
    endloop
  endfacet
  facet normal -0.3214394653032688 0 0.9469301294950693
    outer loop
      vertex 1.3794095225512604 20.240742946353492 13.017037086855465
      vertex 1.3839745962155614 20.25 13.018586720552838
      vertex 1.3794095225512604 20.75 13.017037086855465
    endloop
  endfacet
  facet normal -0.3214394653031677 2.422263850526241e-18 0.9469301294951036
    outer loop
      vertex 1.3839745962155614 20.25 13.018586720552838
      vertex 1.4413417161825448 20.335855962330108 13.038060233744357
      vertex 1.4413417161825448 20.75 13.038060233744357
    endloop
  endfacet
  facet normal -0.4422886902189768 0 0.8968727415327004
    outer loop
      vertex 1.4413417161825448 20.335855962330108 13.038060233744357
      vertex 1.4566466597087648 20.35876142900872 13.04560779663998
      vertex 1.4413417161825448 20.75 13.038060233744357
    endloop
  endfacet
  facet normal -0.44228869021901335 1.7901094504900413e-18 0.8968727415326825
    outer loop
      vertex 1.4566466597087648 20.35876142900872 13.04560779663998
      vertex 1.5 20.408196439092443 13.066987298107781
      vertex 1.5 20.75 13.066987298107781
    endloop
  endfacet
  facet normal -0.5555702330195824 0 0.8314696123025583
    outer loop
      vertex 1.5 20.408196439092443 13.066987298107781
      vertex 1.5428932188134525 20.457106781186546 13.095647630630527
      vertex 1.5 20.75 13.066987298107781
    endloop
  endfacet
  facet normal -0.32143946530317513 9.534104914482228e-16 0.9469301294951011
    outer loop
      vertex 1.3839745962155614 20.25 13.018586720552838
      vertex 1.4413417161825448 20.75 13.038060233744357
      vertex 1.3794095225512604 20.75 13.017037086855465
    endloop
  endfacet
  facet normal -0.44228869021900374 -1.3086942754611213e-15 0.896872741532687
    outer loop
      vertex 1.4566466597087648 20.35876142900872 13.04560779663998
      vertex 1.5 20.75 13.066987298107781
      vertex 1.4413417161825448 20.75 13.038060233744357
    endloop
  endfacet
  facet normal -0.5555702330196114 -1.2107460385208092e-18 0.8314696123025389
    outer loop
      vertex 1.5428932188134525 20.457106781186546 13.095647630630527
      vertex 1.5543807145043602 20.467181044526203 13.103323329854382
      vertex 1.5543807145043602 20.75 13.103323329854382
    endloop
  endfacet
  facet normal -0.6593458151000811 1.0625345600857542e-17 0.7518398074789666
    outer loop
      vertex 1.5543807145043602 20.467181044526203 13.103323329854382
      vertex 1.6035533905932737 20.51030432407855 13.146446609406727
      vertex 1.6035533905932737 20.75 13.146446609406727
    endloop
  endfacet
  facet normal -0.7518398074789767 0 0.6593458151000696
    outer loop
      vertex 1.6035533905932737 20.51030432407855 13.146446609406727
      vertex 1.6412385709912793 20.543353340291237 13.189418321862272
      vertex 1.6035533905932737 20.75 13.146446609406727
    endloop
  endfacet
  facet normal -0.7518398074789784 -7.128583099806484e-16 0.6593458151000676
    outer loop
      vertex 1.6412385709912793 20.543353340291237 13.189418321862272
      vertex 1.6466766701456175 20.54698696197705 13.19561928549564
      vertex 1.6035533905932737 20.75 13.146446609406727
    endloop
  endfacet
  facet normal -0.8314696123025428 0 0.5555702330196057
    outer loop
      vertex 1.6466766701456175 20.54698696197705 13.19561928549564
      vertex 1.6830127018922192 20.571265922176888 13.25
      vertex 1.6466766701456175 20.75 13.19561928549564
    endloop
  endfacet
  facet normal -0.8314696123025428 -1.6852571818547993e-18 -0.5555702330196057
    outer loop
      vertex 1.6830127018922192 20.571265922176888 13.75
      vertex 1.6466766701456175 20.54698696197705 13.80438071450436
      vertex 1.6466766701456175 20.75 13.80438071450436
    endloop
  endfacet
  facet normal 0.7518398074789762 0 -0.6593458151000703
    outer loop
      vertex 0.8533233298543824 16.25 13.80438071450436
      vertex 0.8533233298543824 20.75 13.80438071450436
      vertex 0.8964466094067263 20.75 13.853553390593273
    endloop
  endfacet
  facet normal 0.659345815100082 0 -0.751839807478966
    outer loop
      vertex 0.9456192854956397 16.25 13.896676670145618
      vertex 0.8964466094067263 20.75 13.853553390593273
      vertex 0.9456192854956397 20.75 13.896676670145618
    endloop
  endfacet
  facet normal 0.5555702330195879 0 -0.8314696123025549
    outer loop
      vertex 1 16.25 13.933012701892219
      vertex 0.9456192854956397 20.75 13.896676670145618
      vertex 1 20.75 13.933012701892219
    endloop
  endfacet
  facet normal 0.44228869021900374 0 -0.8968727415326871
    outer loop
      vertex 1.0586582838174552 16.25 13.961939766255643
      vertex 1 20.75 13.933012701892219
      vertex 1.0586582838174552 20.75 13.961939766255643
    endloop
  endfacet
  facet normal 0.32143946530317513 0 -0.946930129495101
    outer loop
      vertex 1.1205904774487396 16.25 13.982962913144535
      vertex 1.0586582838174552 20.75 13.961939766255643
      vertex 1.1205904774487396 20.75 13.982962913144535
    endloop
  endfacet
  facet normal 0.19509032201612297 0 -0.9807852804032314
    outer loop
      vertex 1.1847369038899742 16.25 13.995722430686905
      vertex 1.1205904774487396 20.75 13.982962913144535
      vertex 1.1847369038899742 20.75 13.995722430686905
    endloop
  endfacet
  facet normal -0.06540312923005055 0 -0.9978589232386096
    outer loop
      vertex 1.25 19.75 14
      vertex 1.25 20.75 14
      vertex 1.2585551386261895 19.880526192220053 13.999439266589576
    endloop
  endfacet
  facet normal -0.06540312923016756 -1.1562485889626574e-15 -0.9978589232386019
    outer loop
      vertex 1.2585551386261895 19.880526192220053 13.999439266589576
      vertex 1.25 20.75 14
      vertex 1.2840741737109318 20.00881904510252 13.997766660662418
    endloop
  endfacet
  facet normal -0.06540312923013616 2.9292605108604126e-16 -0.9978589232386039
    outer loop
      vertex 1.2840741737109318 20.00881904510252 13.997766660662418
      vertex 1.25 20.75 14
      vertex 1.3152630961100258 20.100698647684403 13.995722430686905
    endloop
  endfacet
  facet normal -0.1950903220160535 0 -0.9807852804032453
    outer loop
      vertex 1.3152630961100258 20.100698647684403 13.995722430686905
      vertex 1.3152630961100258 20.75 13.995722430686905
      vertex 1.3261204674887133 20.13268343236509 13.993562765242451
    endloop
  endfacet
  facet normal -0.19509032201613427 -1.4767644020734063e-15 -0.9807852804032292
    outer loop
      vertex 1.3261204674887133 20.13268343236509 13.993562765242451
      vertex 1.3152630961100258 20.75 13.995722430686905
      vertex 1.3794095225512604 20.240742946353492 13.982962913144535
    endloop
  endfacet
  facet normal 0.06540312923013908 0 -0.9978589232386039
    outer loop
      vertex 1.25 19.75 14
      vertex 1.1847369038899742 20.75 13.995722430686905
      vertex 1.25 20.75 14
    endloop
  endfacet
  facet normal -0.06540312923013906 0 -0.9978589232386037
    outer loop
      vertex 1.3152630961100258 20.100698647684403 13.995722430686905
      vertex 1.25 20.75 14
      vertex 1.3152630961100258 20.75 13.995722430686905
    endloop
  endfacet
  facet normal -0.19509032201612297 0 -0.9807852804032315
    outer loop
      vertex 1.3794095225512604 20.240742946353492 13.982962913144535
      vertex 1.3152630961100258 20.75 13.995722430686905
      vertex 1.3794095225512604 20.75 13.982962913144535
    endloop
  endfacet
  facet normal -0.321439465303169 1.0154156927904884e-15 -0.9469301294951031
    outer loop
      vertex 1.3839745962155614 20.25 13.981413279447162
      vertex 1.3794095225512604 20.75 13.982962913144535
      vertex 1.4413417161825448 20.335855962330108 13.961939766255643
    endloop
  endfacet
  facet normal -0.3214394653032688 0 -0.9469301294950693
    outer loop
      vertex 1.3794095225512604 20.240742946353492 13.982962913144535
      vertex 1.3794095225512604 20.75 13.982962913144535
      vertex 1.3839745962155614 20.25 13.981413279447162
    endloop
  endfacet
  facet normal -0.5555702330195824 0 -0.8314696123025583
    outer loop
      vertex 1.5 20.408196439092443 13.933012701892219
      vertex 1.5 20.75 13.933012701892219
      vertex 1.5428932188134525 20.457106781186546 13.904352369369473
    endloop
  endfacet
  facet normal -0.7518398074789767 -6.97181601415695e-18 -0.6593458151000696
    outer loop
      vertex 1.6412385709912793 20.543353340291237 13.810581678137728
      vertex 1.6035533905932737 20.51030432407855 13.853553390593273
      vertex 1.6035533905932737 20.75 13.853553390593273
    endloop
  endfacet
  facet normal -0.7518398074789784 -7.242527458446799e-16 -0.6593458151000676
    outer loop
      vertex 1.6466766701456175 20.54698696197705 13.80438071450436
      vertex 1.6412385709912793 20.543353340291237 13.810581678137728
      vertex 1.6035533905932737 20.75 13.853553390593273
    endloop
  endfacet
  facet normal -0.5555702330196082 -5.437578469018312e-15 -0.8314696123025413
    outer loop
      vertex 1.5428932188134525 20.457106781186546 13.904352369369473
      vertex 1.5 20.75 13.933012701892219
      vertex 1.5543807145043602 20.467181044526203 13.896676670145618
    endloop
  endfacet
  facet normal -0.6593458151000811 -9.00522877411064e-18 -0.7518398074789667
    outer loop
      vertex 1.6035533905932737 20.51030432407855 13.853553390593273
      vertex 1.5543807145043602 20.467181044526203 13.896676670145618
      vertex 1.5543807145043602 20.75 13.896676670145618
    endloop
  endfacet
  facet normal -0.4422886902189768 0 -0.8968727415327004
    outer loop
      vertex 1.4413417161825448 20.335855962330108 13.961939766255643
      vertex 1.4413417161825448 20.75 13.961939766255643
      vertex 1.4566466597087648 20.35876142900872 13.95439220336002
    endloop
  endfacet
  facet normal -0.44228869021901174 -1.6938404788565122e-15 -0.8968727415326833
    outer loop
      vertex 1.5 20.408196439092443 13.933012701892219
      vertex 1.4566466597087648 20.35876142900872 13.95439220336002
      vertex 1.4413417161825448 20.75 13.961939766255643
    endloop
  endfacet
  facet normal -0.32143946530317513 0 -0.9469301294951011
    outer loop
      vertex 1.4413417161825448 20.335855962330108 13.961939766255643
      vertex 1.3794095225512604 20.75 13.982962913144535
      vertex 1.4413417161825448 20.75 13.961939766255643
    endloop
  endfacet
  facet normal 0 -1 0
    outer loop
      vertex 1.1847369038899742 20.75 13.004277569313095
      vertex 1.3152630961100258 20.75 13.004277569313095
      vertex 1.1205904774487396 20.75 13.017037086855465
    endloop
  endfacet
  facet normal 0 -1 0
    outer loop
      vertex 1.1847369038899742 20.75 13.004277569313095
      vertex 1.25 20.75 13
      vertex 1.3152630961100258 20.75 13.004277569313095
    endloop
  endfacet
  facet normal 0 -1 0
    outer loop
      vertex 1.3152630961100258 20.75 13.004277569313095
      vertex 1.3794095225512604 20.75 13.017037086855465
      vertex 1.1205904774487396 20.75 13.017037086855465
    endloop
  endfacet
  facet normal 0 -1 0
    outer loop
      vertex 1.0586582838174552 20.75 13.038060233744357
      vertex 1.1205904774487396 20.75 13.017037086855465
      vertex 1.3794095225512604 20.75 13.017037086855465
    endloop
  endfacet
  facet normal 0 -1 0
    outer loop
      vertex 1 20.75 13.066987298107781
      vertex 1.0586582838174552 20.75 13.038060233744357
      vertex 1.4413417161825448 20.75 13.038060233744357
    endloop
  endfacet
  facet normal 0 -1 0
    outer loop
      vertex 1 20.75 13.066987298107781
      vertex 1.5 20.75 13.066987298107781
      vertex 0.9456192854956397 20.75 13.103323329854382
    endloop
  endfacet
  facet normal 0 -1 0
    outer loop
      vertex 1.0586582838174552 20.75 13.038060233744357
      vertex 1.3794095225512604 20.75 13.017037086855465
      vertex 1.4413417161825448 20.75 13.038060233744357
    endloop
  endfacet
  facet normal 0 -1 0
    outer loop
      vertex 1 20.75 13.066987298107781
      vertex 1.4413417161825448 20.75 13.038060233744357
      vertex 1.5 20.75 13.066987298107781
    endloop
  endfacet
  facet normal 0 -1 0
    outer loop
      vertex 0.9456192854956397 20.75 13.103323329854382
      vertex 1.5543807145043602 20.75 13.103323329854382
      vertex 0.8964466094067263 20.75 13.146446609406727
    endloop
  endfacet
  facet normal 0 -1 0
    outer loop
      vertex 0.9456192854956397 20.75 13.103323329854382
      vertex 1.5 20.75 13.066987298107781
      vertex 1.5543807145043602 20.75 13.103323329854382
    endloop
  endfacet
  facet normal 0 -1 0
    outer loop
      vertex 0.8964466094067263 20.75 13.146446609406727
      vertex 1.5543807145043602 20.75 13.103323329854382
      vertex 1.6035533905932737 20.75 13.146446609406727
    endloop
  endfacet
  facet normal 0 -1 0
    outer loop
      vertex 0.8964466094067263 20.75 13.146446609406727
      vertex 1.6035533905932737 20.75 13.146446609406727
      vertex 0.8533233298543824 20.75 13.19561928549564
    endloop
  endfacet
  facet normal 0 -1 0
    outer loop
      vertex 0.8533233298543824 20.75 13.19561928549564
      vertex 1.6466766701456175 20.75 13.19561928549564
      vertex 0.8169872981077807 20.75 13.25
    endloop
  endfacet
  facet normal 0 -1 0
    outer loop
      vertex 0.8533233298543824 20.75 13.19561928549564
      vertex 1.6035533905932737 20.75 13.146446609406727
      vertex 1.6466766701456175 20.75 13.19561928549564
    endloop
  endfacet
  facet normal 0 -1 0
    outer loop
      vertex 0.8169872981077807 20.75 13.25
      vertex 1.6830127018922192 20.75 13.25
      vertex 0.7880602337443566 20.75 13.308658283817454
    endloop
  endfacet
  facet normal -0.5555702330195886 -1.2964799941562148e-15 0.8314696123025543
    outer loop
      vertex 1.5428932188134525 20.457106781186546 13.095647630630527
      vertex 1.5543807145043602 20.75 13.103323329854382
      vertex 1.5 20.75 13.066987298107781
    endloop
  endfacet
  facet normal -0.6593458151000811 0 0.7518398074789667
    outer loop
      vertex 1.5543807145043602 20.467181044526203 13.103323329854382
      vertex 1.6035533905932737 20.75 13.146446609406727
      vertex 1.5543807145043602 20.75 13.103323329854382
    endloop
  endfacet
  facet normal -0.751839807478977 0 0.6593458151000693
    outer loop
      vertex 1.6466766701456175 20.54698696197705 13.19561928549564
      vertex 1.6466766701456175 20.75 13.19561928549564
      vertex 1.6035533905932737 20.75 13.146446609406727
    endloop
  endfacet
  facet normal -0.8968727415326845 0 0.4422886902190092
    outer loop
      vertex 1.6830127018922192 20.571265922176888 13.25
      vertex 1.7119397662556435 20.590594368642243 13.308658283817454
      vertex 1.6830127018922192 20.75 13.25
    endloop
  endfacet
  facet normal -0.8314696123025428 0 0.5555702330196058
    outer loop
      vertex 1.6830127018922192 20.571265922176888 13.25
      vertex 1.6830127018922192 20.75 13.25
      vertex 1.6466766701456175 20.75 13.19561928549564
    endloop
  endfacet
  facet normal 0 -1 0
    outer loop
      vertex 0.8169872981077807 20.75 13.25
      vertex 1.6466766701456175 20.75 13.19561928549564
      vertex 1.6830127018922192 20.75 13.25
    endloop
  endfacet
  facet normal 0 -1 0
    outer loop
      vertex 0.7880602337443566 20.75 13.308658283817454
      vertex 1.7119397662556435 20.75 13.308658283817454
      vertex 0.7670370868554659 20.75 13.37059047744874
    endloop
  endfacet
  facet normal 0 -1 0
    outer loop
      vertex 0.7670370868554659 20.75 13.37059047744874
      vertex 1.732962913144534 20.75 13.37059047744874
      vertex 0.7542775693130948 20.75 13.434736903889974
    endloop
  endfacet
  facet normal 0 -1 0
    outer loop
      vertex 0.7542775693130948 20.75 13.434736903889974
      vertex 1.7457224306869052 20.75 13.434736903889974
      vertex 0.75 20.75 13.5
    endloop
  endfacet
  facet normal 0 -1 0
    outer loop
      vertex 0.75 20.75 13.5
      vertex 1.75 20.75 13.5
      vertex 0.7542775693130948 20.75 13.565263096110026
    endloop
  endfacet
  facet normal 0 -1 0
    outer loop
      vertex 0.7542775693130948 20.75 13.565263096110026
      vertex 1.7457224306869052 20.75 13.565263096110026
      vertex 0.7670370868554659 20.75 13.62940952255126
    endloop
  endfacet
  facet normal 0 -1 0
    outer loop
      vertex 0.7670370868554659 20.75 13.62940952255126
      vertex 1.732962913144534 20.75 13.62940952255126
      vertex 0.7880602337443566 20.75 13.691341716182546
    endloop
  endfacet
  facet normal 0 -1 0
    outer loop
      vertex 0.7880602337443566 20.75 13.691341716182546
      vertex 1.7119397662556435 20.75 13.691341716182546
      vertex 0.8169872981077807 20.75 13.75
    endloop
  endfacet
  facet normal 0 -1 0
    outer loop
      vertex 0.8169872981077807 20.75 13.75
      vertex 1.6830127018922192 20.75 13.75
      vertex 0.8533233298543824 20.75 13.80438071450436
    endloop
  endfacet
  facet normal -0.8968727415326844 0 0.44228869021900913
    outer loop
      vertex 1.7119397662556435 20.590594368642243 13.308658283817454
      vertex 1.7119397662556435 20.75 13.308658283817454
      vertex 1.6830127018922192 20.75 13.25
    endloop
  endfacet
  facet normal 0 -1 0
    outer loop
      vertex 1.6830127018922192 20.75 13.25
      vertex 1.7119397662556435 20.75 13.308658283817454
      vertex 0.7880602337443566 20.75 13.308658283817454
    endloop
  endfacet
  facet normal 0 -1 0
    outer loop
      vertex 0.7670370868554659 20.75 13.37059047744874
      vertex 1.7119397662556435 20.75 13.308658283817454
      vertex 1.732962913144534 20.75 13.37059047744874
    endloop
  endfacet
  facet normal 0 -1 0
    outer loop
      vertex 0.7542775693130948 20.75 13.434736903889974
      vertex 1.732962913144534 20.75 13.37059047744874
      vertex 1.7457224306869052 20.75 13.434736903889974
    endloop
  endfacet
  facet normal -0.9469301294951082 0 0.3214394653031537
    outer loop
      vertex 1.7119397662556435 20.590594368642243 13.308658283817454
      vertex 1.732962913144534 20.60464158629524 13.37059047744874
      vertex 1.7119397662556435 20.75 13.308658283817454
    endloop
  endfacet
  facet normal -0.9807852804032297 0 0.19509032201613277
    outer loop
      vertex 1.732962913144534 20.60464158629524 13.37059047744874
      vertex 1.7457224306869052 20.613167223347208 13.434736903889974
      vertex 1.732962913144534 20.75 13.37059047744874
    endloop
  endfacet
  facet normal -0.9469301294951084 0 0.3214394653031537
    outer loop
      vertex 1.732962913144534 20.60464158629524 13.37059047744874
      vertex 1.732962913144534 20.75 13.37059047744874
      vertex 1.7119397662556435 20.75 13.308658283817454
    endloop
  endfacet
  facet normal -0.9807852804032295 0 0.19509032201613277
    outer loop
      vertex 1.7457224306869052 20.613167223347208 13.434736903889974
      vertex 1.7457224306869052 20.75 13.434736903889974
      vertex 1.732962913144534 20.75 13.37059047744874
    endloop
  endfacet
  facet normal 0 -1 0
    outer loop
      vertex 0.75 20.75 13.5
      vertex 1.7457224306869052 20.75 13.434736903889974
      vertex 1.75 20.75 13.5
    endloop
  endfacet
  facet normal 0 -1 0
    outer loop
      vertex 0.7542775693130948 20.75 13.565263096110026
      vertex 1.75 20.75 13.5
      vertex 1.7457224306869052 20.75 13.565263096110026
    endloop
  endfacet
  facet normal -0.9978589232386036 0 0.06540312923014178
    outer loop
      vertex 1.7457224306869052 20.613167223347208 13.434736903889974
      vertex 1.75 20.616025403784437 13.5
      vertex 1.7457224306869052 20.75 13.434736903889974
    endloop
  endfacet
  facet normal -0.9978589232386035 0 0.06540312923014178
    outer loop
      vertex 1.75 20.616025403784437 13.5
      vertex 1.75 20.75 13.5
      vertex 1.7457224306869052 20.75 13.434736903889974
    endloop
  endfacet
  facet normal -0.9978589232386036 -2.542850116797282e-18 -0.06540312923014178
    outer loop
      vertex 1.75 20.616025403784437 13.5
      vertex 1.7457224306869052 20.613167223347208 13.565263096110026
      vertex 1.7457224306869052 20.75 13.565263096110026
    endloop
  endfacet
  facet normal -0.9978589232386035 0 -0.06540312923014178
    outer loop
      vertex 1.75 20.616025403784437 13.5
      vertex 1.7457224306869052 20.75 13.565263096110026
      vertex 1.75 20.75 13.5
    endloop
  endfacet
  facet normal 0 -1 0
    outer loop
      vertex 0.7670370868554659 20.75 13.62940952255126
      vertex 1.7457224306869052 20.75 13.565263096110026
      vertex 1.732962913144534 20.75 13.62940952255126
    endloop
  endfacet
  facet normal 0 -1 0
    outer loop
      vertex 0.7880602337443566 20.75 13.691341716182546
      vertex 1.732962913144534 20.75 13.62940952255126
      vertex 1.7119397662556435 20.75 13.691341716182546
    endloop
  endfacet
  facet normal -0.9807852804032297 -1.0955102614808745e-18 -0.19509032201613277
    outer loop
      vertex 1.7457224306869052 20.613167223347208 13.565263096110026
      vertex 1.732962913144534 20.60464158629524 13.62940952255126
      vertex 1.732962913144534 20.75 13.62940952255126
    endloop
  endfacet
  facet normal -0.9807852804032295 0 -0.19509032201613277
    outer loop
      vertex 1.7457224306869052 20.613167223347208 13.565263096110026
      vertex 1.732962913144534 20.75 13.62940952255126
      vertex 1.7457224306869052 20.75 13.565263096110026
    endloop
  endfacet
  facet normal -0.9469301294951082 -3.2554398319387317e-18 -0.3214394653031537
    outer loop
      vertex 1.732962913144534 20.60464158629524 13.62940952255126
      vertex 1.7119397662556435 20.590594368642243 13.691341716182546
      vertex 1.7119397662556435 20.75 13.691341716182546
    endloop
  endfacet
  facet normal -0.9469301294951084 0 -0.3214394653031537
    outer loop
      vertex 1.732962913144534 20.60464158629524 13.62940952255126
      vertex 1.7119397662556435 20.75 13.691341716182546
      vertex 1.732962913144534 20.75 13.62940952255126
    endloop
  endfacet
  facet normal -0.8968727415326845 4.108208194120792e-18 -0.4422886902190092
    outer loop
      vertex 1.7119397662556435 20.590594368642243 13.691341716182546
      vertex 1.6830127018922192 20.571265922176888 13.75
      vertex 1.6830127018922192 20.75 13.75
    endloop
  endfacet
  facet normal -0.8968727415326844 0 -0.44228869021900913
    outer loop
      vertex 1.7119397662556435 20.590594368642243 13.691341716182546
      vertex 1.6830127018922192 20.75 13.75
      vertex 1.7119397662556435 20.75 13.691341716182546
    endloop
  endfacet
  facet normal -0.8314696123025428 0 -0.5555702330196058
    outer loop
      vertex 1.6830127018922192 20.571265922176888 13.75
      vertex 1.6466766701456175 20.75 13.80438071450436
      vertex 1.6830127018922192 20.75 13.75
    endloop
  endfacet
  facet normal 0 -1 0
    outer loop
      vertex 0.8169872981077807 20.75 13.75
      vertex 1.7119397662556435 20.75 13.691341716182546
      vertex 1.6830127018922192 20.75 13.75
    endloop
  endfacet
  facet normal 0 -1 0
    outer loop
      vertex 0.8533233298543824 20.75 13.80438071450436
      vertex 1.6830127018922192 20.75 13.75
      vertex 1.6466766701456175 20.75 13.80438071450436
    endloop
  endfacet
  facet normal 0 -1 0
    outer loop
      vertex 0.8533233298543824 20.75 13.80438071450436
      vertex 1.6466766701456175 20.75 13.80438071450436
      vertex 0.8964466094067263 20.75 13.853553390593273
    endloop
  endfacet
  facet normal 0 -1 0
    outer loop
      vertex 0.8964466094067263 20.75 13.853553390593273
      vertex 1.6035533905932737 20.75 13.853553390593273
      vertex 0.9456192854956397 20.75 13.896676670145618
    endloop
  endfacet
  facet normal 0 -1 0
    outer loop
      vertex 0.9456192854956397 20.75 13.896676670145618
      vertex 1.5543807145043602 20.75 13.896676670145618
      vertex 1 20.75 13.933012701892219
    endloop
  endfacet
  facet normal 0 -1 0
    outer loop
      vertex 1 20.75 13.933012701892219
      vertex 1.5 20.75 13.933012701892219
      vertex 1.0586582838174552 20.75 13.961939766255643
    endloop
  endfacet
  facet normal 0 -1 0
    outer loop
      vertex 0.9456192854956397 20.75 13.896676670145618
      vertex 1.6035533905932737 20.75 13.853553390593273
      vertex 1.5543807145043602 20.75 13.896676670145618
    endloop
  endfacet
  facet normal 0 -1 0
    outer loop
      vertex 1 20.75 13.933012701892219
      vertex 1.5543807145043602 20.75 13.896676670145618
      vertex 1.5 20.75 13.933012701892219
    endloop
  endfacet
  facet normal 0 -1 0
    outer loop
      vertex 1.0586582838174552 20.75 13.961939766255643
      vertex 1.4413417161825448 20.75 13.961939766255643
      vertex 1.1205904774487396 20.75 13.982962913144535
    endloop
  endfacet
  facet normal 0 -1 0
    outer loop
      vertex 1.0586582838174552 20.75 13.961939766255643
      vertex 1.5 20.75 13.933012701892219
      vertex 1.4413417161825448 20.75 13.961939766255643
    endloop
  endfacet
  facet normal 0 -1 0
    outer loop
      vertex 1.1205904774487396 20.75 13.982962913144535
      vertex 1.4413417161825448 20.75 13.961939766255643
      vertex 1.3794095225512604 20.75 13.982962913144535
    endloop
  endfacet
  facet normal 0 -1 0
    outer loop
      vertex 1.1205904774487396 20.75 13.982962913144535
      vertex 1.3794095225512604 20.75 13.982962913144535
      vertex 1.1847369038899742 20.75 13.995722430686905
    endloop
  endfacet
  facet normal 0 -1 0
    outer loop
      vertex 1.1847369038899742 20.75 13.995722430686905
      vertex 1.3152630961100258 20.75 13.995722430686905
      vertex 1.25 20.75 14
    endloop
  endfacet
  facet normal 0 -1 0
    outer loop
      vertex 1.1847369038899742 20.75 13.995722430686905
      vertex 1.3794095225512604 20.75 13.982962913144535
      vertex 1.3152630961100258 20.75 13.995722430686905
    endloop
  endfacet
  facet normal -0.751839807478977 0 -0.6593458151000693
    outer loop
      vertex 1.6466766701456175 20.54698696197705 13.80438071450436
      vertex 1.6035533905932737 20.75 13.853553390593273
      vertex 1.6466766701456175 20.75 13.80438071450436
    endloop
  endfacet
  facet normal -0.6593458151000811 0 -0.7518398074789666
    outer loop
      vertex 1.6035533905932737 20.51030432407855 13.853553390593273
      vertex 1.5543807145043602 20.75 13.896676670145618
      vertex 1.6035533905932737 20.75 13.853553390593273
    endloop
  endfacet
  facet normal -0.5555702330195886 0 -0.8314696123025543
    outer loop
      vertex 1.5543807145043602 20.467181044526203 13.896676670145618
      vertex 1.5 20.75 13.933012701892219
      vertex 1.5543807145043602 20.75 13.896676670145618
    endloop
  endfacet
  facet normal -0.44228869021900374 0 -0.8968727415326871
    outer loop
      vertex 1.5 20.408196439092443 13.933012701892219
      vertex 1.4413417161825448 20.75 13.961939766255643
      vertex 1.5 20.75 13.933012701892219
    endloop
  endfacet
  facet normal 0 -1 0
    outer loop
      vertex 1.6466766701456175 20.75 13.80438071450436
      vertex 1.6035533905932737 20.75 13.853553390593273
      vertex 0.8964466094067263 20.75 13.853553390593273
    endloop
  endfacet
  facet normal 0 1 0
    outer loop
      vertex 1.25 1.25 6.9
      vertex 1.25 1.25 8.51
      vertex 2.25 1.25 8.51
    endloop
  endfacet
  facet normal 0 1 0
    outer loop
      vertex 1.25 1.25 6.9
      vertex 2.25 1.25 8.51
      vertex 10 1.25 8.51
    endloop
  endfacet
  facet normal 0 0 1
    outer loop
      vertex 1.25 1.25 6.9
      vertex 4.166666666666666 1.75 6.9
      vertex 2.2999677030319883 2.75 6.9
    endloop
  endfacet
  facet normal 0 0 1
    outer loop
      vertex 1.25 1.25 6.9
      vertex 1.6 2.75 6.9
      vertex 1.25 2.75 6.9
    endloop
  endfacet
  facet normal 0 0 1
    outer loop
      vertex 1.25 1.25 6.9
      vertex 2.2999677030319883 2.75 6.9
      vertex 1.6 2.75 6.9
    endloop
  endfacet
  facet normal 1 0 0
    outer loop
      vertex 1.25 1.25 6.9
      vertex 1.25 2.75 6.9
      vertex 1.25 2.25 8.5
    endloop
  endfacet
  facet normal 0 0 1
    outer loop
      vertex 1.25 1.25 6.9
      vertex 10 1.25 6.9
      vertex 4.166666666666666 1.75 6.9
    endloop
  endfacet
  facet normal 0 0 1
    outer loop
      vertex 4.166666666666666 1.75 6.9
      vertex 3.3666666666666667 2.75 6.9
      vertex 2.2999677030319883 2.75 6.9
    endloop
  endfacet
  facet normal 1 0 0
    outer loop
      vertex 1.25 1.25 6.9
      vertex 1.25 2.25 8.5
      vertex 1.25 1.25 8.51
    endloop
  endfacet
  facet normal 1 0 0
    outer loop
      vertex 1.25 2.75 6.9
      vertex 1.25 2.75 8.5
      vertex 1.25 2.25 8.5
    endloop
  endfacet
  facet normal 0 1 0
    outer loop
      vertex 1.25 1.25 6.9
      vertex 10 1.25 8.5
      vertex 10 1.25 6.9
    endloop
  endfacet
  facet normal 0 1 0
    outer loop
      vertex 1.25 1.25 6.9
      vertex 10 1.25 8.51
      vertex 10 1.25 8.5
    endloop
  endfacet
  facet normal 0 0 1
    outer loop
      vertex 4.166666666666666 1.75 6.9
      vertex 10 1.25 6.9
      vertex 10 1.75 6.9
    endloop
  endfacet
  facet normal -1 0 0
    outer loop
      vertex 10 1.25 6.9
      vertex 10 1.25 8.5
      vertex 10 1.75 6.9
    endloop
  endfacet
  facet normal -1 0 0
    outer loop
      vertex 10 1.75 6.9
      vertex 10 1.25 8.5
      vertex 10 1.75 8.5
    endloop
  endfacet
  facet normal 0 -1 0
    outer loop
      vertex 1.25 2.75 6.9
      vertex 1.6 2.75 6.9
      vertex 1.499999998509884 2.75 8
    endloop
  endfacet
  facet normal 0 -1 0
    outer loop
      vertex 1.25 2.75 6.9
      vertex 1.6 2.75 8.5
      vertex 1.25 2.75 8.5
    endloop
  endfacet
  facet normal 0 -1 0
    outer loop
      vertex 1.6 2.75 6.9
      vertex 1.6 2.75 8.083333334368136
      vertex 1.499999998509884 2.75 8
    endloop
  endfacet
  facet normal 0 -1 0
    outer loop
      vertex 1.25 2.75 6.9
      vertex 1.499999998509884 2.75 8
      vertex 1.6 2.75 8.5
    endloop
  endfacet
  facet normal 0 0 -1
    outer loop
      vertex 1.25 1.25 8.51
      vertex 1.8673165676349102 1.3261204674887133 8.51
      vertex 1.9911809548974793 1.2840741737109318 8.51
    endloop
  endfacet
  facet normal 0 0 -1
    outer loop
      vertex 1.25 1.25 8.51
      vertex 1.75 1.3839745962155614 8.51
      vertex 1.8673165676349102 1.3261204674887133 8.51
    endloop
  endfacet
  facet normal 0 0 -1
    outer loop
      vertex 1.25 1.25 8.51
      vertex 1.6412385709912793 1.4566466597087648 8.51
      vertex 1.75 1.3839745962155614 8.51
    endloop
  endfacet
  facet normal 0 0 -1
    outer loop
      vertex 1.25 1.25 8.51
      vertex 1.9911809548974793 1.2840741737109318 8.51
      vertex 2.1194738077799484 1.2585551386261895 8.51
    endloop
  endfacet
  facet normal 0 0 -1
    outer loop
      vertex 1.25 1.25 8.51
      vertex 2.1194738077799484 1.2585551386261895 8.51
      vertex 2.25 1.25 8.51
    endloop
  endfacet
  facet normal 0 0 -1
    outer loop
      vertex 1.25 1.25 8.51
      vertex 1.3839745962155614 1.75 8.51
      vertex 1.4566466597087648 1.6412385709912793 8.51
    endloop
  endfacet
  facet normal 0 0 -1
    outer loop
      vertex 1.25 1.25 8.51
      vertex 1.3261204674887133 1.8673165676349102 8.51
      vertex 1.3839745962155614 1.75 8.51
    endloop
  endfacet
  facet normal 0 0 -1
    outer loop
      vertex 1.25 1.25 8.51
      vertex 1.2840741737109318 1.9911809548974793 8.51
      vertex 1.3261204674887133 1.8673165676349102 8.51
    endloop
  endfacet
  facet normal 0 0 -1
    outer loop
      vertex 1.25 1.25 8.51
      vertex 1.2585551386261895 2.1194738077799484 8.51
      vertex 1.2840741737109318 1.9911809548974793 8.51
    endloop
  endfacet
  facet normal 0 0 -1
    outer loop
      vertex 1.25 1.25 8.51
      vertex 1.25 2.25 8.51
      vertex 1.2585551386261895 2.1194738077799484 8.51
    endloop
  endfacet
  facet normal 1 0 0
    outer loop
      vertex 1.25 1.25 8.51
      vertex 1.25 2.25 8.5
      vertex 1.25 2.25 8.51
    endloop
  endfacet
  facet normal 0 0 -1
    outer loop
      vertex 1.25 1.25 8.51
      vertex 1.5428932188134525 1.5428932188134525 8.51
      vertex 1.6412385709912793 1.4566466597087648 8.51
    endloop
  endfacet
  facet normal 0 0 -1
    outer loop
      vertex 1.25 1.25 8.51
      vertex 1.4566466597087648 1.6412385709912793 8.51
      vertex 1.5428932188134525 1.5428932188134525 8.51
    endloop
  endfacet
  facet normal 0 1 0
    outer loop
      vertex 1.25 19.25 6.9
      vertex 1.25 19.25 8.5
      vertex 1.6 19.25 6.9
    endloop
  endfacet
  facet normal 1 0 0
    outer loop
      vertex 1.25 19.25 6.9
      vertex 1.25 20.75 6.9
      vertex 1.25 20.75 8.51
    endloop
  endfacet
  facet normal 0 0 1
    outer loop
      vertex 1.25 19.25 6.9
      vertex 1.6 19.25 6.9
      vertex 10 20.75 6.9
    endloop
  endfacet
  facet normal 0 0 1
    outer loop
      vertex 1.6 19.25 6.9
      vertex 1.7028208949207206 19.25 6.9
      vertex 10 20.75 6.9
    endloop
  endfacet
  facet normal 0 0 1
    outer loop
      vertex 1.7028208949207206 19.25 6.9
      vertex 3.3666666666666667 19.25 6.9
      vertex 10 20.75 6.9
    endloop
  endfacet
  facet normal 0 0 1
    outer loop
      vertex 1.25 19.25 6.9
      vertex 10 20.75 6.9
      vertex 1.25 20.75 6.9
    endloop
  endfacet
  facet normal 1 0 0
    outer loop
      vertex 1.25 19.25 6.9
      vertex 1.25 19.75 8.5
      vertex 1.25 19.25 8.5
    endloop
  endfacet
  facet normal 0 1 0
    outer loop
      vertex 1.6 19.25 6.9
      vertex 1.499999998509884 19.25 8
      vertex 1.6 19.25 8.083333334368136
    endloop
  endfacet
  facet normal 0 1 0
    outer loop
      vertex 1.6 19.25 6.9
      vertex 1.25 19.25 8.5
      vertex 1.499999998509884 19.25 8
    endloop
  endfacet
  facet normal 1 0 0
    outer loop
      vertex 1.25 19.25 6.9
      vertex 1.25 20.75 8.51
      vertex 1.25 19.75 8.5
    endloop
  endfacet
  facet normal 0 1 0
    outer loop
      vertex 1.499999998509884 19.25 8
      vertex 1.25 19.25 8.5
      vertex 1.6 19.25 8.5
    endloop
  endfacet
  facet normal 0 -1 0
    outer loop
      vertex 1.25 20.75 6.9
      vertex 10 20.75 6.9
      vertex 1.25 20.75 8.51
    endloop
  endfacet
  facet normal 0 0 1
    outer loop
      vertex 3.3666666666666667 19.25 6.9
      vertex 10 20.25 6.9
      vertex 10 20.75 6.9
    endloop
  endfacet
  facet normal -1 0 0
    outer loop
      vertex 10 20.25 6.9
      vertex 10 20.25 8.5
      vertex 10 20.75 6.9
    endloop
  endfacet
  facet normal -1 0 0
    outer loop
      vertex 10 20.75 6.9
      vertex 10 20.25 8.5
      vertex 10 20.75 8.5
    endloop
  endfacet
  facet normal 0 -1 0
    outer loop
      vertex 10 20.75 6.9
      vertex 10 20.75 8.5
      vertex 1.25 20.75 8.51
    endloop
  endfacet
  facet normal 1 0 0
    outer loop
      vertex 1.25 19.75 8.5
      vertex 1.25 20.75 8.51
      vertex 1.25 19.75 8.51
    endloop
  endfacet
  facet normal 0 0 -1
    outer loop
      vertex 1.25 19.75 8.51
      vertex 1.25 20.75 8.51
      vertex 1.2585551386261895 19.880526192220053 8.51
    endloop
  endfacet
  facet normal 0 0 -1
    outer loop
      vertex 1.2585551386261895 19.880526192220053 8.51
      vertex 1.25 20.75 8.51
      vertex 1.2840741737109318 20.00881904510252 8.51
    endloop
  endfacet
  facet normal 0 0 -1
    outer loop
      vertex 1.2840741737109318 20.00881904510252 8.51
      vertex 1.25 20.75 8.51
      vertex 1.3261204674887133 20.13268343236509 8.51
    endloop
  endfacet
  facet normal 0 0 -1
    outer loop
      vertex 1.3261204674887133 20.13268343236509 8.51
      vertex 1.25 20.75 8.51
      vertex 1.3839745962155614 20.25 8.51
    endloop
  endfacet
  facet normal 0 0 -1
    outer loop
      vertex 1.3839745962155614 20.25 8.51
      vertex 1.25 20.75 8.51
      vertex 1.4566466597087648 20.35876142900872 8.51
    endloop
  endfacet
  facet normal 0 0 -1
    outer loop
      vertex 1.4566466597087648 20.35876142900872 8.51
      vertex 1.25 20.75 8.51
      vertex 1.5428932188134525 20.457106781186546 8.51
    endloop
  endfacet
  facet normal 0 0 -1
    outer loop
      vertex 1.5428932188134525 20.457106781186546 8.51
      vertex 1.25 20.75 8.51
      vertex 1.6412385709912793 20.543353340291237 8.51
    endloop
  endfacet
  facet normal 0 0 -1
    outer loop
      vertex 1.6412385709912793 20.543353340291237 8.51
      vertex 1.25 20.75 8.51
      vertex 1.75 20.616025403784437 8.51
    endloop
  endfacet
  facet normal 0 0 -1
    outer loop
      vertex 1.75 20.616025403784437 8.51
      vertex 1.25 20.75 8.51
      vertex 1.8673165676349102 20.673879532511286 8.51
    endloop
  endfacet
  facet normal 0 0 -1
    outer loop
      vertex 1.25 20.75 8.51
      vertex 1.9911809548974793 20.71592582628907 8.51
      vertex 1.8673165676349102 20.673879532511286 8.51
    endloop
  endfacet
  facet normal 0 0 -1
    outer loop
      vertex 1.25 20.75 8.51
      vertex 2.1194738077799484 20.74144486137381 8.51
      vertex 1.9911809548974793 20.71592582628907 8.51
    endloop
  endfacet
  facet normal 0 0 -1
    outer loop
      vertex 1.25 20.75 8.51
      vertex 2.25 20.75 8.51
      vertex 2.1194738077799484 20.74144486137381 8.51
    endloop
  endfacet
  facet normal 0 -1 0
    outer loop
      vertex 1.25 20.75 8.51
      vertex 10 20.75 8.5
      vertex 2.25 20.75 8.51
    endloop
  endfacet
  facet normal 0 -1 0
    outer loop
      vertex 2.25 20.75 8.51
      vertex 10 20.75 8.5
      vertex 10 20.75 8.51
    endloop
  endfacet
  facet normal 1.557076206140979e-19 0.5555702330195973 0.8314696123025486
    outer loop
      vertex 77.25 0.9760573569460758 8.892990996868944
      vertex 83.75 1.025 8.860288568297003
      vertex 77.25 1.025 8.860288568297003
    endloop
  endfacet
  facet normal -1.6557269052779236e-19 0.7518398074789707 0.6593458151000766
    outer loop
      vertex 77.25 0.9318019484660536 8.931801948466054
      vertex 77.25 0.8929909968689442 8.976057356946075
      vertex 83.75 0.8929909968689442 8.976057356946075
    endloop
  endfacet
  facet normal 1.8378148019646465e-20 0.8314696123025488 0.5555702330195968
    outer loop
      vertex 77.25 0.8929909968689442 8.976057356946075
      vertex 77.25 0.8602885682970026 9.025
      vertex 83.75 0.8602885682970026 9.025
    endloop
  endfacet
  facet normal 0 0.6593458151000757 0.7518398074789714
    outer loop
      vertex 77.25 0.9760573569460758 8.892990996868944
      vertex 77.25 0.9318019484660536 8.931801948466054
      vertex 83.75 0.9760573569460758 8.892990996868944
    endloop
  endfacet
  facet normal -7.652834542959897e-20 0.32143946530315076 0.9469301294951094
    outer loop
      vertex 77.25 1.0777924554357097 8.83425421036992
      vertex 83.75 1.1335314297038657 8.81533337816992
      vertex 77.25 1.1335314297038657 8.81533337816992
    endloop
  endfacet
  facet normal -2.563690175334827e-20 0.4422886902190153 0.8968727415326814
    outer loop
      vertex 77.25 1.025 8.860288568297003
      vertex 83.75 1.0777924554357097 8.83425421036992
      vertex 77.25 1.0777924554357097 8.83425421036992
    endloop
  endfacet
  facet normal 2.2688468401648403e-20 0.19509032201614016 0.980785280403228
    outer loop
      vertex 77.25 1.1335314297038657 8.81533337816992
      vertex 83.75 1.1912632135009769 8.803849812381785
      vertex 77.25 1.1912632135009769 8.803849812381785
    endloop
  endfacet
  facet normal -1.6340507974258348e-20 0.06540312923011812 0.9978589232386053
    outer loop
      vertex 77.25 1.1912632135009769 8.803849812381785
      vertex 83.75 1.25 8.8
      vertex 77.25 1.25 8.8
    endloop
  endfacet
  facet normal 1 0 0
    outer loop
      vertex 77.25 0.8153333781699192 9.133531429703865
      vertex 77.25 0.8153333781699192 9.366468570296135
      vertex 77.25 0.8038498123817853 9.191263213500976
    endloop
  endfacet
  facet normal 1 0 0
    outer loop
      vertex 77.25 0.8602885682970026 9.025
      vertex 77.25 0.8602885682970026 9.475
      vertex 77.25 0.834254210369921 9.07779245543571
    endloop
  endfacet
  facet normal 1 0 0
    outer loop
      vertex 77.25 0.834254210369921 9.07779245543571
      vertex 77.25 0.834254210369921 9.42220754456429
      vertex 77.25 0.8153333781699192 9.133531429703865
    endloop
  endfacet
  facet normal 1 0 0
    outer loop
      vertex 77.25 0.8038498123817853 9.191263213500976
      vertex 77.25 0.8038498123817853 9.308736786499024
      vertex 77.25 0.8 9.25
    endloop
  endfacet
  facet normal 1 0 0
    outer loop
      vertex 77.25 0.8038498123817853 9.191263213500976
      vertex 77.25 0.8153333781699192 9.366468570296135
      vertex 77.25 0.8038498123817853 9.308736786499024
    endloop
  endfacet
  facet normal 1 0 0
    outer loop
      vertex 77.25 0.9318019484660536 8.931801948466054
      vertex 77.25 0.9318019484660536 9.568198051533946
      vertex 77.25 0.8929909968689442 8.976057356946075
    endloop
  endfacet
  facet normal 1 0 0
    outer loop
      vertex 77.25 0.9760573569460758 8.892990996868944
      vertex 77.25 0.9760573569460758 9.607009003131056
      vertex 77.25 0.9318019484660536 8.931801948466054
    endloop
  endfacet
  facet normal 1 0 0
    outer loop
      vertex 77.25 0.9760573569460758 8.892990996868944
      vertex 77.25 1.025 8.860288568297003
      vertex 77.25 1.025 9.639711431702997
    endloop
  endfacet
  facet normal 1 0 0
    outer loop
      vertex 77.25 0.8929909968689442 8.976057356946075
      vertex 77.25 0.8929909968689442 9.523942643053925
      vertex 77.25 0.8602885682970026 9.025
    endloop
  endfacet
  facet normal 1 0 0
    outer loop
      vertex 77.25 0.8153333781699192 9.133531429703865
      vertex 77.25 0.834254210369921 9.42220754456429
      vertex 77.25 0.8153333781699192 9.366468570296135
    endloop
  endfacet
  facet normal 1 0 0
    outer loop
      vertex 77.25 0.834254210369921 9.07779245543571
      vertex 77.25 0.8602885682970026 9.475
      vertex 77.25 0.834254210369921 9.42220754456429
    endloop
  endfacet
  facet normal 1 0 0
    outer loop
      vertex 77.25 0.8602885682970026 9.025
      vertex 77.25 0.8929909968689442 9.523942643053925
      vertex 77.25 0.8602885682970026 9.475
    endloop
  endfacet
  facet normal 1 0 0
    outer loop
      vertex 77.25 0.8929909968689442 8.976057356946075
      vertex 77.25 0.9318019484660536 9.568198051533946
      vertex 77.25 0.8929909968689442 9.523942643053925
    endloop
  endfacet
  facet normal 1 0 0
    outer loop
      vertex 77.25 0.9318019484660536 8.931801948466054
      vertex 77.25 0.9760573569460758 9.607009003131056
      vertex 77.25 0.9318019484660536 9.568198051533946
    endloop
  endfacet
  facet normal 1 0 0
    outer loop
      vertex 77.25 0.9760573569460758 8.892990996868944
      vertex 77.25 1.025 9.639711431702997
      vertex 77.25 0.9760573569460758 9.607009003131056
    endloop
  endfacet
  facet normal 1 0 0
    outer loop
      vertex 77.25 1.025 8.860288568297003
      vertex 77.25 1.0777924554357097 8.83425421036992
      vertex 77.25 1.0777924554357097 9.66574578963008
    endloop
  endfacet
  facet normal 1 0 0
    outer loop
      vertex 77.25 1.0777924554357097 8.83425421036992
      vertex 77.25 1.1335314297038657 8.81533337816992
      vertex 77.25 1.1335314297038657 9.68466662183008
    endloop
  endfacet
  facet normal 1 0 0
    outer loop
      vertex 77.25 1.1335314297038657 8.81533337816992
      vertex 77.25 1.1912632135009769 8.803849812381785
      vertex 77.25 1.1912632135009769 9.696150187618215
    endloop
  endfacet
  facet normal 1 0 0
    outer loop
      vertex 77.25 1.1912632135009769 8.803849812381785
      vertex 77.25 1.25 8.8
      vertex 77.25 1.25 9.7
    endloop
  endfacet
  facet normal 1 0 0
    outer loop
      vertex 77.25 1.025 8.860288568297003
      vertex 77.25 1.0777924554357097 9.66574578963008
      vertex 77.25 1.025 9.639711431702997
    endloop
  endfacet
  facet normal 1 0 0
    outer loop
      vertex 77.25 1.0777924554357097 8.83425421036992
      vertex 77.25 1.1335314297038657 9.68466662183008
      vertex 77.25 1.0777924554357097 9.66574578963008
    endloop
  endfacet
  facet normal 1 0 0
    outer loop
      vertex 77.25 1.1335314297038657 8.81533337816992
      vertex 77.25 1.1912632135009769 9.696150187618215
      vertex 77.25 1.1335314297038657 9.68466662183008
    endloop
  endfacet
  facet normal 1 0 0
    outer loop
      vertex 77.25 1.1912632135009769 8.803849812381785
      vertex 77.25 1.25 9.7
      vertex 77.25 1.1912632135009769 9.696150187618215
    endloop
  endfacet
  facet normal -6.298416363399479e-20 0.8968727415326859 0.4422886902190061
    outer loop
      vertex 77.25 0.8602885682970026 9.025
      vertex 77.25 0.834254210369921 9.07779245543571
      vertex 83.75 0.834254210369921 9.07779245543571
    endloop
  endfacet
  facet normal 2.671718084075559e-19 0.946930129495105 0.3214394653031638
    outer loop
      vertex 77.25 0.834254210369921 9.07779245543571
      vertex 77.25 0.8153333781699192 9.133531429703865
      vertex 83.75 0.8153333781699192 9.133531429703865
    endloop
  endfacet
  facet normal -2.7914207056199083e-20 0.9807852804032307 0.1950903220161275
    outer loop
      vertex 77.25 0.8153333781699192 9.133531429703865
      vertex 77.25 0.8038498123817853 9.191263213500976
      vertex 83.75 0.8038498123817853 9.191263213500976
    endloop
  endfacet
  facet normal -3.259161141863987e-20 0.9978589232386036 0.06540312923014178
    outer loop
      vertex 77.25 0.8038498123817853 9.191263213500976
      vertex 77.25 0.8 9.25
      vertex 83.75 0.8 9.25
    endloop
  endfacet
  facet normal 3.259161141863987e-20 0.9978589232386036 -0.06540312923014178
    outer loop
      vertex 77.25 0.8 9.25
      vertex 77.25 0.8038498123817853 9.308736786499024
      vertex 83.75 0.8038498123817853 9.308736786499024
    endloop
  endfacet
  facet normal 2.7914207056199083e-20 0.9807852804032307 -0.1950903220161275
    outer loop
      vertex 77.25 0.8038498123817853 9.308736786499024
      vertex 77.25 0.8153333781699192 9.366468570296135
      vertex 83.75 0.8153333781699192 9.366468570296135
    endloop
  endfacet
  facet normal -2.671718084075559e-19 0.946930129495105 -0.3214394653031638
    outer loop
      vertex 77.25 0.8153333781699192 9.366468570296135
      vertex 77.25 0.834254210369921 9.42220754456429
      vertex 83.75 0.834254210369921 9.42220754456429
    endloop
  endfacet
  facet normal 6.298416363399479e-20 0.8968727415326859 -0.4422886902190061
    outer loop
      vertex 77.25 0.834254210369921 9.42220754456429
      vertex 77.25 0.8602885682970026 9.475
      vertex 83.75 0.8602885682970026 9.475
    endloop
  endfacet
  facet normal -1.8378148019646465e-20 0.8314696123025488 -0.5555702330195968
    outer loop
      vertex 77.25 0.8602885682970026 9.475
      vertex 77.25 0.8929909968689442 9.523942643053925
      vertex 83.75 0.8929909968689442 9.523942643053925
    endloop
  endfacet
  facet normal 1.6557269052779236e-19 0.7518398074789707 -0.6593458151000766
    outer loop
      vertex 77.25 0.8929909968689442 9.523942643053925
      vertex 77.25 0.9318019484660536 9.568198051533946
      vertex 83.75 0.9318019484660536 9.568198051533946
    endloop
  endfacet
  facet normal 0 0.5555702330195973 0.8314696123025486
    outer loop
      vertex 77.25 0.9760573569460758 8.892990996868944
      vertex 83.75 0.9760573569460758 8.892990996868944
      vertex 83.75 1.025 8.860288568297003
    endloop
  endfacet
  facet normal 0 0.7518398074789707 0.6593458151000766
    outer loop
      vertex 77.25 0.9318019484660536 8.931801948466054
      vertex 83.75 0.8929909968689442 8.976057356946075
      vertex 83.75 0.9318019484660536 8.931801948466054
    endloop
  endfacet
  facet normal 0 0.8314696123025488 0.5555702330195968
    outer loop
      vertex 77.25 0.8929909968689442 8.976057356946075
      vertex 83.75 0.8602885682970026 9.025
      vertex 83.75 0.8929909968689442 8.976057356946075
    endloop
  endfacet
  facet normal 0 0.6593458151000757 0.7518398074789714
    outer loop
      vertex 77.25 0.9318019484660536 8.931801948466054
      vertex 83.75 0.9318019484660536 8.931801948466054
      vertex 83.75 0.9760573569460758 8.892990996868944
    endloop
  endfacet
  facet normal 0 0.32143946530315076 0.9469301294951094
    outer loop
      vertex 77.25 1.0777924554357097 8.83425421036992
      vertex 83.75 1.0777924554357097 8.83425421036992
      vertex 83.75 1.1335314297038657 8.81533337816992
    endloop
  endfacet
  facet normal 0 0.4422886902190153 0.8968727415326814
    outer loop
      vertex 77.25 1.025 8.860288568297003
      vertex 83.75 1.025 8.860288568297003
      vertex 83.75 1.0777924554357097 8.83425421036992
    endloop
  endfacet
  facet normal 0 0.19509032201614016 0.980785280403228
    outer loop
      vertex 77.25 1.1335314297038657 8.81533337816992
      vertex 83.75 1.1335314297038657 8.81533337816992
      vertex 83.75 1.1912632135009769 8.803849812381785
    endloop
  endfacet
  facet normal 0 0.06540312923011812 0.9978589232386053
    outer loop
      vertex 77.25 1.1912632135009769 8.803849812381785
      vertex 83.75 1.1912632135009769 8.803849812381785
      vertex 83.75 1.25 8.8
    endloop
  endfacet
  facet normal 0 0.8968727415326859 0.4422886902190061
    outer loop
      vertex 77.25 0.8602885682970026 9.025
      vertex 83.75 0.834254210369921 9.07779245543571
      vertex 83.75 0.8602885682970026 9.025
    endloop
  endfacet
  facet normal 0 0.946930129495105 0.3214394653031638
    outer loop
      vertex 77.25 0.834254210369921 9.07779245543571
      vertex 83.75 0.8153333781699192 9.133531429703865
      vertex 83.75 0.834254210369921 9.07779245543571
    endloop
  endfacet
  facet normal 0 0.9807852804032307 0.1950903220161275
    outer loop
      vertex 77.25 0.8153333781699192 9.133531429703865
      vertex 83.75 0.8038498123817853 9.191263213500976
      vertex 83.75 0.8153333781699192 9.133531429703865
    endloop
  endfacet
  facet normal 0 0.9978589232386036 0.06540312923014178
    outer loop
      vertex 77.25 0.8038498123817853 9.191263213500976
      vertex 83.75 0.8 9.25
      vertex 83.75 0.8038498123817853 9.191263213500976
    endloop
  endfacet
  facet normal 0 0.9978589232386036 -0.06540312923014178
    outer loop
      vertex 77.25 0.8 9.25
      vertex 83.75 0.8038498123817853 9.308736786499024
      vertex 83.75 0.8 9.25
    endloop
  endfacet
  facet normal 0 0.9807852804032307 -0.1950903220161275
    outer loop
      vertex 77.25 0.8038498123817853 9.308736786499024
      vertex 83.75 0.8153333781699192 9.366468570296135
      vertex 83.75 0.8038498123817853 9.308736786499024
    endloop
  endfacet
  facet normal 0 0.946930129495105 -0.3214394653031638
    outer loop
      vertex 77.25 0.8153333781699192 9.366468570296135
      vertex 83.75 0.834254210369921 9.42220754456429
      vertex 83.75 0.8153333781699192 9.366468570296135
    endloop
  endfacet
  facet normal 0 0.8968727415326859 -0.4422886902190061
    outer loop
      vertex 77.25 0.834254210369921 9.42220754456429
      vertex 83.75 0.8602885682970026 9.475
      vertex 83.75 0.834254210369921 9.42220754456429
    endloop
  endfacet
  facet normal 0 0.8314696123025488 -0.5555702330195968
    outer loop
      vertex 77.25 0.8602885682970026 9.475
      vertex 83.75 0.8929909968689442 9.523942643053925
      vertex 83.75 0.8602885682970026 9.475
    endloop
  endfacet
  facet normal 0 0.7518398074789707 -0.6593458151000766
    outer loop
      vertex 77.25 0.8929909968689442 9.523942643053925
      vertex 83.75 0.9318019484660536 9.568198051533946
      vertex 83.75 0.8929909968689442 9.523942643053925
    endloop
  endfacet
  facet normal 0 0.6593458151000757 -0.7518398074789714
    outer loop
      vertex 77.25 0.9318019484660536 9.568198051533946
      vertex 77.25 0.9760573569460758 9.607009003131056
      vertex 83.75 0.9318019484660536 9.568198051533946
    endloop
  endfacet
  facet normal 0 0.5555702330195973 -0.8314696123025486
    outer loop
      vertex 77.25 0.9760573569460758 9.607009003131056
      vertex 77.25 1.025 9.639711431702997
      vertex 83.75 0.9760573569460758 9.607009003131056
    endloop
  endfacet
  facet normal 0 0.4422886902190153 -0.8968727415326814
    outer loop
      vertex 77.25 1.025 9.639711431702997
      vertex 77.25 1.0777924554357097 9.66574578963008
      vertex 83.75 1.025 9.639711431702997
    endloop
  endfacet
  facet normal 0 0.32143946530315076 -0.9469301294951094
    outer loop
      vertex 77.25 1.0777924554357097 9.66574578963008
      vertex 77.25 1.1335314297038657 9.68466662183008
      vertex 83.75 1.0777924554357097 9.66574578963008
    endloop
  endfacet
  facet normal 0 0.19509032201614016 -0.980785280403228
    outer loop
      vertex 77.25 1.1335314297038657 9.68466662183008
      vertex 77.25 1.1912632135009769 9.696150187618215
      vertex 83.75 1.1335314297038657 9.68466662183008
    endloop
  endfacet
  facet normal 0 0.06540312923011812 -0.9978589232386053
    outer loop
      vertex 77.25 1.1912632135009769 9.696150187618215
      vertex 77.25 1.25 9.7
      vertex 83.75 1.1912632135009769 9.696150187618215
    endloop
  endfacet
  facet normal 0 0.6593458151000757 -0.7518398074789714
    outer loop
      vertex 77.25 0.9760573569460758 9.607009003131056
      vertex 83.75 0.9760573569460758 9.607009003131056
      vertex 83.75 0.9318019484660536 9.568198051533946
    endloop
  endfacet
  facet normal 0 0.5555702330195973 -0.8314696123025486
    outer loop
      vertex 77.25 1.025 9.639711431702997
      vertex 83.75 1.025 9.639711431702997
      vertex 83.75 0.9760573569460758 9.607009003131056
    endloop
  endfacet
  facet normal 0 0.4422886902190153 -0.8968727415326814
    outer loop
      vertex 77.25 1.0777924554357097 9.66574578963008
      vertex 83.75 1.0777924554357097 9.66574578963008
      vertex 83.75 1.025 9.639711431702997
    endloop
  endfacet
  facet normal 0 0.32143946530315076 -0.9469301294951094
    outer loop
      vertex 77.25 1.1335314297038657 9.68466662183008
      vertex 83.75 1.1335314297038657 9.68466662183008
      vertex 83.75 1.0777924554357097 9.66574578963008
    endloop
  endfacet
  facet normal 0 0.19509032201614016 -0.980785280403228
    outer loop
      vertex 77.25 1.1912632135009769 9.696150187618215
      vertex 83.75 1.1912632135009769 9.696150187618215
      vertex 83.75 1.1335314297038657 9.68466662183008
    endloop
  endfacet
  facet normal 0 0.06540312923011812 -0.9978589232386053
    outer loop
      vertex 77.25 1.25 9.7
      vertex 83.75 1.25 9.7
      vertex 83.75 1.1912632135009769 9.696150187618215
    endloop
  endfacet
  facet normal -1 0 0
    outer loop
      vertex 83.75 0.8153333781699192 9.133531429703865
      vertex 83.75 0.8038498123817853 9.191263213500976
      vertex 83.75 0.8038498123817853 9.308736786499024
    endloop
  endfacet
  facet normal -1 0 0
    outer loop
      vertex 83.75 0.834254210369921 9.07779245543571
      vertex 83.75 0.8153333781699192 9.133531429703865
      vertex 83.75 0.8153333781699192 9.366468570296135
    endloop
  endfacet
  facet normal -1 0 0
    outer loop
      vertex 83.75 0.8602885682970026 9.025
      vertex 83.75 0.834254210369921 9.07779245543571
      vertex 83.75 0.834254210369921 9.42220754456429
    endloop
  endfacet
  facet normal -1 0 0
    outer loop
      vertex 83.75 0.8038498123817853 9.191263213500976
      vertex 83.75 0.8 9.25
      vertex 83.75 0.8038498123817853 9.308736786499024
    endloop
  endfacet
  facet normal -1 0 0
    outer loop
      vertex 83.75 0.8153333781699192 9.133531429703865
      vertex 83.75 0.8038498123817853 9.308736786499024
      vertex 83.75 0.8153333781699192 9.366468570296135
    endloop
  endfacet
  facet normal -1 0 0
    outer loop
      vertex 83.75 0.834254210369921 9.07779245543571
      vertex 83.75 0.8153333781699192 9.366468570296135
      vertex 83.75 0.834254210369921 9.42220754456429
    endloop
  endfacet
  facet normal -1 0 0
    outer loop
      vertex 83.75 0.8929909968689442 8.976057356946075
      vertex 83.75 0.8602885682970026 9.025
      vertex 83.75 0.8602885682970026 9.475
    endloop
  endfacet
  facet normal -1 0 0
    outer loop
      vertex 83.75 0.9318019484660536 8.931801948466054
      vertex 83.75 0.8929909968689442 8.976057356946075
      vertex 83.75 0.8929909968689442 9.523942643053925
    endloop
  endfacet
  facet normal -1 0 0
    outer loop
      vertex 83.75 0.9760573569460758 8.892990996868944
      vertex 83.75 0.9318019484660536 8.931801948466054
      vertex 83.75 0.9318019484660536 9.568198051533946
    endloop
  endfacet
  facet normal -1 0 0
    outer loop
      vertex 83.75 0.9760573569460758 8.892990996868944
      vertex 83.75 0.9760573569460758 9.607009003131056
      vertex 83.75 1.025 8.860288568297003
    endloop
  endfacet
  facet normal -1 0 0
    outer loop
      vertex 83.75 0.8602885682970026 9.025
      vertex 83.75 0.834254210369921 9.42220754456429
      vertex 83.75 0.8602885682970026 9.475
    endloop
  endfacet
  facet normal -1 0 0
    outer loop
      vertex 83.75 0.8929909968689442 8.976057356946075
      vertex 83.75 0.8602885682970026 9.475
      vertex 83.75 0.8929909968689442 9.523942643053925
    endloop
  endfacet
  facet normal -1 0 0
    outer loop
      vertex 83.75 0.9318019484660536 8.931801948466054
      vertex 83.75 0.8929909968689442 9.523942643053925
      vertex 83.75 0.9318019484660536 9.568198051533946
    endloop
  endfacet
  facet normal -1 0 0
    outer loop
      vertex 83.75 0.9760573569460758 8.892990996868944
      vertex 83.75 0.9318019484660536 9.568198051533946
      vertex 83.75 0.9760573569460758 9.607009003131056
    endloop
  endfacet
  facet normal -1 0 0
    outer loop
      vertex 83.75 1.025 8.860288568297003
      vertex 83.75 0.9760573569460758 9.607009003131056
      vertex 83.75 1.025 9.639711431702997
    endloop
  endfacet
  facet normal -1 0 0
    outer loop
      vertex 83.75 1.025 8.860288568297003
      vertex 83.75 1.025 9.639711431702997
      vertex 83.75 1.0777924554357097 8.83425421036992
    endloop
  endfacet
  facet normal -1 0 0
    outer loop
      vertex 83.75 1.0777924554357097 8.83425421036992
      vertex 83.75 1.0777924554357097 9.66574578963008
      vertex 83.75 1.1335314297038657 8.81533337816992
    endloop
  endfacet
  facet normal -1 0 0
    outer loop
      vertex 83.75 1.1335314297038657 8.81533337816992
      vertex 83.75 1.1335314297038657 9.68466662183008
      vertex 83.75 1.1912632135009769 8.803849812381785
    endloop
  endfacet
  facet normal -1 0 0
    outer loop
      vertex 83.75 1.1912632135009769 8.803849812381785
      vertex 83.75 1.1912632135009769 9.696150187618215
      vertex 83.75 1.25 8.8
    endloop
  endfacet
  facet normal -1 0 0
    outer loop
      vertex 83.75 1.0777924554357097 8.83425421036992
      vertex 83.75 1.025 9.639711431702997
      vertex 83.75 1.0777924554357097 9.66574578963008
    endloop
  endfacet
  facet normal -1 0 0
    outer loop
      vertex 83.75 1.1335314297038657 8.81533337816992
      vertex 83.75 1.0777924554357097 9.66574578963008
      vertex 83.75 1.1335314297038657 9.68466662183008
    endloop
  endfacet
  facet normal -1 0 0
    outer loop
      vertex 83.75 1.1912632135009769 8.803849812381785
      vertex 83.75 1.1335314297038657 9.68466662183008
      vertex 83.75 1.1912632135009769 9.696150187618215
    endloop
  endfacet
  facet normal -1 0 0
    outer loop
      vertex 83.75 1.25 8.8
      vertex 83.75 1.1912632135009769 9.696150187618215
      vertex 83.75 1.25 9.7
    endloop
  endfacet
  facet normal -3.24216841826494e-20 -0.06540312923011934 0.9978589232386051
    outer loop
      vertex 77.25 20.75 8.8
      vertex 83.75 20.808736786499022 8.803849812381785
      vertex 77.25 20.808736786499022 8.803849812381785
    endloop
  endfacet
  facet normal 1.8893968463865533e-20 -0.1950903220161344 0.9807852804032293
    outer loop
      vertex 77.25 20.808736786499022 8.803849812381785
      vertex 83.75 20.866468570296135 8.81533337816992
      vertex 77.25 20.866468570296135 8.81533337816992
    endloop
  endfacet
  facet normal -1.3596169721439412e-19 -0.32143946530315193 0.946930129495109
    outer loop
      vertex 77.25 20.866468570296135 8.81533337816992
      vertex 83.75 20.92220754456429 8.83425421036992
      vertex 77.25 20.92220754456429 8.83425421036992
    endloop
  endfacet
  facet normal -1.8024365120767532e-19 -0.44228869021900924 0.8968727415326843
    outer loop
      vertex 77.25 20.92220754456429 8.83425421036992
      vertex 83.75 20.975 8.860288568297003
      vertex 77.25 20.975 8.860288568297003
    endloop
  endfacet
  facet normal -1.2688730214251228e-19 -0.5555702330196043 0.8314696123025439
    outer loop
      vertex 77.25 20.975 8.860288568297003
      vertex 83.75 21.023942643053925 8.892990996868944
      vertex 77.25 21.023942643053925 8.892990996868944
    endloop
  endfacet
  facet normal -2.824551377666843e-19 -0.6593458151000702 0.7518398074789764
    outer loop
      vertex 77.25 21.023942643053925 8.892990996868944
      vertex 83.75 21.068198051533948 8.931801948466054
      vertex 77.25 21.068198051533948 8.931801948466054
    endloop
  endfacet
  facet normal 0 -0.751839807478993 0.659345815100051
    outer loop
      vertex 77.25 21.068198051533948 8.931801948466054
      vertex 83.75 21.068198051533948 8.931801948466054
      vertex 77.25 21.107009003131054 8.976057356946075
    endloop
  endfacet
  facet normal 0 -0.8314696123025254 0.555570233019632
    outer loop
      vertex 77.25 21.107009003131054 8.976057356946075
      vertex 83.75 21.107009003131054 8.976057356946075
      vertex 77.25 21.139711431703 9.025
    endloop
  endfacet
  facet normal 1 0 0
    outer loop
      vertex 77.25 20.75 8.8
      vertex 77.25 20.808736786499022 8.803849812381785
      vertex 77.25 20.808736786499022 9.696150187618215
    endloop
  endfacet
  facet normal 1 0 0
    outer loop
      vertex 77.25 20.808736786499022 8.803849812381785
      vertex 77.25 20.866468570296135 8.81533337816992
      vertex 77.25 20.866468570296135 9.68466662183008
    endloop
  endfacet
  facet normal 1 0 0
    outer loop
      vertex 77.25 20.866468570296135 8.81533337816992
      vertex 77.25 20.92220754456429 8.83425421036992
      vertex 77.25 20.92220754456429 9.66574578963008
    endloop
  endfacet
  facet normal 1 0 0
    outer loop
      vertex 77.25 20.92220754456429 8.83425421036992
      vertex 77.25 20.975 8.860288568297003
      vertex 77.25 20.975 9.639711431702997
    endloop
  endfacet
  facet normal 1 0 0
    outer loop
      vertex 77.25 20.75 8.8
      vertex 77.25 20.808736786499022 9.696150187618215
      vertex 77.25 20.75 9.7
    endloop
  endfacet
  facet normal 1 0 0
    outer loop
      vertex 77.25 20.808736786499022 8.803849812381785
      vertex 77.25 20.866468570296135 9.68466662183008
      vertex 77.25 20.808736786499022 9.696150187618215
    endloop
  endfacet
  facet normal 1 0 0
    outer loop
      vertex 77.25 20.866468570296135 8.81533337816992
      vertex 77.25 20.92220754456429 9.66574578963008
      vertex 77.25 20.866468570296135 9.68466662183008
    endloop
  endfacet
  facet normal 1 0 0
    outer loop
      vertex 77.25 20.92220754456429 8.83425421036992
      vertex 77.25 20.975 9.639711431702997
      vertex 77.25 20.92220754456429 9.66574578963008
    endloop
  endfacet
  facet normal 1 0 0
    outer loop
      vertex 77.25 20.975 8.860288568297003
      vertex 77.25 21.023942643053925 8.892990996868944
      vertex 77.25 21.023942643053925 9.607009003131056
    endloop
  endfacet
  facet normal 1 0 0
    outer loop
      vertex 77.25 21.023942643053925 8.892990996868944
      vertex 77.25 21.068198051533948 8.931801948466054
      vertex 77.25 21.068198051533948 9.568198051533946
    endloop
  endfacet
  facet normal 1 0 0
    outer loop
      vertex 77.25 21.068198051533948 8.931801948466054
      vertex 77.25 21.107009003131054 8.976057356946075
      vertex 77.25 21.107009003131054 9.523942643053925
    endloop
  endfacet
  facet normal 1 0 0
    outer loop
      vertex 77.25 21.107009003131054 8.976057356946075
      vertex 77.25 21.139711431703 9.025
      vertex 77.25 21.139711431703 9.475
    endloop
  endfacet
  facet normal 1 0 0
    outer loop
      vertex 77.25 21.139711431703 9.025
      vertex 77.25 21.16574578963008 9.07779245543571
      vertex 77.25 21.16574578963008 9.42220754456429
    endloop
  endfacet
  facet normal 1 0 0
    outer loop
      vertex 77.25 21.16574578963008 9.07779245543571
      vertex 77.25 21.184666621830083 9.133531429703865
      vertex 77.25 21.184666621830083 9.366468570296135
    endloop
  endfacet
  facet normal 1 0 0
    outer loop
      vertex 77.25 21.184666621830083 9.133531429703865
      vertex 77.25 21.196150187618215 9.191263213500976
      vertex 77.25 21.196150187618215 9.308736786499024
    endloop
  endfacet
  facet normal 1 0 0
    outer loop
      vertex 77.25 21.16574578963008 9.07779245543571
      vertex 77.25 21.184666621830083 9.366468570296135
      vertex 77.25 21.16574578963008 9.42220754456429
    endloop
  endfacet
  facet normal 1 0 0
    outer loop
      vertex 77.25 21.196150187618215 9.191263213500976
      vertex 77.25 21.2 9.25
      vertex 77.25 21.196150187618215 9.308736786499024
    endloop
  endfacet
  facet normal 1 0 0
    outer loop
      vertex 77.25 21.184666621830083 9.133531429703865
      vertex 77.25 21.196150187618215 9.308736786499024
      vertex 77.25 21.184666621830083 9.366468570296135
    endloop
  endfacet
  facet normal 1 0 0
    outer loop
      vertex 77.25 21.023942643053925 8.892990996868944
      vertex 77.25 21.068198051533948 9.568198051533946
      vertex 77.25 21.023942643053925 9.607009003131056
    endloop
  endfacet
  facet normal 1 0 0
    outer loop
      vertex 77.25 20.975 8.860288568297003
      vertex 77.25 21.023942643053925 9.607009003131056
      vertex 77.25 20.975 9.639711431702997
    endloop
  endfacet
  facet normal 1 0 0
    outer loop
      vertex 77.25 21.068198051533948 8.931801948466054
      vertex 77.25 21.107009003131054 9.523942643053925
      vertex 77.25 21.068198051533948 9.568198051533946
    endloop
  endfacet
  facet normal 1 0 0
    outer loop
      vertex 77.25 21.107009003131054 8.976057356946075
      vertex 77.25 21.139711431703 9.475
      vertex 77.25 21.107009003131054 9.523942643053925
    endloop
  endfacet
  facet normal 1 0 0
    outer loop
      vertex 77.25 21.139711431703 9.025
      vertex 77.25 21.16574578963008 9.42220754456429
      vertex 77.25 21.139711431703 9.475
    endloop
  endfacet
  facet normal 0 -0.8968727415326904 0.44228869021899697
    outer loop
      vertex 77.25 21.139711431703 9.025
      vertex 83.75 21.139711431703 9.025
      vertex 77.25 21.16574578963008 9.07779245543571
    endloop
  endfacet
  facet normal 0 -0.9469301294950998 0.32143946530317896
    outer loop
      vertex 77.25 21.16574578963008 9.07779245543571
      vertex 83.75 21.16574578963008 9.07779245543571
      vertex 77.25 21.184666621830083 9.133531429703865
    endloop
  endfacet
  facet normal 0 -0.980785280403234 0.19509032201611118
    outer loop
      vertex 77.25 21.184666621830083 9.133531429703865
      vertex 83.75 21.184666621830083 9.133531429703865
      vertex 77.25 21.196150187618215 9.191263213500976
    endloop
  endfacet
  facet normal 0 -0.9978589232386051 0.06540312923011737
    outer loop
      vertex 77.25 21.196150187618215 9.191263213500976
      vertex 83.75 21.196150187618215 9.191263213500976
      vertex 77.25 21.2 9.25
    endloop
  endfacet
  facet normal 0 -0.9978589232386051 -0.06540312923011737
    outer loop
      vertex 77.25 21.2 9.25
      vertex 83.75 21.2 9.25
      vertex 77.25 21.196150187618215 9.308736786499024
    endloop
  endfacet
  facet normal 0 -0.8314696123025254 -0.555570233019632
    outer loop
      vertex 77.25 21.139711431703 9.475
      vertex 83.75 21.139711431703 9.475
      vertex 77.25 21.107009003131054 9.523942643053925
    endloop
  endfacet
  facet normal 0 -0.751839807478993 -0.659345815100051
    outer loop
      vertex 77.25 21.107009003131054 9.523942643053925
      vertex 83.75 21.107009003131054 9.523942643053925
      vertex 77.25 21.068198051533948 9.568198051533946
    endloop
  endfacet
  facet normal 0 -0.980785280403234 -0.19509032201611118
    outer loop
      vertex 77.25 21.196150187618215 9.308736786499024
      vertex 83.75 21.196150187618215 9.308736786499024
      vertex 77.25 21.184666621830083 9.366468570296135
    endloop
  endfacet
  facet normal -2.1183533078934693e-19 -0.9469301294950998 -0.32143946530317896
    outer loop
      vertex 77.25 21.16574578963008 9.42220754456429
      vertex 77.25 21.184666621830083 9.366468570296135
      vertex 83.75 21.184666621830083 9.366468570296135
    endloop
  endfacet
  facet normal 3.813581101423615e-20 -0.8968727415326904 -0.44228869021899697
    outer loop
      vertex 77.25 21.139711431703 9.475
      vertex 77.25 21.16574578963008 9.42220754456429
      vertex 83.75 21.16574578963008 9.42220754456429
    endloop
  endfacet
  facet normal 0 -0.06540312923011934 0.9978589232386051
    outer loop
      vertex 77.25 20.75 8.8
      vertex 83.75 20.75 8.8
      vertex 83.75 20.808736786499022 8.803849812381785
    endloop
  endfacet
  facet normal 0 -0.1950903220161344 0.9807852804032293
    outer loop
      vertex 77.25 20.808736786499022 8.803849812381785
      vertex 83.75 20.808736786499022 8.803849812381785
      vertex 83.75 20.866468570296135 8.81533337816992
    endloop
  endfacet
  facet normal 0 -0.32143946530315193 0.946930129495109
    outer loop
      vertex 77.25 20.866468570296135 8.81533337816992
      vertex 83.75 20.866468570296135 8.81533337816992
      vertex 83.75 20.92220754456429 8.83425421036992
    endloop
  endfacet
  facet normal 0 -0.44228869021900924 0.8968727415326843
    outer loop
      vertex 77.25 20.92220754456429 8.83425421036992
      vertex 83.75 20.92220754456429 8.83425421036992
      vertex 83.75 20.975 8.860288568297003
    endloop
  endfacet
  facet normal 0 -0.5555702330196043 0.8314696123025439
    outer loop
      vertex 77.25 20.975 8.860288568297003
      vertex 83.75 20.975 8.860288568297003
      vertex 83.75 21.023942643053925 8.892990996868944
    endloop
  endfacet
  facet normal 0 -0.6593458151000702 0.7518398074789764
    outer loop
      vertex 77.25 21.023942643053925 8.892990996868944
      vertex 83.75 21.023942643053925 8.892990996868944
      vertex 83.75 21.068198051533948 8.931801948466054
    endloop
  endfacet
  facet normal 0 -0.751839807478993 0.659345815100051
    outer loop
      vertex 77.25 21.107009003131054 8.976057356946075
      vertex 83.75 21.068198051533948 8.931801948466054
      vertex 83.75 21.107009003131054 8.976057356946075
    endloop
  endfacet
  facet normal 0 -0.8314696123025254 0.555570233019632
    outer loop
      vertex 77.25 21.139711431703 9.025
      vertex 83.75 21.107009003131054 8.976057356946075
      vertex 83.75 21.139711431703 9.025
    endloop
  endfacet
  facet normal 0 -0.8968727415326904 0.44228869021899697
    outer loop
      vertex 77.25 21.16574578963008 9.07779245543571
      vertex 83.75 21.139711431703 9.025
      vertex 83.75 21.16574578963008 9.07779245543571
    endloop
  endfacet
  facet normal 0 -0.9469301294950998 0.32143946530317896
    outer loop
      vertex 77.25 21.184666621830083 9.133531429703865
      vertex 83.75 21.16574578963008 9.07779245543571
      vertex 83.75 21.184666621830083 9.133531429703865
    endloop
  endfacet
  facet normal 0 -0.980785280403234 0.19509032201611118
    outer loop
      vertex 77.25 21.196150187618215 9.191263213500976
      vertex 83.75 21.184666621830083 9.133531429703865
      vertex 83.75 21.196150187618215 9.191263213500976
    endloop
  endfacet
  facet normal 0 -0.9978589232386051 0.06540312923011737
    outer loop
      vertex 77.25 21.2 9.25
      vertex 83.75 21.196150187618215 9.191263213500976
      vertex 83.75 21.2 9.25
    endloop
  endfacet
  facet normal 0 -0.9978589232386051 -0.06540312923011737
    outer loop
      vertex 77.25 21.196150187618215 9.308736786499024
      vertex 83.75 21.2 9.25
      vertex 83.75 21.196150187618215 9.308736786499024
    endloop
  endfacet
  facet normal 0 -0.751839807478993 -0.659345815100051
    outer loop
      vertex 77.25 21.068198051533948 9.568198051533946
      vertex 83.75 21.107009003131054 9.523942643053925
      vertex 83.75 21.068198051533948 9.568198051533946
    endloop
  endfacet
  facet normal 0 -0.8314696123025254 -0.555570233019632
    outer loop
      vertex 77.25 21.107009003131054 9.523942643053925
      vertex 83.75 21.139711431703 9.475
      vertex 83.75 21.107009003131054 9.523942643053925
    endloop
  endfacet
  facet normal 0 -0.980785280403234 -0.19509032201611118
    outer loop
      vertex 77.25 21.184666621830083 9.366468570296135
      vertex 83.75 21.196150187618215 9.308736786499024
      vertex 83.75 21.184666621830083 9.366468570296135
    endloop
  endfacet
  facet normal 0 -0.9469301294950998 -0.32143946530317896
    outer loop
      vertex 77.25 21.16574578963008 9.42220754456429
      vertex 83.75 21.184666621830083 9.366468570296135
      vertex 83.75 21.16574578963008 9.42220754456429
    endloop
  endfacet
  facet normal 0 -0.8968727415326904 -0.44228869021899697
    outer loop
      vertex 77.25 21.139711431703 9.475
      vertex 83.75 21.16574578963008 9.42220754456429
      vertex 83.75 21.139711431703 9.475
    endloop
  endfacet
  facet normal 0 -0.06540312923011934 -0.9978589232386051
    outer loop
      vertex 77.25 20.75 9.7
      vertex 77.25 20.808736786499022 9.696150187618215
      vertex 83.75 20.75 9.7
    endloop
  endfacet
  facet normal -1.8893968463865533e-20 -0.1950903220161344 -0.9807852804032293
    outer loop
      vertex 77.25 20.866468570296135 9.68466662183008
      vertex 83.75 20.808736786499022 9.696150187618215
      vertex 77.25 20.808736786499022 9.696150187618215
    endloop
  endfacet
  facet normal 0 -0.32143946530315193 -0.946930129495109
    outer loop
      vertex 77.25 20.866468570296135 9.68466662183008
      vertex 77.25 20.92220754456429 9.66574578963008
      vertex 83.75 20.866468570296135 9.68466662183008
    endloop
  endfacet
  facet normal 0 -0.44228869021900924 -0.8968727415326843
    outer loop
      vertex 77.25 20.92220754456429 9.66574578963008
      vertex 77.25 20.975 9.639711431702997
      vertex 83.75 20.92220754456429 9.66574578963008
    endloop
  endfacet
  facet normal 1.2688730214251228e-19 -0.5555702330196043 -0.8314696123025439
    outer loop
      vertex 77.25 21.023942643053925 9.607009003131056
      vertex 83.75 20.975 9.639711431702997
      vertex 77.25 20.975 9.639711431702997
    endloop
  endfacet
  facet normal 0 -0.6593458151000702 -0.7518398074789764
    outer loop
      vertex 77.25 21.023942643053925 9.607009003131056
      vertex 77.25 21.068198051533948 9.568198051533946
      vertex 83.75 21.023942643053925 9.607009003131056
    endloop
  endfacet
  facet normal 0 -0.06540312923011934 -0.9978589232386051
    outer loop
      vertex 77.25 20.808736786499022 9.696150187618215
      vertex 83.75 20.808736786499022 9.696150187618215
      vertex 83.75 20.75 9.7
    endloop
  endfacet
  facet normal 0 -0.1950903220161344 -0.9807852804032293
    outer loop
      vertex 77.25 20.866468570296135 9.68466662183008
      vertex 83.75 20.866468570296135 9.68466662183008
      vertex 83.75 20.808736786499022 9.696150187618215
    endloop
  endfacet
  facet normal 0 -0.32143946530315193 -0.946930129495109
    outer loop
      vertex 77.25 20.92220754456429 9.66574578963008
      vertex 83.75 20.92220754456429 9.66574578963008
      vertex 83.75 20.866468570296135 9.68466662183008
    endloop
  endfacet
  facet normal 0 -0.44228869021900924 -0.8968727415326843
    outer loop
      vertex 77.25 20.975 9.639711431702997
      vertex 83.75 20.975 9.639711431702997
      vertex 83.75 20.92220754456429 9.66574578963008
    endloop
  endfacet
  facet normal 0 -0.5555702330196043 -0.8314696123025439
    outer loop
      vertex 77.25 21.023942643053925 9.607009003131056
      vertex 83.75 21.023942643053925 9.607009003131056
      vertex 83.75 20.975 9.639711431702997
    endloop
  endfacet
  facet normal 0 -0.6593458151000702 -0.7518398074789764
    outer loop
      vertex 77.25 21.068198051533948 9.568198051533946
      vertex 83.75 21.068198051533948 9.568198051533946
      vertex 83.75 21.023942643053925 9.607009003131056
    endloop
  endfacet
  facet normal -1 0 0
    outer loop
      vertex 83.75 20.75 8.8
      vertex 83.75 20.75 9.7
      vertex 83.75 20.808736786499022 8.803849812381785
    endloop
  endfacet
  facet normal -1 0 0
    outer loop
      vertex 83.75 20.808736786499022 8.803849812381785
      vertex 83.75 20.808736786499022 9.696150187618215
      vertex 83.75 20.866468570296135 8.81533337816992
    endloop
  endfacet
  facet normal -1 0 0
    outer loop
      vertex 83.75 20.866468570296135 8.81533337816992
      vertex 83.75 20.866468570296135 9.68466662183008
      vertex 83.75 20.92220754456429 8.83425421036992
    endloop
  endfacet
  facet normal -1 0 0
    outer loop
      vertex 83.75 20.92220754456429 8.83425421036992
      vertex 83.75 20.92220754456429 9.66574578963008
      vertex 83.75 20.975 8.860288568297003
    endloop
  endfacet
  facet normal -1 0 0
    outer loop
      vertex 83.75 20.808736786499022 8.803849812381785
      vertex 83.75 20.75 9.7
      vertex 83.75 20.808736786499022 9.696150187618215
    endloop
  endfacet
  facet normal -1 0 0
    outer loop
      vertex 83.75 20.866468570296135 8.81533337816992
      vertex 83.75 20.808736786499022 9.696150187618215
      vertex 83.75 20.866468570296135 9.68466662183008
    endloop
  endfacet
  facet normal -1 0 0
    outer loop
      vertex 83.75 20.92220754456429 8.83425421036992
      vertex 83.75 20.866468570296135 9.68466662183008
      vertex 83.75 20.92220754456429 9.66574578963008
    endloop
  endfacet
  facet normal -1 0 0
    outer loop
      vertex 83.75 20.975 8.860288568297003
      vertex 83.75 20.92220754456429 9.66574578963008
      vertex 83.75 20.975 9.639711431702997
    endloop
  endfacet
  facet normal -1 0 0
    outer loop
      vertex 83.75 20.975 8.860288568297003
      vertex 83.75 20.975 9.639711431702997
      vertex 83.75 21.023942643053925 8.892990996868944
    endloop
  endfacet
  facet normal -1 0 0
    outer loop
      vertex 83.75 21.023942643053925 8.892990996868944
      vertex 83.75 21.023942643053925 9.607009003131056
      vertex 83.75 21.068198051533948 8.931801948466054
    endloop
  endfacet
  facet normal -1 0 0
    outer loop
      vertex 83.75 21.068198051533948 8.931801948466054
      vertex 83.75 21.068198051533948 9.568198051533946
      vertex 83.75 21.107009003131054 8.976057356946075
    endloop
  endfacet
  facet normal -1 0 0
    outer loop
      vertex 83.75 21.107009003131054 8.976057356946075
      vertex 83.75 21.107009003131054 9.523942643053925
      vertex 83.75 21.139711431703 9.025
    endloop
  endfacet
  facet normal -1 0 0
    outer loop
      vertex 83.75 21.139711431703 9.025
      vertex 83.75 21.139711431703 9.475
      vertex 83.75 21.16574578963008 9.07779245543571
    endloop
  endfacet
  facet normal -1 0 0
    outer loop
      vertex 83.75 21.16574578963008 9.07779245543571
      vertex 83.75 21.16574578963008 9.42220754456429
      vertex 83.75 21.184666621830083 9.133531429703865
    endloop
  endfacet
  facet normal -1 0 0
    outer loop
      vertex 83.75 21.184666621830083 9.133531429703865
      vertex 83.75 21.184666621830083 9.366468570296135
      vertex 83.75 21.196150187618215 9.191263213500976
    endloop
  endfacet
  facet normal -1 0 0
    outer loop
      vertex 83.75 21.196150187618215 9.191263213500976
      vertex 83.75 21.196150187618215 9.308736786499024
      vertex 83.75 21.2 9.25
    endloop
  endfacet
  facet normal -1 0 0
    outer loop
      vertex 83.75 21.196150187618215 9.191263213500976
      vertex 83.75 21.184666621830083 9.366468570296135
      vertex 83.75 21.196150187618215 9.308736786499024
    endloop
  endfacet
  facet normal -1 0 0
    outer loop
      vertex 83.75 21.023942643053925 8.892990996868944
      vertex 83.75 20.975 9.639711431702997
      vertex 83.75 21.023942643053925 9.607009003131056
    endloop
  endfacet
  facet normal -1 0 0
    outer loop
      vertex 83.75 21.068198051533948 8.931801948466054
      vertex 83.75 21.023942643053925 9.607009003131056
      vertex 83.75 21.068198051533948 9.568198051533946
    endloop
  endfacet
  facet normal -1 0 0
    outer loop
      vertex 83.75 21.107009003131054 8.976057356946075
      vertex 83.75 21.068198051533948 9.568198051533946
      vertex 83.75 21.107009003131054 9.523942643053925
    endloop
  endfacet
  facet normal -1 0 0
    outer loop
      vertex 83.75 21.139711431703 9.025
      vertex 83.75 21.107009003131054 9.523942643053925
      vertex 83.75 21.139711431703 9.475
    endloop
  endfacet
  facet normal -1 0 0
    outer loop
      vertex 83.75 21.16574578963008 9.07779245543571
      vertex 83.75 21.139711431703 9.475
      vertex 83.75 21.16574578963008 9.42220754456429
    endloop
  endfacet
  facet normal -1 0 0
    outer loop
      vertex 83.75 21.184666621830083 9.133531429703865
      vertex 83.75 21.16574578963008 9.42220754456429
      vertex 83.75 21.184666621830083 9.366468570296135
    endloop
  endfacet
  facet normal 0 1 0
    outer loop
      vertex 0 5.75 7.2
      vertex 1.6 5.75 8.5
      vertex 1.6 5.75 7.2
    endloop
  endfacet
  facet normal 0 1 0
    outer loop
      vertex 0 5.75 7.2
      vertex 1.25 5.75 8.5
      vertex 1.6 5.75 8.5
    endloop
  endfacet
  facet normal 0 0 1
    outer loop
      vertex 0 5.75 7.2
      vertex 1.6 5.75 7.2
      vertex 0 16.25 7.2
    endloop
  endfacet
  facet normal 0 1 0
    outer loop
      vertex 0 5.75 7.2
      vertex 0 5.75 15.526599464176254
      vertex 1.25 5.75 8.5
    endloop
  endfacet
  facet normal 0 1 0
    outer loop
      vertex 1.25 5.75 8.5
      vertex 1.1205904774487396 5.75 13.017037086855465
      vertex 1.1847369038899742 5.75 13.004277569313095
    endloop
  endfacet
  facet normal 0 1 0
    outer loop
      vertex 1.25 5.75 8.5
      vertex 1.0586582838174552 5.75 13.038060233744357
      vertex 1.1205904774487396 5.75 13.017037086855465
    endloop
  endfacet
  facet normal 0 1 0
    outer loop
      vertex 1.25 5.75 8.5
      vertex 1 5.75 13.066987298107781
      vertex 1.0586582838174552 5.75 13.038060233744357
    endloop
  endfacet
  facet normal 0 1 0
    outer loop
      vertex 1.25 5.75 8.5
      vertex 1.1847369038899742 5.75 13.004277569313095
      vertex 1.25 5.75 13
    endloop
  endfacet
  facet normal 0 1 0
    outer loop
      vertex 1.25 5.75 8.5
      vertex 0.8964466094067263 5.75 13.146446609406727
      vertex 0.9456192854956397 5.75 13.103323329854382
    endloop
  endfacet
  facet normal 0 1 0
    outer loop
      vertex 1.25 5.75 8.5
      vertex 0.8533233298543824 5.75 13.19561928549564
      vertex 0.8964466094067263 5.75 13.146446609406727
    endloop
  endfacet
  facet normal 0 1 0
    outer loop
      vertex 1.25 5.75 8.5
      vertex 0.8169872981077807 5.75 13.25
      vertex 0.8533233298543824 5.75 13.19561928549564
    endloop
  endfacet
  facet normal 0 1 0
    outer loop
      vertex 1.25 5.75 8.5
      vertex 0.7880602337443566 5.75 13.308658283817454
      vertex 0.8169872981077807 5.75 13.25
    endloop
  endfacet
  facet normal 0 1 0
    outer loop
      vertex 1.25 5.75 8.5
      vertex 0.9456192854956397 5.75 13.103323329854382
      vertex 1 5.75 13.066987298107781
    endloop
  endfacet
  facet normal 0 1 0
    outer loop
      vertex 1.25 5.75 8.5
      vertex 0 5.75 15.526599464176254
      vertex 0.7880602337443566 5.75 13.308658283817454
    endloop
  endfacet
  facet normal 0 1 0
    outer loop
      vertex 0.7880602337443566 5.75 13.308658283817454
      vertex 0 5.75 15.526599464176254
      vertex 0.7670370868554659 5.75 13.37059047744874
    endloop
  endfacet
  facet normal 0 1 0
    outer loop
      vertex 0.7670370868554659 5.75 13.37059047744874
      vertex 0 5.75 15.526599464176254
      vertex 0.7542775693130948 5.75 13.434736903889974
    endloop
  endfacet
  facet normal 0 1 0
    outer loop
      vertex 0.7542775693130948 5.75 13.434736903889974
      vertex 0 5.75 15.526599464176254
      vertex 0.75 5.75 13.5
    endloop
  endfacet
  facet normal 0 1 0
    outer loop
      vertex 0.75 5.75 13.5
      vertex 0 5.75 15.526599464176254
      vertex 0.7542775693130948 5.75 13.565263096110026
    endloop
  endfacet
  facet normal 0 1 0
    outer loop
      vertex 0.7542775693130948 5.75 13.565263096110026
      vertex 0 5.75 15.526599464176254
      vertex 0.7670370868554659 5.75 13.62940952255126
    endloop
  endfacet
  facet normal 0 1 0
    outer loop
      vertex 0.7670370868554659 5.75 13.62940952255126
      vertex 0 5.75 15.526599464176254
      vertex 0.7880602337443566 5.75 13.691341716182546
    endloop
  endfacet
  facet normal 0 1 0
    outer loop
      vertex 0.7880602337443566 5.75 13.691341716182546
      vertex 0 5.75 15.526599464176254
      vertex 0.8169872981077807 5.75 13.75
    endloop
  endfacet
  facet normal 0 1 0
    outer loop
      vertex 0.8169872981077807 5.75 13.75
      vertex 0 5.75 15.526599464176254
      vertex 0.8533233298543824 5.75 13.80438071450436
    endloop
  endfacet
  facet normal 0 1 0
    outer loop
      vertex 0.8533233298543824 5.75 13.80438071450436
      vertex 0 5.75 15.526599464176254
      vertex 0.8964466094067263 5.75 13.853553390593273
    endloop
  endfacet
  facet normal 0 1 0
    outer loop
      vertex 0.8964466094067263 5.75 13.853553390593273
      vertex 0 5.75 15.526599464176254
      vertex 0.9456192854956397 5.75 13.896676670145618
    endloop
  endfacet
  facet normal 0 1 0
    outer loop
      vertex 0.9456192854956397 5.75 13.896676670145618
      vertex 0 5.75 15.526599464176254
      vertex 1 5.75 13.933012701892219
    endloop
  endfacet
  facet normal 0 1 0
    outer loop
      vertex 1 5.75 13.933012701892219
      vertex 0 5.75 15.526599464176254
      vertex 1.0586582838174552 5.75 13.961939766255643
    endloop
  endfacet
  facet normal 0 1 0
    outer loop
      vertex 1.0586582838174552 5.75 13.961939766255643
      vertex 0 5.75 15.526599464176254
      vertex 1.1205904774487396 5.75 13.982962913144535
    endloop
  endfacet
  facet normal 0 1 0
    outer loop
      vertex 1.1205904774487396 5.75 13.982962913144535
      vertex 0 5.75 15.526599464176254
      vertex 1.1847369038899742 5.75 13.995722430686905
    endloop
  endfacet
  facet normal 0 1 0
    outer loop
      vertex 1.1847369038899742 5.75 13.995722430686905
      vertex 0 5.75 15.526599464176254
      vertex 1.25 5.75 14
    endloop
  endfacet
  facet normal 0 1 0
    outer loop
      vertex 1.25 5.75 14
      vertex 0 5.75 15.526599464176254
      vertex 0 5.75 17
    endloop
  endfacet
  facet normal 0 1 0
    outer loop
      vertex 1.25 5.75 14
      vertex 0 5.75 17
      vertex 1.25 5.75 17
    endloop
  endfacet
  facet normal 0 0 1
    outer loop
      vertex 1.6 5.75 7.2
      vertex 1.6 16.25 7.2
      vertex 0 16.25 7.2
    endloop
  endfacet
  facet normal 0 -1 0
    outer loop
      vertex 0 16.25 7.2
      vertex 1.6 16.25 7.2
      vertex 1.25 16.25 8.5
    endloop
  endfacet
  facet normal 0 -1 0
    outer loop
      vertex 1.6 16.25 7.2
      vertex 1.6 16.25 8.5
      vertex 1.25 16.25 8.5
    endloop
  endfacet
  facet normal 0 -1 0
    outer loop
      vertex 0 16.25 7.2
      vertex 1.25 16.25 8.5
      vertex 1.0586582838174552 16.25 13.038060233744357
    endloop
  endfacet
  facet normal 0 -1 0
    outer loop
      vertex 0 16.25 7.2
      vertex 1.0586582838174552 16.25 13.038060233744357
      vertex 1 16.25 13.066987298107781
    endloop
  endfacet
  facet normal 0 -1 0
    outer loop
      vertex 0 16.25 7.2
      vertex 1 16.25 13.066987298107781
      vertex 0.9456192854956397 16.25 13.103323329854382
    endloop
  endfacet
  facet normal 0 -1 0
    outer loop
      vertex 0 16.25 7.2
      vertex 0.9456192854956397 16.25 13.103323329854382
      vertex 0.8964466094067263 16.25 13.146446609406727
    endloop
  endfacet
  facet normal 0 -1 0
    outer loop
      vertex 0 16.25 7.2
      vertex 0.8964466094067263 16.25 13.146446609406727
      vertex 0.8533233298543824 16.25 13.19561928549564
    endloop
  endfacet
  facet normal 0 -1 0
    outer loop
      vertex 0 16.25 7.2
      vertex 0.8533233298543824 16.25 13.19561928549564
      vertex 0.8169872981077807 16.25 13.25
    endloop
  endfacet
  facet normal 0 -1 0
    outer loop
      vertex 0 16.25 7.2
      vertex 0.8169872981077807 16.25 13.25
      vertex 0.7880602337443566 16.25 13.308658283817454
    endloop
  endfacet
  facet normal 0 -1 0
    outer loop
      vertex 0 16.25 7.2
      vertex 0.7880602337443566 16.25 13.308658283817454
      vertex 0.7670370868554659 16.25 13.37059047744874
    endloop
  endfacet
  facet normal 0 -1 0
    outer loop
      vertex 1.25 16.25 8.5
      vertex 1.1847369038899742 16.25 13.004277569313095
      vertex 1.1205904774487396 16.25 13.017037086855465
    endloop
  endfacet
  facet normal 0 -1 0
    outer loop
      vertex 1.25 16.25 8.5
      vertex 1.1205904774487396 16.25 13.017037086855465
      vertex 1.0586582838174552 16.25 13.038060233744357
    endloop
  endfacet
  facet normal 0 -1 0
    outer loop
      vertex 1.25 16.25 8.5
      vertex 1.25 16.25 13
      vertex 1.1847369038899742 16.25 13.004277569313095
    endloop
  endfacet
  facet normal 0 -1 0
    outer loop
      vertex 0 16.25 7.2
      vertex 0.7670370868554659 16.25 13.37059047744874
      vertex 0 16.25 17
    endloop
  endfacet
  facet normal 0 -1 0
    outer loop
      vertex 0.7670370868554659 16.25 13.37059047744874
      vertex 0.7542775693130948 16.25 13.434736903889974
      vertex 0 16.25 17
    endloop
  endfacet
  facet normal 0 -1 0
    outer loop
      vertex 0.7542775693130948 16.25 13.434736903889974
      vertex 0.75 16.25 13.5
      vertex 0 16.25 17
    endloop
  endfacet
  facet normal 0 -1 0
    outer loop
      vertex 0.75 16.25 13.5
      vertex 0.7542775693130948 16.25 13.565263096110026
      vertex 0 16.25 17
    endloop
  endfacet
  facet normal 0 -1 0
    outer loop
      vertex 0.7542775693130948 16.25 13.565263096110026
      vertex 0.7670370868554659 16.25 13.62940952255126
      vertex 0 16.25 17
    endloop
  endfacet
  facet normal 0 -1 0
    outer loop
      vertex 0.7670370868554659 16.25 13.62940952255126
      vertex 0.7880602337443566 16.25 13.691341716182546
      vertex 0 16.25 17
    endloop
  endfacet
  facet normal 0 -1 0
    outer loop
      vertex 0.7880602337443566 16.25 13.691341716182546
      vertex 0.8169872981077807 16.25 13.75
      vertex 0 16.25 17
    endloop
  endfacet
  facet normal 0 -1 0
    outer loop
      vertex 0.8169872981077807 16.25 13.75
      vertex 0.8533233298543824 16.25 13.80438071450436
      vertex 0 16.25 17
    endloop
  endfacet
  facet normal 0 -1 0
    outer loop
      vertex 0.8533233298543824 16.25 13.80438071450436
      vertex 0.8964466094067263 16.25 13.853553390593273
      vertex 0 16.25 17
    endloop
  endfacet
  facet normal 0 -1 0
    outer loop
      vertex 0.8964466094067263 16.25 13.853553390593273
      vertex 0.9456192854956397 16.25 13.896676670145618
      vertex 0 16.25 17
    endloop
  endfacet
  facet normal 0 -1 0
    outer loop
      vertex 0.9456192854956397 16.25 13.896676670145618
      vertex 1 16.25 13.933012701892219
      vertex 0 16.25 17
    endloop
  endfacet
  facet normal 0 -1 0
    outer loop
      vertex 1 16.25 13.933012701892219
      vertex 1.0586582838174552 16.25 13.961939766255643
      vertex 0 16.25 17
    endloop
  endfacet
  facet normal 0 -1 0
    outer loop
      vertex 1.0586582838174552 16.25 13.961939766255643
      vertex 1.1205904774487396 16.25 13.982962913144535
      vertex 1.25 16.25 17
    endloop
  endfacet
  facet normal 0 -1 0
    outer loop
      vertex 1.1205904774487396 16.25 13.982962913144535
      vertex 1.1847369038899742 16.25 13.995722430686905
      vertex 1.25 16.25 17
    endloop
  endfacet
  facet normal 0 -1 0
    outer loop
      vertex 1.1847369038899742 16.25 13.995722430686905
      vertex 1.25 16.25 14
      vertex 1.25 16.25 17
    endloop
  endfacet
  facet normal 0 -1 0
    outer loop
      vertex 1.0586582838174552 16.25 13.961939766255643
      vertex 1.25 16.25 17
      vertex 0 16.25 17
    endloop
  endfacet
  facet normal 0 0 1
    outer loop
      vertex 4.166666666666666 1.75 6.9
      vertex 4.25 3.25 6.9
      vertex 3.3666666666666667 2.75 6.9
    endloop
  endfacet
  facet normal 0 0 1
    outer loop
      vertex 4.166666666666666 1.75 6.9
      vertex 10 1.75 6.9
      vertex 4.25 3.25 6.9
    endloop
  endfacet
  facet normal 1 0 0
    outer loop
      vertex 1.6 2.75 6.9
      vertex 1.6 5.75 7.2
      vertex 1.6 2.75 8.083333334368136
    endloop
  endfacet
  facet normal 0 0 1
    outer loop
      vertex 2.2999677030319883 2.75 6.9
      vertex 3.3666666666666667 2.75 6.9
      vertex 4.119473807779949 3.2585551386261895 6.9
    endloop
  endfacet
  facet normal 0 0 1
    outer loop
      vertex 3.3666666666666667 2.75 6.9
      vertex 4.25 3.25 6.9
      vertex 4.119473807779949 3.2585551386261895 6.9
    endloop
  endfacet
  facet normal 0 0 1
    outer loop
      vertex 2.2999677030319883 2.75 6.9
      vertex 3.9911809548974793 3.284074173710932 6.9
      vertex 3.8673165676349104 3.326120467488713 6.9
    endloop
  endfacet
  facet normal 0 0 1
    outer loop
      vertex 2.2999677030319883 2.75 6.9
      vertex 3.8673165676349104 3.326120467488713 6.9
      vertex 3.75 3.3839745962155616 6.9
    endloop
  endfacet
  facet normal 0 0 1
    outer loop
      vertex 2.2999677030319883 2.75 6.9
      vertex 3.75 3.3839745962155616 6.9
      vertex 3.6412385709912796 3.456646659708765 6.9
    endloop
  endfacet
  facet normal 0 0 1
    outer loop
      vertex 2.2999677030319883 2.75 6.9
      vertex 3.6412385709912796 3.456646659708765 6.9
      vertex 3.5428932188134525 3.5428932188134525 6.9
    endloop
  endfacet
  facet normal 0 0 1
    outer loop
      vertex 2.2999677030319883 2.75 6.9
      vertex 3.456646659708765 3.6412385709912796 6.9
      vertex 3.3839745962155616 3.75 6.9
    endloop
  endfacet
  facet normal 0 0 1
    outer loop
      vertex 2.2999677030319883 2.75 6.9
      vertex 3.5428932188134525 3.5428932188134525 6.9
      vertex 3.456646659708765 3.6412385709912796 6.9
    endloop
  endfacet
  facet normal 0 0 1
    outer loop
      vertex 2.2999677030319883 2.75 6.9
      vertex 4.119473807779949 3.2585551386261895 6.9
      vertex 3.9911809548974793 3.284074173710932 6.9
    endloop
  endfacet
  facet normal 0 0 1
    outer loop
      vertex 2.2999677030319883 2.75 6.9
      vertex 3.3839745962155616 3.75 6.9
      vertex 3.326120467488713 3.8673165676349104 6.9
    endloop
  endfacet
  facet normal 0 0 1
    outer loop
      vertex 2.2999677030319883 2.75 6.9
      vertex 3.326120467488713 3.8673165676349104 6.9
      vertex 3.284074173710932 3.9911809548974793 6.9
    endloop
  endfacet
  facet normal 0 0 1
    outer loop
      vertex 2.2999677030319883 2.75 6.9
      vertex 3.284074173710932 3.9911809548974793 6.9
      vertex 3.2585551386261895 4.119473807779949 6.9
    endloop
  endfacet
  facet normal 1 0 0
    outer loop
      vertex 1.6 2.75 8.083333334368136
      vertex 1.6 5.75 7.2
      vertex 1.6 5.25 8.083333334368136
    endloop
  endfacet
  facet normal 1 0 0
    outer loop
      vertex 1.6 5.25 8.083333334368136
      vertex 1.6 5.75 8.5
      vertex 1.6 5.25 8.5
    endloop
  endfacet
  facet normal 0 0 1
    outer loop
      vertex 10 1.75 6.9
      vertex 25.6 1.75 6.9
      vertex 4.25 3.25 6.9
    endloop
  endfacet
  facet normal 0 1 0
    outer loop
      vertex 10 1.75 6.9
      vertex 10 1.75 8.5
      vertex 25.6 1.75 6.9
    endloop
  endfacet
  facet normal 0 0 1
    outer loop
      vertex 4.25 3.25 6.9
      vertex 25.6 1.75 6.9
      vertex 25.6 2.75 6.9
    endloop
  endfacet
  facet normal 0 1 0
    outer loop
      vertex 25.6 1.75 6.9
      vertex 10 1.75 8.5
      vertex 25.6 1.75 8.5
    endloop
  endfacet
  facet normal 0 0 1
    outer loop
      vertex 4.25 3.25 6.9
      vertex 25.6 2.75 6.9
      vertex 25.6 3.25 6.9
    endloop
  endfacet
  facet normal 1 0 0
    outer loop
      vertex 1.6 5.25 8.083333334368136
      vertex 1.6 5.75 7.2
      vertex 1.6 5.75 8.5
    endloop
  endfacet
  facet normal 0 0 1
    outer loop
      vertex 1.6 2.75 6.9
      vertex 2.2999677030319883 2.75 6.9
      vertex 1.6 19.25 6.9
    endloop
  endfacet
  facet normal 0 0 1
    outer loop
      vertex 2.2999677030319883 2.75 6.9
      vertex 3.2585551386261895 4.119473807779949 6.9
      vertex 1.6 19.25 6.9
    endloop
  endfacet
  facet normal 0 0 1
    outer loop
      vertex 3.2585551386261895 4.119473807779949 6.9
      vertex 3.25 4.25 6.9
      vertex 1.7028208949207206 19.25 6.9
    endloop
  endfacet
  facet normal 1 0 0
    outer loop
      vertex 1.6 2.75 6.9
      vertex 1.6 19.25 6.9
      vertex 1.6 5.75 7.2
    endloop
  endfacet
  facet normal -1 0 0
    outer loop
      vertex 25.6 1.75 6.9
      vertex 25.6 1.75 8.5
      vertex 25.6 2.75 6.9
    endloop
  endfacet
  facet normal -1 0 0
    outer loop
      vertex 25.6 1.75 8.5
      vertex 25.6 2.75 8.083333334368136
      vertex 25.6 2.75 6.9
    endloop
  endfacet
  facet normal -1 0 0
    outer loop
      vertex 25.6 2.75 8.083333334368136
      vertex 25.6 1.75 8.5
      vertex 25.6 2.75 8.5
    endloop
  endfacet
  facet normal -1 0 0
    outer loop
      vertex 25.6 2.75 8.083333334368136
      vertex 25.6 3.25 8.083333334368136
      vertex 25.6 3.25 6.9
    endloop
  endfacet
  facet normal 0 0 1
    outer loop
      vertex 3.25 4.25 6.9
      vertex 3.25 17.75 6.9
      vertex 1.7028208949207206 19.25 6.9
    endloop
  endfacet
  facet normal 0 0 1
    outer loop
      vertex 3.2585551386261895 4.119473807779949 6.9
      vertex 1.7028208949207206 19.25 6.9
      vertex 1.6 19.25 6.9
    endloop
  endfacet
  facet normal 1 0 0
    outer loop
      vertex 1.6 5.75 7.2
      vertex 1.6 19.25 6.9
      vertex 1.6 16.25 7.2
    endloop
  endfacet
  facet normal 1 0 0
    outer loop
      vertex 1.6 16.25 7.2
      vertex 1.6 16.75 8.083333334368136
      vertex 1.6 16.25 8.5
    endloop
  endfacet
  facet normal 1 0 0
    outer loop
      vertex 1.6 16.25 7.2
      vertex 1.6 19.25 6.9
      vertex 1.6 16.75 8.083333334368136
    endloop
  endfacet
  facet normal 1 0 0
    outer loop
      vertex 1.6 16.75 8.083333334368136
      vertex 1.6 16.75 8.5
      vertex 1.6 16.25 8.5
    endloop
  endfacet
  facet normal 0 0 1
    outer loop
      vertex 3.25 17.75 6.9
      vertex 3.2585551386261895 17.880526192220053 6.9
      vertex 1.7028208949207206 19.25 6.9
    endloop
  endfacet
  facet normal 0 0 1
    outer loop
      vertex 3.2585551386261895 17.880526192220053 6.9
      vertex 3.284074173710932 18.00881904510252 6.9
      vertex 1.7028208949207206 19.25 6.9
    endloop
  endfacet
  facet normal 0 0 1
    outer loop
      vertex 3.284074173710932 18.00881904510252 6.9
      vertex 3.326120467488713 18.13268343236509 6.9
      vertex 1.7028208949207206 19.25 6.9
    endloop
  endfacet
  facet normal 0 0 1
    outer loop
      vertex 3.326120467488713 18.13268343236509 6.9
      vertex 3.3839745962155616 18.25 6.9
      vertex 1.7028208949207206 19.25 6.9
    endloop
  endfacet
  facet normal 0 0 1
    outer loop
      vertex 3.3839745962155616 18.25 6.9
      vertex 3.456646659708765 18.358761429008723 6.9
      vertex 1.7028208949207206 19.25 6.9
    endloop
  endfacet
  facet normal 0 0 1
    outer loop
      vertex 3.456646659708765 18.358761429008723 6.9
      vertex 3.5428932188134525 18.457106781186546 6.9
      vertex 1.7028208949207206 19.25 6.9
    endloop
  endfacet
  facet normal 0 0 1
    outer loop
      vertex 3.5428932188134525 18.457106781186546 6.9
      vertex 3.6412385709912796 18.543353340291233 6.9
      vertex 1.7028208949207206 19.25 6.9
    endloop
  endfacet
  facet normal 0 0 1
    outer loop
      vertex 3.6412385709912796 18.543353340291233 6.9
      vertex 3.75 18.61602540378444 6.9
      vertex 1.7028208949207206 19.25 6.9
    endloop
  endfacet
  facet normal 0 0 1
    outer loop
      vertex 3.75 18.61602540378444 6.9
      vertex 3.8673165676349104 18.673879532511286 6.9
      vertex 1.7028208949207206 19.25 6.9
    endloop
  endfacet
  facet normal 0 0 1
    outer loop
      vertex 3.8673165676349104 18.673879532511286 6.9
      vertex 3.9911809548974793 18.715925826289066 6.9
      vertex 1.7028208949207206 19.25 6.9
    endloop
  endfacet
  facet normal 0 0 1
    outer loop
      vertex 3.9911809548974793 18.715925826289066 6.9
      vertex 4.119473807779949 18.74144486137381 6.9
      vertex 3.3666666666666667 19.25 6.9
    endloop
  endfacet
  facet normal 0 0 1
    outer loop
      vertex 3.9911809548974793 18.715925826289066 6.9
      vertex 3.3666666666666667 19.25 6.9
      vertex 1.7028208949207206 19.25 6.9
    endloop
  endfacet
  facet normal 0 0 1
    outer loop
      vertex 4.119473807779949 18.74144486137381 6.9
      vertex 4.25 18.75 6.9
      vertex 3.3666666666666667 19.25 6.9
    endloop
  endfacet
  facet normal 1 0 0
    outer loop
      vertex 1.6 16.75 8.083333334368136
      vertex 1.6 19.25 6.9
      vertex 1.6 19.25 8.083333334368136
    endloop
  endfacet
  facet normal 0 0 1
    outer loop
      vertex 4.25 18.75 6.9
      vertex 10 20.25 6.9
      vertex 3.3666666666666667 19.25 6.9
    endloop
  endfacet
  facet normal 0 0 1
    outer loop
      vertex 4.25 18.75 6.9
      vertex 25.6 20.25 6.9
      vertex 10 20.25 6.9
    endloop
  endfacet
  facet normal 0 -1 0
    outer loop
      vertex 10 20.25 6.9
      vertex 25.6 20.25 6.9
      vertex 10 20.25 8.5
    endloop
  endfacet
  facet normal 0 0 1
    outer loop
      vertex 4.25 18.75 6.9
      vertex 25.6 18.75 6.9
      vertex 25.6 20.25 6.9
    endloop
  endfacet
  facet normal 0 -1 0
    outer loop
      vertex 25.6 20.25 6.9
      vertex 25.6 20.25 8.5
      vertex 10 20.25 8.5
    endloop
  endfacet
  facet normal -1 0 0
    outer loop
      vertex 25.6 18.75 8.083333334368136
      vertex 25.6 19.25 8.083333334368136
      vertex 25.6 18.75 6.9
    endloop
  endfacet
  facet normal -1 0 0
    outer loop
      vertex 25.6 19.25 8.083333334368136
      vertex 25.6 20.25 6.9
      vertex 25.6 18.75 6.9
    endloop
  endfacet
  facet normal -1 0 0
    outer loop
      vertex 25.6 20.25 6.9
      vertex 25.6 19.25 8.083333334368136
      vertex 25.6 20.25 8.5
    endloop
  endfacet
  facet normal -1 0 0
    outer loop
      vertex 25.6 20.25 8.5
      vertex 25.6 19.25 8.083333334368136
      vertex 25.6 19.25 8.5
    endloop
  endfacet
  facet normal 1 0 0
    outer loop
      vertex 26.8 3.25 1.5
      vertex 26.8 5.25 1.5
      vertex 26.8 3.25 8.5
    endloop
  endfacet
  facet normal -1 0 0
    outer loop
      vertex 25.6 3.25 1.5
      vertex 25.6 5.25 8.083333334368136
      vertex 25.6 5.25 1.5
    endloop
  endfacet
  facet normal 0 1 0
    outer loop
      vertex 25.6 5.25 8.083333334368136
      vertex 26.8 5.25 1.5
      vertex 25.6 5.25 1.5
    endloop
  endfacet
  facet normal -1 0 0
    outer loop
      vertex 25.6 3.25 6.9
      vertex 25.6 5.25 8.083333334368136
      vertex 25.6 3.25 1.5
    endloop
  endfacet
  facet normal 1 0 0
    outer loop
      vertex 26.8 5.25 8.5
      vertex 26.8 3.25 8.5
      vertex 26.8 5.25 1.5
    endloop
  endfacet
  facet normal 0 1 0
    outer loop
      vertex 25.6 5.25 8.083333334368136
      vertex 25.6 5.25 8.5
      vertex 26.8 5.25 1.5
    endloop
  endfacet
  facet normal 0 1 0
    outer loop
      vertex 26.8 5.25 8.5
      vertex 26.8 5.25 1.5
      vertex 25.6 5.25 8.5
    endloop
  endfacet
  facet normal -1 0 0
    outer loop
      vertex 25.6 3.25 6.9
      vertex 25.6 2.75 6.9
      vertex 25.6 2.75 8.083333334368136
    endloop
  endfacet
  facet normal -1 0 0
    outer loop
      vertex 25.6 3.25 8.083333334368136
      vertex 25.6 5.25 8.083333334368136
      vertex 25.6 3.25 6.9
    endloop
  endfacet
  facet normal 0 0 1
    outer loop
      vertex 25.6 2.75 8.5
      vertex 26.79506764856996 2.7602757321459155 8.5
      vertex 25.6 5.25 8.5
    endloop
  endfacet
  facet normal 0 0 1
    outer loop
      vertex 26.8 5.25 8.5
      vertex 26.79506764856996 2.7602757321459155 8.5
      vertex 26.8 3.25 8.5
    endloop
  endfacet
  facet normal 0 0 1
    outer loop
      vertex 26.8 5.25 8.5
      vertex 25.6 5.25 8.5
      vertex 26.79506764856996 2.7602757321459155 8.5
    endloop
  endfacet
  facet normal 0 -1 0
    outer loop
      vertex 26.8 16.75 8.5
      vertex 25.6 16.75 1.5
      vertex 26.8 16.75 1.5
    endloop
  endfacet
  facet normal -1 0 0
    outer loop
      vertex 25.6 18.75 1.5
      vertex 25.6 16.75 1.5
      vertex 25.6 16.75 8.083333334368136
    endloop
  endfacet
  facet normal 1 0 0
    outer loop
      vertex 26.8 16.75 8.5
      vertex 26.8 16.75 1.5
      vertex 26.8 18.75 1.5
    endloop
  endfacet
  facet normal 0 -1 0
    outer loop
      vertex 26.8 16.75 8.5
      vertex 25.6 16.75 8.083333334368136
      vertex 25.6 16.75 1.5
    endloop
  endfacet
  facet normal -1 0 0
    outer loop
      vertex 25.6 16.75 8.083333334368136
      vertex 25.6 18.75 6.9
      vertex 25.6 18.75 1.5
    endloop
  endfacet
  facet normal 1 0 0
    outer loop
      vertex 26.8 16.75 8.5
      vertex 26.8 18.75 1.5
      vertex 26.8 18.75 8.5
    endloop
  endfacet
  facet normal 0 -1 0
    outer loop
      vertex 26.8 16.75 8.5
      vertex 25.6 16.75 8.5
      vertex 25.6 16.75 8.083333334368136
    endloop
  endfacet
  facet normal -1 0 0
    outer loop
      vertex 25.6 18.75 6.9
      vertex 25.6 16.75 8.083333334368136
      vertex 25.6 18.75 8.083333334368136
    endloop
  endfacet
  facet normal 0 0 1
    outer loop
      vertex 26.8 16.75 8.5
      vertex 25.84 18.75 8.5
      vertex 25.6 16.75 8.5
    endloop
  endfacet
  facet normal 0 0 1
    outer loop
      vertex 25.6 19.25 8.5
      vertex 25.6 16.75 8.5
      vertex 25.84 18.75 8.5
    endloop
  endfacet
  facet normal 0 0 1
    outer loop
      vertex 26.8 16.75 8.5
      vertex 26.8 18.75 8.5
      vertex 25.84 18.75 8.5
    endloop
  endfacet
  facet normal 0 -1 0
    outer loop
      vertex 1.499999998509884 2.75 8
      vertex 1.6 2.75 8.083333334368136
      vertex 1.6 2.75 8.5
    endloop
  endfacet
  facet normal 0 -1 0
    outer loop
      vertex 1.6 2.75 8.083333334368136
      vertex 2.1 2.75 8.5
      vertex 1.6 2.75 8.5
    endloop
  endfacet
  facet normal 0.6401843987261692 0 -0.7682212803793015
    outer loop
      vertex 1.6 2.75 8.083333334368136
      vertex 2.1 5.25 8.5
      vertex 2.1 2.75 8.5
    endloop
  endfacet
  facet normal 0.6401843987261692 0 -0.7682212803793015
    outer loop
      vertex 1.6 2.75 8.083333334368136
      vertex 1.6 5.25 8.083333334368136
      vertex 2.1 5.25 8.5
    endloop
  endfacet
  facet normal 0 1 0
    outer loop
      vertex 1.6 5.25 8.083333334368136
      vertex 1.6 5.25 8.5
      vertex 2.1 5.25 8.5
    endloop
  endfacet
  facet normal 0 -1 0
    outer loop
      vertex 1.6 2.75 8.5
      vertex 2.1 2.75 8.5
      vertex 1.6 2.75 8.916666665631864
    endloop
  endfacet
  facet normal 0.6401843987261692 0 0.7682212803793015
    outer loop
      vertex 2.1 2.75 8.5
      vertex 2.1 5.25 8.5
      vertex 1.6 2.75 8.916666665631864
    endloop
  endfacet
  facet normal 0.6401843987261692 0 0.7682212803793015
    outer loop
      vertex 1.6 2.75 8.916666665631864
      vertex 2.1 5.25 8.5
      vertex 1.6 5.25 8.916666665631864
    endloop
  endfacet
  facet normal 0 1 0
    outer loop
      vertex 1.6 5.25 8.5
      vertex 1.6 5.25 8.916666665631864
      vertex 2.1 5.25 8.5
    endloop
  endfacet
  facet normal -1 0 0
    outer loop
      vertex 1.6 2.75 8.5
      vertex 1.6 2.75 8.916666665631864
      vertex 1.6 5.25 8.5
    endloop
  endfacet
  facet normal -1 0 0
    outer loop
      vertex 1.6 2.75 8.916666665631864
      vertex 1.6 5.25 8.916666665631864
      vertex 1.6 5.25 8.5
    endloop
  endfacet
  facet normal -0.6401843987261692 0 -0.7682212803793015
    outer loop
      vertex 25.6 2.75 8.083333334368136
      vertex 25.1 2.75 8.5
      vertex 25.6 3.25 8.083333334368136
    endloop
  endfacet
  facet normal 0 -1 0
    outer loop
      vertex 25.6 2.75 8.083333334368136
      vertex 25.6 2.75 8.5
      vertex 25.1 2.75 8.5
    endloop
  endfacet
  facet normal -0.6401843987261692 0 -0.7682212803793015
    outer loop
      vertex 25.6 3.25 8.083333334368136
      vertex 25.1 2.75 8.5
      vertex 25.1 5.25 8.5
    endloop
  endfacet
  facet normal -0.6401843987261692 0 -0.7682212803793015
    outer loop
      vertex 25.1 5.25 8.5
      vertex 25.6 5.25 8.083333334368136
      vertex 25.6 3.25 8.083333334368136
    endloop
  endfacet
  facet normal 0 1 0
    outer loop
      vertex 25.1 5.25 8.5
      vertex 25.6 5.25 8.5
      vertex 25.6 5.25 8.083333334368136
    endloop
  endfacet
  facet normal 0 -1 0
    outer loop
      vertex 25.1 2.75 8.5
      vertex 25.6 2.75 8.5
      vertex 25.6 2.75 8.916666665631864
    endloop
  endfacet
  facet normal -0.6401843987261692 0 0.7682212803793015
    outer loop
      vertex 25.1 2.75 8.5
      vertex 25.6 2.75 8.916666665631864
      vertex 25.6 5.25 8.916666665631864
    endloop
  endfacet
  facet normal -0.6401843987261692 0 0.7682212803793015
    outer loop
      vertex 25.1 2.75 8.5
      vertex 25.6 5.25 8.916666665631864
      vertex 25.1 5.25 8.5
    endloop
  endfacet
  facet normal 0 1 0
    outer loop
      vertex 25.1 5.25 8.5
      vertex 25.6 5.25 8.916666665631864
      vertex 25.6 5.25 8.5
    endloop
  endfacet
  facet normal 1 0 0
    outer loop
      vertex 25.6 2.75 8.916666665631864
      vertex 25.6 2.75 8.5
      vertex 25.6 5.25 8.916666665631864
    endloop
  endfacet
  facet normal 1 0 0
    outer loop
      vertex 25.6 5.25 8.916666665631864
      vertex 25.6 2.75 8.5
      vertex 25.6 5.25 8.5
    endloop
  endfacet
  facet normal 0 -1 0
    outer loop
      vertex 1.6 16.75 8.083333334368136
      vertex 2.1 16.75 8.5
      vertex 1.6 16.75 8.5
    endloop
  endfacet
  facet normal 0.6401843987261692 0 -0.7682212803793015
    outer loop
      vertex 1.6 16.75 8.083333334368136
      vertex 2.1 19.25 8.5
      vertex 2.1 16.75 8.5
    endloop
  endfacet
  facet normal 0.6401843987261692 0 -0.7682212803793015
    outer loop
      vertex 1.6 16.75 8.083333334368136
      vertex 1.6 19.25 8.083333334368136
      vertex 2.1 19.25 8.5
    endloop
  endfacet
  facet normal 0 1 0
    outer loop
      vertex 1.499999998509884 19.25 8
      vertex 1.6 19.25 8.5
      vertex 1.6 19.25 8.083333334368136
    endloop
  endfacet
  facet normal 0 1 0
    outer loop
      vertex 1.6 19.25 8.083333334368136
      vertex 1.6 19.25 8.5
      vertex 2.1 19.25 8.5
    endloop
  endfacet
  facet normal 0 -1 0
    outer loop
      vertex 1.6 16.75 8.5
      vertex 2.1 16.75 8.5
      vertex 1.6 16.75 8.916666665631864
    endloop
  endfacet
  facet normal 0.6401843987261692 0 0.7682212803793015
    outer loop
      vertex 2.1 16.75 8.5
      vertex 2.1 19.25 8.5
      vertex 1.6 16.75 8.916666665631864
    endloop
  endfacet
  facet normal 0.6401843987261692 0 0.7682212803793015
    outer loop
      vertex 1.6 16.75 8.916666665631864
      vertex 2.1 19.25 8.5
      vertex 1.6 19.25 8.916666665631864
    endloop
  endfacet
  facet normal 0 1 0
    outer loop
      vertex 1.6 19.25 8.5
      vertex 1.6 19.25 8.916666665631864
      vertex 2.1 19.25 8.5
    endloop
  endfacet
  facet normal -1 0 0
    outer loop
      vertex 1.6 16.75 8.5
      vertex 1.6 16.75 8.916666665631864
      vertex 1.6 19.25 8.5
    endloop
  endfacet
  facet normal -1 0 0
    outer loop
      vertex 1.6 16.75 8.916666665631864
      vertex 1.6 19.25 8.916666665631864
      vertex 1.6 19.25 8.5
    endloop
  endfacet
  facet normal 0 -1 0
    outer loop
      vertex 25.1 16.75 8.5
      vertex 25.6 16.75 8.083333334368136
      vertex 25.6 16.75 8.5
    endloop
  endfacet
  facet normal -0.6401843987261692 0 -0.7682212803793015
    outer loop
      vertex 25.1 16.75 8.5
      vertex 25.1 19.25 8.5
      vertex 25.6 16.75 8.083333334368136
    endloop
  endfacet
  facet normal -0.6401843987261692 0 -0.7682212803793015
    outer loop
      vertex 25.1 19.25 8.5
      vertex 25.6 18.75 8.083333334368136
      vertex 25.6 16.75 8.083333334368136
    endloop
  endfacet
  facet normal -0.6401843987261692 0 -0.7682212803793015
    outer loop
      vertex 25.6 18.75 8.083333334368136
      vertex 25.1 19.25 8.5
      vertex 25.6 19.25 8.083333334368136
    endloop
  endfacet
  facet normal 0 1 0
    outer loop
      vertex 25.6 19.25 8.083333334368136
      vertex 25.1 19.25 8.5
      vertex 25.6 19.25 8.5
    endloop
  endfacet
  facet normal 0 -1 0
    outer loop
      vertex 25.1 16.75 8.5
      vertex 25.6 16.75 8.5
      vertex 25.6 16.75 8.916666665631864
    endloop
  endfacet
  facet normal -0.6401843987261692 0 0.7682212803793015
    outer loop
      vertex 25.1 16.75 8.5
      vertex 25.6 16.75 8.916666665631864
      vertex 25.6 19.25 8.916666665631864
    endloop
  endfacet
  facet normal -0.6401843987261692 0 0.7682212803793015
    outer loop
      vertex 25.1 16.75 8.5
      vertex 25.6 19.25 8.916666665631864
      vertex 25.1 19.25 8.5
    endloop
  endfacet
  facet normal 0 1 0
    outer loop
      vertex 25.1 19.25 8.5
      vertex 25.6 19.25 8.916666665631864
      vertex 25.6 19.25 8.5
    endloop
  endfacet
  facet normal 1 0 0
    outer loop
      vertex 25.6 16.75 8.916666665631864
      vertex 25.6 16.75 8.5
      vertex 25.6 19.25 8.916666665631864
    endloop
  endfacet
  facet normal 1 0 0
    outer loop
      vertex 25.6 19.25 8.916666665631864
      vertex 25.6 16.75 8.5
      vertex 25.6 19.25 8.5
    endloop
  endfacet
endsolid OpenSCAD_Model
